dataset,subject,day,rep,start,y_true,pred_none,pred_linear_probe,pred_finetune,pred_finetune_classic_gate,pred_rapid,pred_td_rf
DB3,3,test,4,26100,0,2,4,4,4,2,0
DB3,3,test,4,26200,0,1,4,4,4,4,0
DB3,3,test,4,26300,0,2,4,1,1,2,4
DB3,3,test,4,26400,0,2,4,4,4,2,4
DB3,3,test,4,26500,0,3,4,4,4,2,4
DB3,3,test,4,26600,0,3,1,1,1,2,4
DB3,3,test,4,26700,0,0,0,0,0,0,0
DB3,3,test,4,26800,0,0,0,0,0,0,0
DB3,3,test,4,26900,0,0,0,0,0,0,0
DB3,3,test,4,27000,0,0,0,0,0,0,0
DB3,3,test,4,27100,0,3,0,0,0,0,0
DB3,3,test,4,27200,0,3,4,1,1,2,0
DB3,3,test,4,27300,0,3,2,1,1,2,0
DB3,3,test,4,27400,0,2,5,1,0,2,0
DB3,3,test,4,27500,0,4,9,0,0,0,0
DB3,3,test,4,27600,0,0,0,0,0,0,0
DB3,3,test,4,27700,0,0,0,0,0,0,0
DB3,3,test,4,27800,0,0,0,0,0,0,0
DB3,3,test,4,27900,0,0,0,0,0,0,0
DB3,3,test,4,28000,0,0,0,1,0,0,0
DB3,3,test,4,28100,0,0,0,0,0,0,0
DB3,3,test,4,28200,0,0,0,0,0,0,0
DB3,3,test,4,28300,0,0,0,0,0,0,0
DB3,3,test,4,28400,0,0,0,0,0,0,0
DB3,3,test,4,28500,0,0,0,0,0,0,0
DB3,3,test,4,28600,0,0,0,0,0,0,0
DB3,3,test,4,28700,0,0,0,0,0,0,0
DB3,3,test,4,28800,0,0,0,0,0,0,0
DB3,3,test,4,28900,0,0,0,0,0,0,0
DB3,3,test,4,29000,0,0,0,0,0,0,0
DB3,3,test,4,29100,0,0,0,0,0,0,0
DB3,3,test,4,29200,0,0,0,0,0,0,0
DB3,3,test,4,29300,0,0,0,0,0,0,0
DB3,3,test,4,29400,0,0,0,0,0,0,0
DB3,3,test,4,29500,0,0,0,0,0,0,0
DB3,3,test,4,29600,0,3,0,0,0,0,0
DB3,3,test,4,29700,0,3,7,0,0,0,0
DB3,3,test,4,29800,0,0,0,0,0,0,0
DB3,3,test,4,29900,0,0,0,0,0,0,0
DB3,3,test,4,30000,0,0,0,0,0,0,0
DB3,3,test,4,30100,0,0,0,0,0,0,0
DB3,3,test,4,30200,0,0,0,0,0,0,0
DB3,3,test,4,30300,0,0,0,0,0,0,0
DB3,3,test,4,30400,0,0,0,0,0,0,0
DB3,3,test,4,30500,0,0,0,0,0,0,0
DB3,3,test,4,30600,0,0,0,0,0,0,0
DB3,3,test,4,30700,0,0,0,0,0,0,0
DB3,3,test,4,30800,0,0,0,0,0,0,0
DB3,3,test,4,30900,0,0,0,0,0,0,0
DB3,3,test,4,31000,0,0,0,0,0,0,0
DB3,3,test,4,31100,0,0,0,0,0,0,0
DB3,3,test,4,31200,0,0,0,0,0,0,0
DB3,3,test,4,31300,0,0,0,0,0,0,0
DB3,3,test,4,31400,0,0,0,0,0,0,0
DB3,3,test,4,31500,0,0,0,0,0,0,0
DB3,3,test,4,31600,0,0,0,0,0,0,0
DB3,3,test,4,31700,0,0,0,0,0,0,0
DB3,3,test,4,31800,0,0,0,0,0,0,0
DB3,3,test,4,31900,0,0,0,0,0,0,0
DB3,3,test,4,32000,0,0,0,0,0,0,0
DB3,3,test,4,32100,0,0,0,0,0,0,0
DB3,3,test,4,32200,0,0,0,0,0,0,0
DB3,3,test,4,32300,0,3,0,0,0,0,0
DB3,3,test,5,34600,0,2,5,4,4,2,0
DB3,3,test,5,34700,0,2,5,4,4,2,0
DB3,3,test,5,34800,0,2,3,4,4,2,4
DB3,3,test,5,34900,0,2,3,4,4,2,4
DB3,3,test,5,35000,0,2,5,4,4,2,0
DB3,3,test,5,35100,0,3,5,4,4,0,0
DB3,3,test,5,35200,0,3,7,0,0,0,0
DB3,3,test,5,35300,0,3,0,0,0,0,0
DB3,3,test,5,35400,0,10,4,0,0,0,0
DB3,3,test,5,35500,0,4,4,1,0,0,0
DB3,3,test,5,35600,0,0,4,0,0,0,0
DB3,3,test,5,35700,0,0,0,0,0,0,0
DB3,3,test,5,35800,0,3,0,0,0,0,0
DB3,3,test,5,35900,0,0,0,0,0,0,0
DB3,3,test,5,36000,0,0,0,0,0,0,0
DB3,3,test,5,36100,0,0,0,0,0,0,0
DB3,3,test,5,36200,0,0,0,0,0,0,0
DB3,3,test,5,36300,0,0,0,0,0,0,0
DB3,3,test,5,36400,0,0,0,0,0,0,0
DB3,3,test,5,36500,0,0,0,0,0,0,0
DB3,3,test,5,36600,0,0,0,0,0,0,0
DB3,3,test,5,36700,0,0,0,0,0,0,0
DB3,3,test,5,36800,0,0,0,0,0,0,0
DB3,3,test,5,36900,0,0,0,0,0,0,0
DB3,3,test,5,37000,0,0,0,0,0,0,0
DB3,3,test,5,37100,0,0,0,0,0,0,0
DB3,3,test,5,37200,0,0,0,0,0,0,0
DB3,3,test,5,37300,0,0,0,0,0,0,0
DB3,3,test,5,37400,0,0,0,0,0,0,0
DB3,3,test,5,37500,0,0,0,0,0,0,0
DB3,3,test,5,37600,0,0,0,0,0,0,0
DB3,3,test,5,37700,0,0,0,0,0,0,0
DB3,3,test,5,37800,0,0,0,0,0,0,0
DB3,3,test,5,37900,0,0,0,0,0,0,0
DB3,3,test,5,38000,0,0,0,0,0,0,0
DB3,3,test,5,38100,0,0,0,0,0,0,0
DB3,3,test,5,38200,0,0,0,0,0,0,0
DB3,3,test,5,38300,0,0,0,0,0,0,0
DB3,3,test,5,38400,0,0,0,0,0,0,0
DB3,3,test,5,38500,0,0,0,0,0,0,0
DB3,3,test,5,38600,0,0,0,0,0,0,0
DB3,3,test,5,38700,0,0,0,0,0,0,0
DB3,3,test,5,38800,0,0,0,0,0,0,0
DB3,3,test,5,38900,0,0,0,0,0,0,0
DB3,3,test,5,39000,0,0,0,0,0,0,0
DB3,3,test,5,39100,0,0,0,0,0,0,0
DB3,3,test,5,39200,0,0,0,0,0,0,0
DB3,3,test,5,39300,0,0,0,0,0,0,0
DB3,3,test,5,39400,0,0,0,0,0,0,0
DB3,3,test,5,39500,0,0,0,0,0,0,0
DB3,3,test,5,39600,0,0,0,0,0,0,0
DB3,3,test,5,39700,0,0,0,0,0,0,0
DB3,3,test,5,39800,0,0,0,0,0,0,0
DB3,3,test,5,39900,0,0,0,0,0,0,0
DB3,3,test,5,40000,0,3,0,0,0,0,0
DB3,3,test,5,40100,0,3,0,0,0,0,0
DB3,3,test,5,40200,0,3,0,0,0,0,0
DB3,3,test,5,40300,0,3,0,0,0,0,0
DB3,3,test,5,40400,0,3,0,0,0,0,0
DB3,3,test,5,40500,0,0,0,0,0,0,0
DB3,3,test,5,40600,0,0,0,0,0,0,0
DB3,3,test,5,40700,0,0,7,0,0,0,0
DB3,3,test,5,40800,0,0,0,0,0,0,0
DB3,3,test,5,40900,0,0,0,0,0,0,0
DB3,3,test,5,41000,0,0,0,0,0,0,0
DB3,3,test,6,43500,0,2,4,1,1,2,0
DB3,3,test,6,43600,0,1,4,4,4,4,4
DB3,3,test,6,43700,0,1,4,4,4,4,4
DB3,3,test,6,43800,0,3,3,1,1,2,0
DB3,3,test,6,43900,0,3,7,1,1,2,0
DB3,3,test,6,44000,0,3,7,1,0,0,0
DB3,3,test,6,44100,0,3,0,1,0,0,0
DB3,3,test,6,44200,0,3,0,0,0,0,0
DB3,3,test,6,44300,0,0,0,0,0,0,0
DB3,3,test,6,44400,0,0,0,0,0,0,0
DB3,3,test,6,44500,0,0,0,0,0,0,0
DB3,3,test,6,44600,0,0,0,0,0,0,0
DB3,3,test,6,44700,0,0,0,0,0,0,0
DB3,3,test,6,44800,0,0,0,0,0,0,0
DB3,3,test,6,44900,0,3,0,0,0,0,0
DB3,3,test,6,45000,0,0,0,0,0,0,0
DB3,3,test,6,45100,0,0,0,0,0,0,0
DB3,3,test,6,45200,0,0,0,0,0,0,0
DB3,3,test,6,45300,0,0,0,0,0,0,0
DB3,3,test,6,45400,0,0,0,0,0,0,0
DB3,3,test,6,45500,0,0,0,0,0,0,0
DB3,3,test,6,45600,0,0,0,0,0,0,0
DB3,3,test,6,45700,0,0,0,0,0,0,0
DB3,3,test,6,45800,0,0,0,0,0,0,0
DB3,3,test,6,45900,0,0,0,0,0,0,0
DB3,3,test,6,46000,0,0,0,0,0,0,0
DB3,3,test,6,46100,0,0,0,0,0,0,0
DB3,3,test,6,46200,0,0,0,0,0,0,0
DB3,3,test,6,46300,0,0,0,0,0,0,0
DB3,3,test,6,46400,0,0,0,0,0,0,0
DB3,3,test,6,46500,0,0,0,0,0,0,0
DB3,3,test,6,46600,0,0,0,0,0,0,0
DB3,3,test,6,46700,0,0,0,0,0,0,0
DB3,3,test,6,46800,0,0,0,0,0,0,0
DB3,3,test,6,46900,0,0,0,0,0,0,0
DB3,3,test,6,47000,0,0,0,0,0,0,0
DB3,3,test,6,47100,0,0,0,0,0,0,0
DB3,3,test,6,47200,0,0,0,0,0,0,0
DB3,3,test,6,47300,0,0,0,0,0,0,0
DB3,3,test,6,47400,0,0,0,0,0,0,0
DB3,3,test,6,47500,0,0,0,0,0,0,0
DB3,3,test,6,47600,0,0,0,0,0,0,0
DB3,3,test,6,47700,0,0,0,0,0,0,0
DB3,3,test,6,47800,0,0,0,0,0,0,0
DB3,3,test,6,47900,0,3,0,0,0,0,0
DB3,3,test,6,48000,0,3,0,0,0,0,0
DB3,3,test,6,48100,0,3,7,7,0,0,0
DB3,3,test,6,48200,0,3,7,0,0,0,0
DB3,3,test,6,48300,0,0,0,0,0,0,0
DB3,3,test,6,48400,0,0,0,0,0,0,0
DB3,3,test,6,48500,0,0,0,0,0,0,0
DB3,3,test,6,48600,0,0,0,0,0,0,0
DB3,3,test,6,48700,0,0,0,0,0,0,0
DB3,3,test,6,48800,0,3,0,0,0,0,0
DB3,3,test,6,48900,0,0,0,0,0,0,0
DB3,3,test,6,49000,0,0,0,0,0,0,0
DB3,3,test,6,49100,0,0,0,0,0,0,0
DB3,3,test,6,49200,0,3,0,0,0,0,0
DB3,3,test,6,49300,0,3,0,0,0,0,0
DB3,3,test,6,49400,0,3,0,0,0,0,0
DB3,3,test,6,49500,0,0,0,0,0,0,0
DB3,3,test,6,49600,0,0,0,0,0,0,0
DB3,3,test,6,49700,0,0,0,0,0,0,0
DB3,3,test,4,79400,0,2,7,0,0,0,0
DB3,3,test,4,79500,0,0,0,0,0,0,0
DB3,3,test,4,79600,0,0,0,0,0,0,0
DB3,3,test,4,79700,0,0,0,0,0,0,0
DB3,3,test,4,79800,0,0,0,0,0,0,0
DB3,3,test,4,79900,0,0,0,0,0,0,0
DB3,3,test,4,80000,0,0,0,0,0,0,0
DB3,3,test,4,80100,0,0,0,0,0,0,0
DB3,3,test,4,80200,0,0,0,0,0,0,0
DB3,3,test,4,80300,0,0,0,0,0,0,0
DB3,3,test,4,80400,0,0,0,0,0,0,0
DB3,3,test,4,80500,0,0,0,0,0,0,0
DB3,3,test,4,80600,0,0,0,0,0,0,0
DB3,3,test,4,80700,0,0,0,0,0,0,0
DB3,3,test,4,80800,0,0,0,0,0,0,0
DB3,3,test,4,80900,0,0,0,0,0,0,0
DB3,3,test,4,81000,0,0,0,0,0,0,0
DB3,3,test,4,81100,0,0,0,0,0,0,0
DB3,3,test,4,81200,0,0,0,0,0,0,0
DB3,3,test,4,81300,0,0,0,0,0,0,0
DB3,3,test,4,81400,0,0,0,0,0,0,0
DB3,3,test,4,81500,0,0,0,0,0,0,0
DB3,3,test,4,81600,0,0,0,0,0,0,0
DB3,3,test,4,81700,0,0,0,0,0,0,0
DB3,3,test,4,81800,0,0,0,0,0,0,0
DB3,3,test,4,81900,0,0,0,0,0,0,0
DB3,3,test,4,82000,0,0,0,0,0,0,0
DB3,3,test,4,82100,0,0,0,0,0,0,0
DB3,3,test,4,82200,0,0,0,0,0,0,0
DB3,3,test,4,82300,0,0,0,0,0,0,0
DB3,3,test,4,82400,0,0,0,0,0,0,0
DB3,3,test,4,82500,0,0,0,0,0,0,0
DB3,3,test,4,82600,0,0,0,0,0,0,0
DB3,3,test,4,82700,0,0,0,0,0,0,0
DB3,3,test,4,82800,0,0,0,0,0,0,0
DB3,3,test,4,82900,0,0,0,0,0,0,0
DB3,3,test,4,83000,0,0,0,0,0,0,0
DB3,3,test,4,83100,0,0,0,0,0,0,0
DB3,3,test,4,83200,0,0,0,0,0,0,0
DB3,3,test,4,83300,0,0,0,0,0,0,0
DB3,3,test,4,83400,0,0,0,0,0,0,0
DB3,3,test,4,83500,0,0,0,0,0,0,0
DB3,3,test,4,83600,0,0,0,0,0,0,0
DB3,3,test,4,83700,0,0,0,0,0,0,0
DB3,3,test,4,83800,0,0,0,0,0,0,0
DB3,3,test,4,83900,0,0,0,0,0,0,0
DB3,3,test,4,84000,0,0,0,0,0,0,0
DB3,3,test,4,84100,0,0,0,0,0,0,0
DB3,3,test,4,84200,0,0,0,0,0,0,0
DB3,3,test,4,84300,0,0,0,0,0,0,0
DB3,3,test,4,84400,0,0,0,0,0,0,0
DB3,3,test,4,84500,0,0,0,0,0,0,0
DB3,3,test,4,84600,0,0,0,0,0,0,0
DB3,3,test,4,84700,0,0,0,0,0,0,0
DB3,3,test,4,84800,0,0,0,0,0,0,0
DB3,3,test,4,84900,0,0,0,0,0,0,0
DB3,3,test,4,85000,0,0,0,0,0,0,0
DB3,3,test,4,85100,0,0,0,0,0,0,0
DB3,3,test,4,85200,0,10,0,0,0,0,0
DB3,3,test,4,85300,0,5,10,0,0,0,0
DB3,3,test,5,87900,0,3,0,0,0,0,0
DB3,3,test,5,88000,0,0,0,0,0,0,0
DB3,3,test,5,88100,0,0,0,0,0,0,0
DB3,3,test,5,88200,0,0,0,0,0,0,0
DB3,3,test,5,88300,0,0,0,0,0,0,0
DB3,3,test,5,88400,0,0,0,0,0,0,0
DB3,3,test,5,88500,0,0,0,0,0,0,0
DB3,3,test,5,88600,0,0,0,0,0,0,0
DB3,3,test,5,88700,0,0,0,0,0,0,0
DB3,3,test,5,88800,0,0,0,0,0,0,0
DB3,3,test,5,88900,0,0,0,0,0,0,0
DB3,3,test,5,89000,0,0,0,0,0,0,0
DB3,3,test,5,89100,0,0,0,0,0,0,0
DB3,3,test,5,89200,0,0,0,0,0,0,0
DB3,3,test,5,89300,0,0,0,0,0,0,0
DB3,3,test,5,89400,0,0,0,0,0,0,0
DB3,3,test,5,89500,0,0,0,0,0,0,0
DB3,3,test,5,89600,0,0,0,0,0,0,0
DB3,3,test,5,89700,0,0,0,0,0,0,0
DB3,3,test,5,89800,0,0,0,0,0,0,0
DB3,3,test,5,89900,0,0,0,0,0,0,0
DB3,3,test,5,90000,0,0,0,0,0,0,0
DB3,3,test,5,90100,0,0,0,0,0,0,0
DB3,3,test,5,90200,0,0,0,0,0,0,0
DB3,3,test,5,90300,0,0,0,0,0,0,0
DB3,3,test,5,90400,0,0,0,0,0,0,0
DB3,3,test,5,90500,0,0,0,0,0,0,0
DB3,3,test,5,90600,0,0,0,0,0,0,0
DB3,3,test,5,90700,0,0,0,0,0,0,0
DB3,3,test,5,90800,0,0,0,0,0,0,0
DB3,3,test,5,90900,0,0,0,0,0,0,0
DB3,3,test,5,91000,0,0,0,0,0,0,0
DB3,3,test,5,91100,0,0,0,0,0,0,0
DB3,3,test,5,91200,0,0,0,0,0,0,0
DB3,3,test,5,91300,0,0,0,0,0,0,0
DB3,3,test,5,91400,0,0,0,0,0,0,0
DB3,3,test,5,91500,0,0,0,0,0,0,0
DB3,3,test,5,91600,0,0,0,0,0,0,0
DB3,3,test,5,91700,0,0,0,0,0,0,0
DB3,3,test,5,91800,0,0,0,0,0,0,0
DB3,3,test,5,91900,0,0,0,0,0,0,0
DB3,3,test,5,92000,0,0,0,0,0,0,0
DB3,3,test,5,92100,0,0,0,0,0,0,0
DB3,3,test,5,92200,0,0,0,0,0,0,0
DB3,3,test,5,92300,0,0,0,0,0,0,0
DB3,3,test,5,92400,0,0,0,0,0,0,0
DB3,3,test,5,92500,0,0,0,0,0,0,0
DB3,3,test,5,92600,0,0,0,0,0,0,0
DB3,3,test,5,92700,0,0,0,0,0,0,0
DB3,3,test,5,92800,0,0,0,0,0,0,0
DB3,3,test,5,92900,0,0,0,0,0,0,0
DB3,3,test,5,93000,0,0,0,0,0,0,0
DB3,3,test,5,93100,0,0,0,0,0,0,0
DB3,3,test,5,93200,0,0,0,0,0,0,0
DB3,3,test,5,93300,0,0,0,0,0,0,0
DB3,3,test,5,93400,0,0,0,0,0,0,0
DB3,3,test,5,93500,0,0,0,0,0,0,0
DB3,3,test,5,93600,0,0,0,0,0,0,0
DB3,3,test,5,93700,0,0,0,0,0,0,0
DB3,3,test,5,93800,0,0,0,0,0,0,0
DB3,3,test,5,93900,0,0,0,0,0,0,0
DB3,3,test,5,94000,0,0,0,0,0,0,0
DB3,3,test,6,96600,0,3,7,4,0,2,0
DB3,3,test,6,96700,0,3,0,0,0,0,0
DB3,3,test,6,96800,0,3,0,0,0,0,0
DB3,3,test,6,96900,0,0,0,0,0,0,0
DB3,3,test,6,97000,0,0,0,0,0,0,0
DB3,3,test,6,97100,0,0,0,0,0,0,0
DB3,3,test,6,97200,0,0,0,0,0,0,0
DB3,3,test,6,97300,0,0,0,0,0,0,0
DB3,3,test,6,97400,0,0,0,0,0,0,0
DB3,3,test,6,97500,0,0,0,0,0,0,0
DB3,3,test,6,97600,0,0,0,0,0,0,0
DB3,3,test,6,97700,0,0,0,0,0,0,0
DB3,3,test,6,97800,0,0,0,0,0,0,0
DB3,3,test,6,97900,0,0,0,0,0,0,0
DB3,3,test,6,98000,0,0,0,0,0,0,0
DB3,3,test,6,98100,0,0,0,0,0,0,0
DB3,3,test,6,98200,0,0,0,0,0,0,0
DB3,3,test,6,98300,0,0,0,0,0,0,0
DB3,3,test,6,98400,0,0,0,0,0,0,0
DB3,3,test,6,98500,0,0,0,0,0,0,0
DB3,3,test,6,98600,0,0,0,0,0,0,0
DB3,3,test,6,98700,0,0,0,0,0,0,0
DB3,3,test,6,98800,0,0,0,0,0,0,0
DB3,3,test,6,98900,0,0,0,0,0,0,0
DB3,3,test,6,99000,0,0,0,0,0,0,0
DB3,3,test,6,99100,0,0,0,0,0,0,0
DB3,3,test,6,99200,0,0,0,0,0,0,0
DB3,3,test,6,99300,0,0,0,0,0,0,0
DB3,3,test,6,99400,0,0,0,0,0,0,0
DB3,3,test,6,99500,0,0,0,0,0,0,0
DB3,3,test,6,99600,0,0,0,0,0,0,0
DB3,3,test,6,99700,0,0,0,0,0,0,0
DB3,3,test,6,99800,0,0,0,0,0,0,0
DB3,3,test,6,99900,0,0,0,0,0,0,0
DB3,3,test,6,100000,0,3,0,0,0,0,0
DB3,3,test,6,100100,0,3,0,0,0,0,0
DB3,3,test,6,100200,0,0,0,0,0,0,0
DB3,3,test,6,100300,0,0,0,0,0,0,0
DB3,3,test,6,100400,0,0,0,0,0,0,0
DB3,3,test,6,100500,0,0,0,0,0,0,0
DB3,3,test,6,100600,0,0,0,0,0,0,0
DB3,3,test,6,100700,0,3,0,0,0,0,0
DB3,3,test,6,100800,0,0,0,0,0,0,0
DB3,3,test,6,100900,0,0,0,0,0,0,0
DB3,3,test,6,101000,0,0,0,0,0,0,0
DB3,3,test,6,101100,0,0,0,0,0,0,0
DB3,3,test,6,101200,0,0,0,0,0,0,0
DB3,3,test,6,101300,0,0,0,0,0,0,0
DB3,3,test,6,101400,0,0,0,0,0,0,0
DB3,3,test,6,101500,0,3,0,0,0,0,0
DB3,3,test,6,101600,0,3,0,0,0,0,0
DB3,3,test,6,101700,0,0,0,0,0,0,0
DB3,3,test,6,101800,0,0,0,0,0,0,0
DB3,3,test,6,101900,0,0,0,0,0,0,0
DB3,3,test,6,102000,0,0,0,0,0,0,0
DB3,3,test,6,102100,0,0,0,0,0,0,0
DB3,3,test,6,102200,0,0,0,0,0,0,0
DB3,3,test,6,102300,0,0,0,0,0,0,0
DB3,3,test,6,102400,0,10,7,10,0,0,0
DB3,3,test,6,102500,0,9,7,10,0,0,0
DB3,3,test,6,102600,0,5,0,0,0,0,0
DB3,3,test,6,102700,0,5,10,10,0,0,0
DB3,3,test,6,102800,0,10,0,0,0,0,0
DB3,3,test,4,132200,0,0,11,4,0,0,0
DB3,3,test,4,132300,0,0,0,7,0,0,0
DB3,3,test,4,132400,0,0,0,0,0,0,0
DB3,3,test,4,132500,0,0,0,0,0,0,0
DB3,3,test,4,132600,0,0,0,0,0,0,0
DB3,3,test,4,132700,0,0,0,0,0,0,0
DB3,3,test,4,132800,0,0,0,0,0,0,0
DB3,3,test,4,132900,0,0,0,0,0,0,0
DB3,3,test,4,133000,0,0,0,0,0,0,0
DB3,3,test,4,133100,0,0,0,0,0,0,0
DB3,3,test,4,133200,0,0,0,0,0,0,0
DB3,3,test,4,133300,0,11,0,0,0,0,0
DB3,3,test,4,133400,0,0,0,0,0,0,0
DB3,3,test,4,133500,0,0,0,0,0,0,0
DB3,3,test,4,133600,0,0,0,0,0,0,0
DB3,3,test,4,133700,0,0,0,0,0,0,0
DB3,3,test,4,133800,0,0,0,0,0,0,0
DB3,3,test,4,133900,0,0,0,0,0,0,0
DB3,3,test,4,134000,0,0,0,0,0,0,0
DB3,3,test,4,134100,0,0,0,0,0,0,0
DB3,3,test,4,134200,0,0,0,0,0,0,0
DB3,3,test,4,134300,0,0,0,0,0,0,0
DB3,3,test,4,134400,0,0,0,0,0,0,0
DB3,3,test,4,134500,0,0,0,0,0,0,0
DB3,3,test,4,134600,0,0,0,0,0,0,0
DB3,3,test,4,134700,0,0,0,0,0,0,0
DB3,3,test,4,134800,0,0,0,0,0,0,0
DB3,3,test,4,134900,0,0,0,0,0,0,0
DB3,3,test,4,135000,0,0,0,0,0,0,0
DB3,3,test,4,135100,0,0,0,0,0,0,0
DB3,3,test,4,135200,0,0,0,0,0,0,0
DB3,3,test,4,135300,0,0,0,0,0,0,0
DB3,3,test,4,135400,0,0,0,0,0,0,0
DB3,3,test,4,135500,0,0,0,0,0,0,0
DB3,3,test,4,135600,0,0,0,0,0,0,0
DB3,3,test,4,135700,0,0,0,0,0,0,0
DB3,3,test,4,135800,0,0,0,0,0,0,0
DB3,3,test,4,135900,0,0,0,0,0,0,0
DB3,3,test,4,136000,0,0,0,0,0,0,0
DB3,3,test,4,136100,0,0,0,0,0,0,0
DB3,3,test,4,136200,0,0,0,0,0,0,0
DB3,3,test,4,136300,0,0,0,0,0,0,0
DB3,3,test,4,136400,0,0,0,0,0,0,0
DB3,3,test,4,136500,0,0,0,0,0,0,0
DB3,3,test,4,136600,0,0,0,0,0,0,0
DB3,3,test,4,136700,0,0,0,0,0,0,0
DB3,3,test,4,136800,0,0,0,0,0,0,0
DB3,3,test,4,136900,0,0,0,0,0,0,0
DB3,3,test,4,137000,0,0,0,0,0,0,0
DB3,3,test,4,137100,0,0,0,0,0,0,0
DB3,3,test,4,137200,0,0,0,0,0,0,0
DB3,3,test,5,140300,0,4,1,1,1,7,0
DB3,3,test,5,140400,0,3,7,7,7,0,0
DB3,3,test,5,140500,0,3,7,7,7,0,0
DB3,3,test,5,140600,0,3,2,1,1,2,0
DB3,3,test,5,140700,0,3,7,7,0,7,0
DB3,3,test,5,140800,0,3,7,7,0,0,0
DB3,3,test,5,140900,0,0,1,7,0,0,0
DB3,3,test,5,141000,0,0,1,7,0,0,0
DB3,3,test,5,141100,0,3,7,7,0,0,0
DB3,3,test,5,141200,0,3,7,7,0,0,0
DB3,3,test,5,141300,0,0,0,0,0,0,0
DB3,3,test,5,141400,0,0,0,0,0,0,0
DB3,3,test,5,141500,0,0,0,0,0,0,0
DB3,3,test,5,141600,0,0,0,0,0,0,0
DB3,3,test,5,141700,0,0,0,0,0,0,0
DB3,3,test,5,141800,0,0,0,0,0,0,0
DB3,3,test,5,141900,0,10,1,0,0,0,0
DB3,3,test,5,142000,0,10,1,0,0,0,0
DB3,3,test,5,142100,0,11,0,0,0,0,0
DB3,3,test,5,142200,0,0,0,0,0,0,0
DB3,3,test,5,142300,0,0,0,0,0,0,0
DB3,3,test,5,142400,0,0,0,0,0,0,0
DB3,3,test,5,142500,0,0,0,0,0,0,0
DB3,3,test,5,142600,0,0,0,0,0,0,0
DB3,3,test,5,142700,0,0,0,0,0,0,0
DB3,3,test,5,142800,0,0,0,0,0,0,0
DB3,3,test,5,142900,0,10,0,0,0,0,0
DB3,3,test,5,143000,0,10,0,0,0,0,0
DB3,3,test,5,143100,0,0,0,0,0,0,0
DB3,3,test,5,143200,0,0,0,0,0,0,0
DB3,3,test,5,143300,0,0,0,0,0,0,0
DB3,3,test,5,143400,0,0,0,0,0,0,0
DB3,3,test,5,143500,0,0,0,0,0,0,0
DB3,3,test,5,143600,0,0,0,0,0,0,0
DB3,3,test,5,143700,0,0,0,0,0,0,0
DB3,3,test,5,143800,0,0,0,0,0,0,0
DB3,3,test,5,143900,0,0,0,0,0,0,0
DB3,3,test,5,144000,0,0,0,0,0,0,0
DB3,3,test,5,144100,0,0,0,0,0,0,0
DB3,3,test,5,144200,0,0,0,0,0,0,0
DB3,3,test,5,144300,0,0,0,0,0,0,0
DB3,3,test,5,144400,0,0,0,0,0,0,0
DB3,3,test,5,144500,0,0,0,0,0,0,0
DB3,3,test,5,144600,0,0,0,0,0,0,0
DB3,3,test,5,144700,0,0,0,0,0,0,0
DB3,3,test,5,144800,0,0,0,0,0,0,0
DB3,3,test,5,144900,0,0,0,0,0,0,0
DB3,3,test,5,145000,0,0,0,0,0,0,0
DB3,3,test,5,145100,0,0,0,0,0,0,0
DB3,3,test,5,145200,0,0,0,0,0,0,0
DB3,3,test,5,145300,0,0,0,0,0,0,0
DB3,3,test,5,145400,0,0,0,0,0,0,0
DB3,3,test,5,145500,0,0,0,0,0,0,0
DB3,3,test,5,145600,0,0,0,0,0,0,0
DB3,3,test,5,145700,0,0,0,0,0,0,0
DB3,3,test,5,145800,0,0,0,0,0,0,0
DB3,3,test,5,145900,0,0,0,0,0,0,0
DB3,3,test,5,146000,0,0,0,0,0,0,0
DB3,3,test,5,146100,0,0,0,0,0,0,0
DB3,3,test,6,149200,0,10,7,7,0,0,0
DB3,3,test,6,149300,0,3,7,7,0,7,0
DB3,3,test,6,149400,0,3,7,7,7,7,0
DB3,3,test,6,149500,0,3,7,7,7,0,7
DB3,3,test,6,149600,0,3,7,7,7,2,0
DB3,3,test,6,149700,0,11,11,1,1,11,0
DB3,3,test,6,149800,0,11,11,1,0,11,0
DB3,3,test,6,149900,0,4,7,0,0,0,0
DB3,3,test,6,150000,0,0,7,0,0,0,0
DB3,3,test,6,150100,0,0,0,0,0,0,0
DB3,3,test,6,150200,0,0,0,0,0,0,0
DB3,3,test,6,150300,0,0,0,0,0,0,0
DB3,3,test,6,150400,0,0,0,0,0,0,0
DB3,3,test,6,150500,0,0,0,0,0,0,0
DB3,3,test,6,150600,0,0,0,0,0,0,0
DB3,3,test,6,150700,0,0,0,0,0,0,0
DB3,3,test,6,150800,0,0,0,0,0,0,0
DB3,3,test,6,150900,0,0,0,0,0,0,0
DB3,3,test,6,151000,0,0,0,0,0,0,0
DB3,3,test,6,151100,0,0,0,0,0,0,0
DB3,3,test,6,151200,0,0,0,0,0,0,0
DB3,3,test,6,151300,0,11,0,0,0,0,0
DB3,3,test,6,151400,0,0,0,0,0,0,0
DB3,3,test,6,151500,0,0,0,0,0,0,0
DB3,3,test,6,151600,0,0,0,0,0,0,0
DB3,3,test,6,151700,0,0,0,0,0,0,0
DB3,3,test,6,151800,0,0,0,0,0,0,0
DB3,3,test,6,151900,0,0,0,0,0,0,0
DB3,3,test,6,152000,0,0,0,0,0,0,0
DB3,3,test,6,152100,0,0,0,0,0,0,0
DB3,3,test,6,152200,0,0,0,0,0,0,0
DB3,3,test,6,152300,0,0,0,0,0,0,0
DB3,3,test,6,152400,0,0,0,0,0,0,0
DB3,3,test,6,152500,0,0,0,0,0,0,0
DB3,3,test,6,152600,0,0,0,0,0,0,0
DB3,3,test,6,152700,0,0,0,0,0,0,0
DB3,3,test,6,152800,0,0,0,0,0,0,0
DB3,3,test,6,152900,0,0,0,0,0,0,0
DB3,3,test,6,153000,0,0,0,0,0,0,0
DB3,3,test,6,153100,0,0,0,0,0,0,0
DB3,3,test,6,153200,0,0,0,0,0,0,0
DB3,3,test,6,153300,0,0,0,0,0,0,0
DB3,3,test,6,153400,0,0,0,0,0,0,0
DB3,3,test,6,153500,0,0,0,0,0,0,0
DB3,3,test,6,153600,0,0,0,0,0,0,0
DB3,3,test,6,153700,0,0,0,0,0,0,0
DB3,3,test,6,153800,0,0,0,0,0,0,0
DB3,3,test,6,153900,0,0,0,0,0,0,0
DB3,3,test,6,154000,0,0,0,0,0,0,0
DB3,3,test,6,154100,0,0,0,0,0,0,0
DB3,3,test,6,154200,0,0,0,0,0,0,0
DB3,3,test,6,154300,0,0,0,0,0,0,0
DB3,3,test,6,154400,0,0,0,0,0,0,0
DB3,3,test,6,154500,0,0,0,0,0,0,0
DB3,3,test,6,154600,0,0,0,0,0,0,0
DB3,3,test,6,154700,0,0,0,0,0,0,0
DB3,3,test,6,154800,0,0,0,0,0,0,0
DB3,3,test,4,185800,0,0,7,7,0,0,0
DB3,3,test,4,185900,0,0,7,0,0,0,0
DB3,3,test,4,186000,0,0,0,0,0,0,0
DB3,3,test,4,186100,0,0,7,0,0,0,0
DB3,3,test,4,186200,0,0,0,0,0,0,0
DB3,3,test,4,186300,0,3,7,1,0,0,0
DB3,3,test,4,186400,0,3,7,1,0,0,0
DB3,3,test,4,186500,0,0,0,0,0,0,0
DB3,3,test,4,186600,0,0,0,0,0,0,0
DB3,3,test,4,186700,0,0,0,0,0,0,0
DB3,3,test,4,186800,0,0,0,0,0,0,0
DB3,3,test,4,186900,0,0,0,0,0,0,0
DB3,3,test,4,187000,0,0,0,0,0,0,0
DB3,3,test,4,187100,0,0,0,0,0,0,0
DB3,3,test,4,187200,0,0,0,0,0,0,0
DB3,3,test,4,187300,0,0,0,0,0,0,0
DB3,3,test,4,187400,0,0,0,0,0,0,0
DB3,3,test,4,187500,0,0,0,0,0,0,0
DB3,3,test,4,187600,0,0,0,0,0,0,0
DB3,3,test,4,187700,0,0,0,0,0,0,0
DB3,3,test,4,187800,0,0,0,0,0,0,0
DB3,3,test,4,187900,0,0,0,0,0,0,0
DB3,3,test,4,188000,0,0,0,0,0,0,0
DB3,3,test,4,188100,0,0,0,0,0,0,0
DB3,3,test,4,188200,0,0,0,0,0,0,0
DB3,3,test,4,188300,0,0,0,0,0,0,0
DB3,3,test,4,188400,0,0,0,0,0,0,0
DB3,3,test,4,188500,0,0,0,0,0,0,0
DB3,3,test,4,188600,0,0,0,0,0,0,0
DB3,3,test,4,188700,0,0,0,0,0,0,0
DB3,3,test,4,188800,0,0,0,0,0,0,0
DB3,3,test,4,188900,0,0,0,0,0,0,0
DB3,3,test,4,189000,0,0,0,0,0,0,0
DB3,3,test,4,189100,0,0,0,0,0,0,0
DB3,3,test,4,189200,0,0,0,0,0,0,0
DB3,3,test,4,189300,0,0,0,0,0,0,0
DB3,3,test,4,189400,0,0,0,0,0,0,0
DB3,3,test,4,189500,0,0,0,0,0,0,0
DB3,3,test,4,189600,0,0,0,0,0,0,0
DB3,3,test,4,189700,0,0,0,0,0,0,0
DB3,3,test,4,189800,0,0,0,0,0,0,0
DB3,3,test,4,189900,0,5,0,0,0,0,0
DB3,3,test,5,194400,0,0,0,0,0,0,0
DB3,3,test,5,194500,0,0,0,0,0,0,0
DB3,3,test,5,194600,0,0,0,0,0,0,0
DB3,3,test,5,194700,0,0,0,0,0,0,0
DB3,3,test,5,194800,0,0,0,0,0,0,0
DB3,3,test,5,194900,0,0,0,0,0,0,0
DB3,3,test,5,195000,0,0,0,0,0,0,0
DB3,3,test,5,195100,0,0,0,0,0,0,0
DB3,3,test,5,195200,0,0,0,0,0,0,0
DB3,3,test,5,195300,0,0,0,0,0,0,0
DB3,3,test,5,195400,0,0,0,0,0,0,0
DB3,3,test,5,195500,0,0,0,0,0,0,0
DB3,3,test,5,195600,0,0,0,0,0,0,0
DB3,3,test,5,195700,0,0,0,0,0,0,0
DB3,3,test,5,195800,0,0,0,0,0,0,0
DB3,3,test,5,195900,0,0,0,0,0,0,0
DB3,3,test,5,196000,0,0,0,0,0,0,0
DB3,3,test,5,196100,0,0,0,0,0,0,0
DB3,3,test,5,196200,0,0,0,0,0,0,0
DB3,3,test,5,196300,0,0,0,0,0,0,0
DB3,3,test,5,196400,0,0,0,0,0,0,0
DB3,3,test,5,196500,0,0,0,0,0,0,0
DB3,3,test,5,196600,0,0,0,0,0,0,0
DB3,3,test,5,196700,0,0,0,0,0,0,0
DB3,3,test,5,196800,0,0,0,0,0,0,0
DB3,3,test,5,196900,0,0,0,0,0,0,0
DB3,3,test,5,197000,0,0,0,0,0,0,0
DB3,3,test,5,197100,0,0,0,0,0,0,0
DB3,3,test,5,197200,0,0,0,0,0,0,0
DB3,3,test,5,197300,0,0,0,0,0,0,0
DB3,3,test,5,197400,0,0,0,0,0,0,0
DB3,3,test,5,197500,0,0,0,0,0,0,0
DB3,3,test,5,197600,0,0,0,0,0,0,0
DB3,3,test,5,197700,0,0,0,0,0,0,0
DB3,3,test,5,197800,0,0,0,0,0,0,0
DB3,3,test,5,197900,0,0,0,0,0,0,0
DB3,3,test,5,198000,0,0,0,0,0,0,0
DB3,3,test,5,198100,0,0,0,0,0,0,0
DB3,3,test,5,198200,0,0,0,0,0,0,0
DB3,3,test,5,198300,0,0,0,0,0,0,0
DB3,3,test,5,198400,0,0,0,0,0,0,0
DB3,3,test,5,198500,0,0,0,0,0,0,0
DB3,3,test,5,198600,0,0,0,0,0,0,0
DB3,3,test,5,198700,0,0,0,0,0,0,0
DB3,3,test,5,198800,0,0,0,0,0,0,0
DB3,3,test,5,198900,0,0,0,0,0,0,0
DB3,3,test,5,199000,0,0,0,0,0,0,0
DB3,3,test,5,199100,0,10,11,0,0,0,0
DB3,3,test,6,202200,0,3,7,0,0,0,0
DB3,3,test,6,202300,0,0,0,0,0,0,0
DB3,3,test,6,202400,0,0,0,0,0,0,0
DB3,3,test,6,202500,0,0,0,0,0,0,0
DB3,3,test,6,202600,0,0,0,0,0,0,0
DB3,3,test,6,202700,0,0,0,0,0,0,0
DB3,3,test,6,202800,0,0,0,0,0,0,0
DB3,3,test,6,202900,0,0,0,0,0,0,0
DB3,3,test,6,203000,0,0,0,0,0,0,0
DB3,3,test,6,203100,0,0,0,0,0,0,0
DB3,3,test,6,203200,0,0,0,0,0,0,0
DB3,3,test,6,203300,0,0,0,0,0,0,0
DB3,3,test,6,203400,0,0,0,0,0,0,0
DB3,3,test,6,203500,0,0,0,0,0,0,0
DB3,3,test,6,203600,0,0,0,0,0,0,0
DB3,3,test,6,203700,0,0,0,0,0,0,0
DB3,3,test,6,203800,0,0,0,0,0,0,0
DB3,3,test,6,203900,0,0,0,0,0,0,0
DB3,3,test,6,204000,0,0,0,0,0,0,0
DB3,3,test,6,204100,0,0,0,0,0,0,0
DB3,3,test,6,204200,0,0,0,0,0,0,0
DB3,3,test,6,204300,0,0,0,0,0,0,0
DB3,3,test,6,204400,0,0,0,0,0,0,0
DB3,3,test,6,204500,0,0,0,0,0,0,0
DB3,3,test,6,204600,0,0,0,0,0,0,0
DB3,3,test,6,204700,0,0,0,0,0,0,0
DB3,3,test,6,204800,0,0,0,0,0,0,0
DB3,3,test,6,204900,0,0,0,0,0,0,0
DB3,3,test,6,205000,0,0,0,0,0,0,0
DB3,3,test,6,205100,0,0,0,0,0,0,0
DB3,3,test,6,205200,0,0,0,0,0,0,0
DB3,3,test,6,205300,0,0,0,0,0,0,0
DB3,3,test,6,205400,0,0,0,0,0,0,0
DB3,3,test,6,205500,0,0,0,0,0,0,0
DB3,3,test,6,205600,0,0,0,0,0,0,0
DB3,3,test,6,205700,0,0,0,0,0,0,0
DB3,3,test,6,205800,0,0,0,0,0,0,0
DB3,3,test,6,205900,0,0,0,0,0,0,0
DB3,3,test,6,206000,0,0,0,0,0,0,0
DB3,3,test,6,206100,0,0,0,0,0,0,0
DB3,3,test,6,206200,0,0,0,0,0,0,0
DB3,3,test,6,206300,0,0,0,0,0,0,0
DB3,3,test,6,206400,0,0,0,0,0,0,0
DB3,3,test,6,206500,0,0,0,0,0,0,0
DB3,3,test,6,206600,0,0,0,0,0,0,0
DB3,3,test,6,206700,0,0,0,0,0,0,0
DB3,3,test,6,206800,0,0,0,0,0,0,0
DB3,3,test,6,206900,0,0,0,0,0,0,0
DB3,3,test,6,207000,0,0,0,0,0,0,0
DB3,3,test,6,207100,0,0,0,0,0,0,0
DB3,3,test,6,207200,0,0,0,0,0,0,0
DB3,3,test,6,207300,0,0,0,0,0,0,0
DB3,3,test,6,207400,0,0,0,0,0,0,0
DB3,3,test,6,207500,0,0,0,0,0,0,0
DB3,3,test,6,207600,0,0,0,0,0,0,0
DB3,3,test,6,207700,0,0,0,0,0,0,0
DB3,3,test,6,207800,0,0,0,0,0,0,0
DB3,3,test,6,207900,0,0,0,0,0,0,0
DB3,3,test,6,208000,0,0,0,0,0,0,0
DB3,3,test,6,208100,0,0,0,0,0,0,0
DB3,3,test,6,208200,0,0,0,0,0,0,0
DB3,3,test,6,208300,0,0,0,0,0,0,0
DB3,3,test,6,208400,0,0,0,0,0,0,0
DB3,3,test,6,208500,0,10,0,0,0,0,0
DB3,3,test,6,208600,0,10,0,0,0,0,0
DB3,3,test,6,208700,0,0,0,0,0,0,0
DB3,3,test,4,237700,0,10,7,1,0,0,0
DB3,3,test,4,237800,0,10,0,4,0,0,0
DB3,3,test,4,237900,0,10,0,0,0,0,0
DB3,3,test,4,238000,0,10,0,0,0,0,0
DB3,3,test,4,238100,0,10,0,0,0,0,0
DB3,3,test,4,238200,0,0,0,0,0,0,0
DB3,3,test,4,238300,0,0,4,0,0,0,0
DB3,3,test,4,238400,0,0,0,0,0,0,0
DB3,3,test,4,238500,0,0,0,0,0,0,0
DB3,3,test,4,238600,0,0,0,0,0,0,0
DB3,3,test,4,238700,0,0,0,0,0,0,0
DB3,3,test,4,238800,0,0,0,0,0,0,0
DB3,3,test,4,238900,0,0,0,0,0,0,0
DB3,3,test,4,239000,0,0,0,0,0,0,0
DB3,3,test,4,239100,0,0,0,0,0,0,0
DB3,3,test,4,239200,0,0,0,0,0,0,0
DB3,3,test,4,239300,0,0,0,0,0,0,0
DB3,3,test,4,239400,0,0,0,0,0,0,0
DB3,3,test,4,239500,0,0,0,0,0,0,0
DB3,3,test,4,239600,0,0,0,0,0,0,0
DB3,3,test,4,239700,0,0,0,0,0,0,0
DB3,3,test,4,239800,0,0,0,0,0,0,0
DB3,3,test,4,239900,0,0,0,0,0,0,0
DB3,3,test,4,240000,0,0,0,0,0,0,0
DB3,3,test,4,240100,0,0,0,0,0,0,0
DB3,3,test,4,240200,0,0,0,0,0,0,0
DB3,3,test,4,240300,0,0,0,0,0,0,0
DB3,3,test,4,240400,0,0,0,0,0,0,0
DB3,3,test,4,240500,0,0,0,0,0,0,0
DB3,3,test,4,240600,0,0,0,0,0,0,0
DB3,3,test,4,240700,0,0,0,0,0,0,0
DB3,3,test,4,240800,0,0,0,0,0,0,0
DB3,3,test,4,240900,0,0,0,0,0,0,0
DB3,3,test,4,241000,0,0,0,0,0,0,0
DB3,3,test,4,241100,0,0,0,0,0,0,0
DB3,3,test,4,241200,0,0,0,0,0,0,0
DB3,3,test,4,241300,0,0,0,0,0,0,0
DB3,3,test,4,241400,0,0,0,0,0,0,0
DB3,3,test,4,241500,0,0,0,0,0,0,0
DB3,3,test,4,241600,0,0,0,0,0,0,0
DB3,3,test,4,241700,0,0,0,0,0,0,0
DB3,3,test,4,241800,0,0,0,0,0,0,0
DB3,3,test,4,241900,0,0,0,0,0,0,0
DB3,3,test,4,242000,0,0,0,0,0,0,0
DB3,3,test,4,242100,0,0,0,0,0,0,0
DB3,3,test,4,242200,0,0,0,0,0,0,0
DB3,3,test,4,242300,0,0,0,0,0,0,0
DB3,3,test,4,242400,0,0,0,0,0,0,0
DB3,3,test,4,242500,0,0,0,0,0,0,0
DB3,3,test,4,242600,0,0,0,0,0,0,0
DB3,3,test,4,242700,0,0,0,0,0,0,0
DB3,3,test,4,242800,0,0,0,0,0,0,0
DB3,3,test,4,243100,1,9,5,1,1,5,1
DB3,3,test,4,243200,1,8,1,1,1,1,1
DB3,3,test,4,243300,1,9,7,6,6,7,1
DB3,3,test,4,243400,1,9,7,1,1,7,1
DB3,3,test,4,243500,1,9,6,1,1,1,1
DB3,3,test,4,243600,1,5,4,1,1,3,1
DB3,3,test,4,243700,1,9,6,1,1,6,1
DB3,3,test,4,243800,1,8,1,1,1,1,1
DB3,3,test,4,243900,1,9,1,1,1,1,1
DB3,3,test,4,244000,1,8,1,1,1,1,1
DB3,3,test,4,244100,1,8,1,1,1,1,1
DB3,3,test,4,244200,1,8,1,6,6,1,1
DB3,3,test,4,244300,1,9,1,1,1,1,1
DB3,3,test,4,244400,1,8,1,1,1,1,1
DB3,3,test,4,244500,1,8,1,1,1,1,1
DB3,3,test,4,244600,1,8,7,1,1,1,1
DB3,3,test,4,244700,1,8,7,1,1,1,1
DB3,3,test,4,244800,1,9,3,1,1,1,1
DB3,3,test,4,244900,1,8,3,1,1,1,1
DB3,3,test,4,245000,1,8,7,1,1,1,1
DB3,3,test,4,245100,1,9,7,1,1,7,1
DB3,3,test,4,245200,1,8,1,1,1,1,1
DB3,3,test,4,245300,1,8,1,1,1,1,1
DB3,3,test,4,245400,1,8,1,3,3,3,1
DB3,3,test,4,245500,1,8,6,3,3,4,7
DB3,3,test,4,245600,1,5,4,4,4,4,0
DB3,3,test,4,245700,1,1,4,1,1,2,3
DB3,3,test,4,245800,1,2,2,1,1,2,3
DB3,3,test,4,245900,1,2,3,1,1,2,5
DB3,3,test,4,246000,1,9,2,1,1,2,5
DB3,3,test,4,246100,1,2,2,1,1,2,7
DB3,3,test,4,246200,1,2,2,2,2,2,5
DB3,3,test,4,246300,1,4,11,2,2,9,5
DB3,3,test,4,246400,1,11,11,2,2,11,1
DB3,3,test,5,246700,0,10,0,0,0,0,0
DB3,3,test,5,246800,0,9,10,10,0,0,0
DB3,3,test,5,246900,0,11,0,0,0,0,0
DB3,3,test,5,247000,0,0,0,0,0,0,0
DB3,3,test,5,247100,0,0,0,0,0,0,0
DB3,3,test,5,247200,0,0,0,0,0,0,0
DB3,3,test,5,247300,0,0,0,0,0,0,0
DB3,3,test,5,247400,0,0,0,0,0,0,0
DB3,3,test,5,247500,0,0,0,0,0,0,0
DB3,3,test,5,247600,0,0,0,0,0,0,0
DB3,3,test,5,247700,0,0,0,0,0,0,0
DB3,3,test,5,247800,0,0,0,0,0,0,0
DB3,3,test,5,247900,0,0,0,0,0,0,0
DB3,3,test,5,248000,0,0,0,0,0,0,0
DB3,3,test,5,248100,0,0,0,0,0,0,0
DB3,3,test,5,248200,0,0,0,0,0,0,0
DB3,3,test,5,248300,0,0,0,0,0,0,0
DB3,3,test,5,248400,0,0,0,0,0,0,0
DB3,3,test,5,248500,0,0,0,0,0,0,0
DB3,3,test,5,248600,0,0,0,0,0,0,0
DB3,3,test,5,248700,0,0,0,0,0,0,0
DB3,3,test,5,248800,0,0,0,0,0,0,0
DB3,3,test,5,248900,0,0,0,0,0,0,0
DB3,3,test,5,249000,0,0,0,0,0,0,0
DB3,3,test,5,249100,0,0,0,0,0,0,0
DB3,3,test,5,249200,0,0,0,0,0,0,0
DB3,3,test,5,249300,0,0,0,0,0,0,0
DB3,3,test,5,249400,0,0,0,0,0,0,0
DB3,3,test,5,249500,0,0,0,0,0,0,0
DB3,3,test,5,249600,0,0,0,0,0,0,0
DB3,3,test,5,249700,0,0,0,0,0,0,0
DB3,3,test,5,249800,0,0,0,0,0,0,0
DB3,3,test,5,249900,0,0,0,0,0,0,0
DB3,3,test,5,250000,0,0,0,0,0,0,0
DB3,3,test,5,250100,0,0,0,0,0,0,0
DB3,3,test,5,250200,0,0,0,0,0,0,0
DB3,3,test,5,250300,0,0,0,0,0,0,0
DB3,3,test,5,250400,0,0,0,0,0,0,0
DB3,3,test,5,250500,0,0,0,0,0,0,0
DB3,3,test,5,250600,0,0,0,0,0,0,0
DB3,3,test,5,250700,0,0,0,0,0,0,0
DB3,3,test,5,250800,0,0,0,0,0,0,0
DB3,3,test,5,250900,0,0,0,0,0,0,0
DB3,3,test,5,251000,0,0,0,0,0,0,0
DB3,3,test,5,251100,0,0,0,0,0,0,0
DB3,3,test,5,251200,0,0,0,0,0,0,0
DB3,3,test,5,251300,0,0,0,0,0,0,0
DB3,3,test,5,251400,0,0,0,0,0,0,0
DB3,3,test,5,251500,0,0,0,0,0,0,0
DB3,3,test,5,251600,0,0,0,0,0,0,0
DB3,3,test,5,251700,0,0,0,0,0,0,0
DB3,3,test,5,252000,1,9,6,1,1,6,1
DB3,3,test,5,252100,1,8,1,5,5,1,1
DB3,3,test,5,252200,1,8,1,5,5,1,7
DB3,3,test,5,252300,1,9,7,3,3,1,3
DB3,3,test,5,252400,1,9,1,5,5,1,1
DB3,3,test,5,252500,1,7,1,1,1,1,1
DB3,3,test,5,252600,1,8,1,1,1,1,1
DB3,3,test,5,252700,1,9,1,3,3,1,1
DB3,3,test,5,252800,1,7,1,3,3,3,1
DB3,3,test,5,252900,1,8,1,3,3,1,1
DB3,3,test,5,253000,1,9,7,3,3,1,1
DB3,3,test,5,253100,1,9,7,3,3,7,1
DB3,3,test,5,253200,1,8,3,3,3,3,1
DB3,3,test,5,253300,1,8,1,1,1,1,1
DB3,3,test,5,253400,1,8,1,1,1,1,1
DB3,3,test,5,253500,1,9,1,1,1,1,1
DB3,3,test,5,253600,1,8,1,1,1,1,1
DB3,3,test,5,253700,1,8,7,1,1,1,1
DB3,3,test,5,253800,1,8,1,1,1,1,1
DB3,3,test,5,253900,1,8,1,1,1,1,1
DB3,3,test,5,254000,1,8,1,1,1,1,1
DB3,3,test,5,254100,1,8,1,6,6,1,7
DB3,3,test,5,254200,1,8,1,6,6,1,7
DB3,3,test,5,254300,1,9,1,1,1,1,7
DB3,3,test,5,254400,1,9,1,1,1,7,7
DB3,3,test,5,254500,1,3,7,7,7,2,0
DB3,3,test,5,254600,1,3,2,7,7,2,0
DB3,3,test,5,254700,1,2,2,1,1,2,7
DB3,3,test,5,254800,1,2,2,2,2,2,7
DB3,3,test,5,254900,1,3,2,2,2,2,1
DB3,3,test,5,255000,1,3,2,2,2,2,1
DB3,3,test,5,255100,1,3,2,2,0,2,0
DB3,3,test,5,255200,1,0,0,0,0,0,0
DB3,3,test,5,255300,1,2,4,0,0,9,0
DB3,3,test,5,255400,1,2,4,1,1,9,0
DB3,3,test,5,255500,1,3,7,1,0,0,0
DB3,3,test,6,255700,0,0,0,0,0,0,0
DB3,3,test,6,255800,0,0,0,0,0,0,0
DB3,3,test,6,255900,0,0,0,0,0,0,0
DB3,3,test,6,256000,0,0,0,0,0,0,0
DB3,3,test,6,256100,0,0,0,0,0,0,0
DB3,3,test,6,256200,0,0,0,0,0,0,0
DB3,3,test,6,256300,0,0,0,0,0,0,0
DB3,3,test,6,256400,0,0,0,0,0,0,0
DB3,3,test,6,256500,0,0,0,0,0,0,0
DB3,3,test,6,256600,0,0,0,0,0,0,0
DB3,3,test,6,256700,0,0,0,0,0,0,0
DB3,3,test,6,256800,0,0,0,0,0,0,0
DB3,3,test,6,256900,0,0,0,0,0,0,0
DB3,3,test,6,257000,0,0,0,0,0,0,0
DB3,3,test,6,257100,0,0,0,0,0,0,0
DB3,3,test,6,257200,0,0,0,0,0,0,0
DB3,3,test,6,257300,0,0,0,0,0,0,0
DB3,3,test,6,257400,0,0,0,0,0,0,0
DB3,3,test,6,257500,0,0,0,7,0,0,0
DB3,3,test,6,257600,0,0,0,7,0,0,0
DB3,3,test,6,257700,0,0,0,0,0,0,0
DB3,3,test,6,257800,0,0,0,0,0,0,0
DB3,3,test,6,257900,0,0,0,0,0,0,0
DB3,3,test,6,258000,0,0,0,0,0,0,0
DB3,3,test,6,258100,0,0,0,0,0,0,0
DB3,3,test,6,258200,0,0,0,0,0,0,0
DB3,3,test,6,258300,0,0,0,0,0,0,0
DB3,3,test,6,258400,0,0,0,0,0,0,0
DB3,3,test,6,258500,0,0,0,0,0,0,0
DB3,3,test,6,258600,0,0,0,0,0,0,0
DB3,3,test,6,258700,0,0,0,0,0,0,0
DB3,3,test,6,258800,0,0,0,0,0,0,0
DB3,3,test,6,258900,0,0,0,0,0,0,0
DB3,3,test,6,259000,0,0,0,0,0,0,0
DB3,3,test,6,259100,0,0,0,0,0,0,0
DB3,3,test,6,259200,0,0,0,0,0,0,0
DB3,3,test,6,259300,0,0,0,0,0,0,0
DB3,3,test,6,259400,0,0,0,0,0,0,0
DB3,3,test,6,259500,0,0,0,0,0,0,0
DB3,3,test,6,259600,0,0,0,0,0,0,0
DB3,3,test,6,259700,0,0,0,0,0,0,0
DB3,3,test,6,259800,0,0,0,0,0,0,0
DB3,3,test,6,259900,0,0,0,0,0,0,0
DB3,3,test,6,260000,0,0,0,0,0,0,0
DB3,3,test,6,260100,0,0,0,0,0,0,0
DB3,3,test,6,260200,0,0,0,0,0,0,0
DB3,3,test,6,260300,0,0,0,0,0,0,0
DB3,3,test,6,260400,0,0,0,0,0,0,0
DB3,3,test,6,260500,0,0,0,0,0,0,0
DB3,3,test,6,260700,1,2,5,3,3,5,6
DB3,3,test,6,260800,1,9,5,5,5,5,4
DB3,3,test,6,260900,1,9,3,6,6,1,5
DB3,3,test,6,261000,1,9,3,6,6,3,5
DB3,3,test,6,261100,1,8,8,7,7,3,7
DB3,3,test,6,261200,1,8,3,7,7,3,7
DB3,3,test,6,261300,1,9,3,6,6,3,7
DB3,3,test,6,261400,1,9,3,6,6,1,7
DB3,3,test,6,261500,1,8,7,6,6,1,1
DB3,3,test,6,261600,1,8,1,1,1,1,1
DB3,3,test,6,261700,1,8,1,1,1,1,1
DB3,3,test,6,261800,1,9,7,1,1,1,1
DB3,3,test,6,261900,1,8,3,1,1,1,1
DB3,3,test,6,262000,1,8,3,1,1,1,1
DB3,3,test,6,262100,1,8,1,1,1,1,1
DB3,3,test,6,262200,1,8,3,5,5,1,1
DB3,3,test,6,262300,1,8,6,1,1,3,1
DB3,3,test,6,262400,1,8,6,5,5,7,1
DB3,3,test,6,262500,1,9,1,1,1,1,1
DB3,3,test,6,262600,1,9,1,4,4,1,1
DB3,3,test,6,262700,1,7,1,1,1,1,1
DB3,3,test,6,262800,1,8,1,1,1,3,7
DB3,3,test,6,262900,1,9,7,3,3,7,7
DB3,3,test,6,263000,1,8,3,4,4,1,7
DB3,3,test,6,263100,1,8,7,4,4,7,5
DB3,3,test,6,263200,1,2,3,3,3,7,3
DB3,3,test,6,263300,1,2,4,1,1,10,1
DB3,3,test,6,263400,1,2,4,3,3,9,3
DB3,3,test,6,263500,1,2,1,7,7,2,1
DB3,3,test,6,263600,1,3,2,4,4,2,0
DB3,3,test,6,263700,1,3,2,1,1,2,0
DB3,3,test,6,263800,1,3,2,1,1,2,0
DB3,3,test,6,263900,1,3,2,1,1,2,1
DB3,3,test,6,264000,1,3,7,1,1,0,0
DB3,3,test,6,264100,1,3,2,7,7,2,7
DB3,3,test,4,290500,0,10,11,0,2,0,0
DB3,3,test,4,290600,0,11,5,0,10,0,0
DB3,3,test,4,290700,0,10,0,0,0,0,0
DB3,3,test,4,290800,0,10,11,2,0,10,0
DB3,3,test,4,290900,0,10,9,2,0,11,0
DB3,3,test,4,291000,0,11,0,0,0,0,0
DB3,3,test,4,291100,0,10,5,3,0,0,0
DB3,3,test,4,291200,0,4,9,3,0,5,0
DB3,3,test,4,291300,0,2,5,1,0,5,0
DB3,3,test,4,291400,0,4,9,1,0,11,0
DB3,3,test,4,291500,0,0,2,1,0,0,0
DB3,3,test,4,291600,0,0,0,0,0,0,0
DB3,3,test,4,291700,0,0,0,0,0,0,0
DB3,3,test,4,291800,0,0,0,0,0,0,0
DB3,3,test,4,291900,0,0,0,0,0,0,0
DB3,3,test,4,292000,0,0,0,0,0,0,0
DB3,3,test,4,292100,0,0,0,0,0,0,0
DB3,3,test,4,292200,0,0,0,0,0,0,0
DB3,3,test,4,292300,0,0,0,0,0,0,0
DB3,3,test,4,292400,0,0,0,0,0,0,0
DB3,3,test,4,292500,0,0,0,0,0,0,0
DB3,3,test,4,292600,0,0,0,0,0,0,0
DB3,3,test,4,292700,0,0,0,0,0,0,0
DB3,3,test,4,292800,0,0,0,0,0,0,0
DB3,3,test,4,292900,0,0,0,0,0,0,0
DB3,3,test,4,293000,0,0,0,0,0,0,0
DB3,3,test,4,293100,0,0,0,0,0,0,0
DB3,3,test,4,293200,0,0,0,0,0,0,0
DB3,3,test,4,293300,0,0,0,0,0,0,0
DB3,3,test,4,293400,0,0,0,0,0,0,0
DB3,3,test,4,293500,0,0,0,0,0,0,0
DB3,3,test,4,293600,0,0,0,0,0,0,0
DB3,3,test,4,293700,0,0,0,0,0,0,0
DB3,3,test,4,293800,0,0,0,0,0,0,0
DB3,3,test,4,293900,0,0,0,0,0,0,0
DB3,3,test,4,294000,0,0,0,0,0,0,0
DB3,3,test,4,294100,0,0,0,0,0,0,0
DB3,3,test,4,294200,0,0,0,0,0,0,0
DB3,3,test,4,294300,0,0,0,0,0,0,0
DB3,3,test,4,294400,0,0,0,0,0,0,0
DB3,3,test,4,294500,0,0,0,0,0,0,0
DB3,3,test,4,294600,0,0,0,0,0,0,0
DB3,3,test,4,294700,0,0,0,0,0,0,0
DB3,3,test,4,294800,0,0,0,0,0,0,0
DB3,3,test,4,294900,0,0,0,0,0,0,0
DB3,3,test,4,295000,0,0,0,0,0,0,0
DB3,3,test,4,295100,0,0,0,0,0,0,0
DB3,3,test,4,295200,0,0,0,0,0,0,0
DB3,3,test,4,295300,0,0,0,0,0,0,0
DB3,3,test,4,295400,0,0,0,0,0,0,0
DB3,3,test,4,295500,0,0,0,0,0,0,0
DB3,3,test,4,295600,0,0,0,0,0,0,0
DB3,3,test,4,295700,0,0,0,0,0,0,0
DB3,3,test,4,296000,2,3,2,4,4,2,2
DB3,3,test,4,296100,2,3,2,2,2,2,2
DB3,3,test,4,296200,2,3,2,4,4,2,2
DB3,3,test,4,296300,2,2,2,2,2,2,2
DB3,3,test,4,296400,2,2,2,2,2,2,2
DB3,3,test,4,296500,2,2,10,10,10,2,8
DB3,3,test,4,296600,2,2,2,2,2,2,2
DB3,3,test,4,296700,2,4,2,2,2,2,2
DB3,3,test,4,296800,2,2,8,2,2,2,2
DB3,3,test,4,296900,2,2,2,2,2,2,2
DB3,3,test,4,297000,2,2,2,2,2,2,2
DB3,3,test,4,297100,2,2,2,2,2,2,2
DB3,3,test,4,297200,2,2,2,2,2,2,2
DB3,3,test,4,297300,2,3,2,2,2,2,2
DB3,3,test,4,297400,2,3,2,2,2,2,2
DB3,3,test,4,297500,2,2,2,2,2,2,2
DB3,3,test,4,297600,2,2,2,2,2,2,2
DB3,3,test,4,297700,2,2,2,2,2,2,2
DB3,3,test,4,297800,2,2,2,2,2,2,2
DB3,3,test,4,297900,2,2,2,2,2,2,2
DB3,3,test,4,298000,2,2,2,2,2,2,2
DB3,3,test,4,298100,2,2,2,2,2,2,2
DB3,3,test,4,298200,2,2,2,2,2,2,2
DB3,3,test,4,298300,2,2,2,2,2,2,2
DB3,3,test,4,298400,2,2,2,2,2,2,2
DB3,3,test,4,298500,2,2,2,2,2,2,2
DB3,3,test,4,298600,2,2,2,2,2,2,2
DB3,3,test,5,298900,0,10,0,0,0,0,0
DB3,3,test,5,299000,0,0,0,0,0,0,0
DB3,3,test,5,299100,0,10,10,0,2,0,0
DB3,3,test,5,299200,0,4,9,2,2,4,0
DB3,3,test,5,299300,0,4,9,2,2,5,0
DB3,3,test,5,299400,0,10,9,2,2,9,0
DB3,3,test,5,299500,0,11,10,2,0,0,0
DB3,3,test,5,299600,0,11,2,0,0,0,0
DB3,3,test,5,299700,0,0,0,0,0,0,0
DB3,3,test,5,299800,0,0,0,0,0,0,0
DB3,3,test,5,299900,0,0,0,0,0,0,0
DB3,3,test,5,300000,0,0,0,0,0,0,0
DB3,3,test,5,300100,0,0,0,0,0,0,0
DB3,3,test,5,300200,0,0,0,0,0,0,0
DB3,3,test,5,300300,0,0,0,0,0,0,0
DB3,3,test,5,300400,0,0,0,0,0,0,0
DB3,3,test,5,300500,0,0,0,0,0,0,0
DB3,3,test,5,300600,0,0,0,0,0,0,0
DB3,3,test,5,300700,0,0,0,0,0,0,0
DB3,3,test,5,300800,0,0,0,0,0,0,0
DB3,3,test,5,300900,0,0,0,0,0,0,0
DB3,3,test,5,301000,0,0,0,0,0,0,0
DB3,3,test,5,301100,0,0,0,0,0,0,0
DB3,3,test,5,301200,0,0,0,0,0,0,0
DB3,3,test,5,301300,0,0,0,0,0,0,0
DB3,3,test,5,301400,0,0,0,0,0,0,0
DB3,3,test,5,301500,0,0,0,0,0,0,0
DB3,3,test,5,301600,0,0,0,0,0,0,0
DB3,3,test,5,301700,0,0,0,0,0,0,0
DB3,3,test,5,301800,0,0,0,0,0,0,0
DB3,3,test,5,301900,0,0,0,0,0,0,0
DB3,3,test,5,302000,0,0,0,0,0,0,0
DB3,3,test,5,302100,0,0,0,0,0,0,0
DB3,3,test,5,302200,0,0,0,0,0,0,0
DB3,3,test,5,302300,0,0,0,0,0,0,0
DB3,3,test,5,302400,0,0,0,0,0,0,0
DB3,3,test,5,302500,0,0,0,0,0,0,0
DB3,3,test,5,302600,0,0,0,0,0,0,0
DB3,3,test,5,302700,0,0,0,0,0,0,0
DB3,3,test,5,302800,0,0,0,0,0,0,0
DB3,3,test,5,302900,0,0,0,0,0,0,0
DB3,3,test,5,303000,0,0,0,0,0,0,0
DB3,3,test,5,303100,0,0,0,0,0,0,0
DB3,3,test,5,303200,0,0,0,0,0,0,0
DB3,3,test,5,303300,0,0,0,0,0,0,0
DB3,3,test,5,303400,0,0,0,0,0,0,0
DB3,3,test,5,303500,0,3,0,0,0,0,0
DB3,3,test,5,303600,0,3,0,0,0,0,0
DB3,3,test,5,303700,0,3,0,0,0,0,0
DB3,3,test,5,303800,0,3,0,0,0,0,0
DB3,3,test,5,303900,0,0,0,0,0,0,0
DB3,3,test,5,304000,0,0,0,0,0,0,0
DB3,3,test,5,304100,0,3,0,0,0,0,0
DB3,3,test,5,304200,0,3,0,0,0,0,0
DB3,3,test,5,304300,0,3,0,0,0,0,0
DB3,3,test,5,304400,0,3,0,0,0,0,0
DB3,3,test,5,304500,0,0,0,0,0,0,0
DB3,3,test,5,304600,0,3,7,0,0,0,0
DB3,3,test,5,304800,2,10,2,4,4,2,2
DB3,3,test,5,304900,2,3,2,4,4,2,2
DB3,3,test,5,305000,2,10,8,9,9,2,2
DB3,3,test,5,305100,2,10,10,3,3,2,2
DB3,3,test,5,305200,2,2,2,2,2,2,2
DB3,3,test,5,305300,2,2,2,2,2,2,2
DB3,3,test,5,305400,2,10,10,2,2,2,2
DB3,3,test,5,305500,2,2,2,2,2,2,2
DB3,3,test,5,305600,2,2,2,2,2,2,2
DB3,3,test,5,305700,2,2,2,2,2,2,2
DB3,3,test,5,305800,2,2,2,10,10,2,2
DB3,3,test,5,305900,2,2,2,2,2,2,2
DB3,3,test,5,306000,2,3,2,2,2,2,2
DB3,3,test,5,306100,2,3,2,2,2,2,2
DB3,3,test,5,306200,2,2,2,2,2,2,2
DB3,3,test,5,306300,2,9,2,2,2,2,2
DB3,3,test,5,306400,2,3,2,2,2,2,2
DB3,3,test,5,306500,2,2,2,2,2,2,2
DB3,3,test,5,306600,2,2,2,2,2,2,2
DB3,3,test,5,306700,2,2,2,2,2,2,2
DB3,3,test,5,306800,2,2,2,2,2,2,2
DB3,3,test,5,306900,2,2,2,2,2,2,2
DB3,3,test,5,307000,2,2,2,2,2,2,2
DB3,3,test,5,307100,2,2,10,2,2,2,2
DB3,3,test,5,307200,2,2,2,2,2,2,2
DB3,3,test,5,307300,2,2,2,2,2,2,2
DB3,3,test,5,307400,2,2,2,2,2,2,2
DB3,3,test,5,307500,2,2,2,6,6,2,2
DB3,3,test,5,307600,2,2,2,2,2,2,2
DB3,3,test,5,307700,2,2,5,2,2,2,2
DB3,3,test,5,307800,2,2,1,2,2,2,0
DB3,3,test,5,307900,2,0,0,0,0,0,0
DB3,3,test,5,308000,2,0,0,0,0,0,0
DB3,3,test,5,308100,2,10,1,3,3,10,0
DB3,3,test,5,308200,2,2,5,1,1,5,5
DB3,3,test,5,308300,2,10,5,1,1,3,4
DB3,3,test,5,308400,2,10,4,3,3,4,4
DB3,3,test,5,308500,2,10,4,4,4,4,4
DB3,3,test,5,308600,2,5,4,4,4,4,4
DB3,3,test,5,308700,2,10,4,4,4,4,4
DB3,3,test,5,308800,2,9,1,4,4,7,6
DB3,3,test,5,308900,2,10,4,4,4,4,3
DB3,3,test,5,309000,2,10,4,4,4,4,0
DB3,3,test,5,309100,2,10,4,0,1,4,2
DB3,3,test,5,309200,2,10,5,0,4,4,0
DB3,3,test,6,309500,0,0,0,0,0,0,0
DB3,3,test,6,309600,0,0,0,0,0,0,0
DB3,3,test,6,309700,0,0,0,0,0,0,0
DB3,3,test,6,309800,0,0,0,0,0,0,0
DB3,3,test,6,309900,0,0,0,0,0,0,0
DB3,3,test,6,310000,0,0,0,0,0,0,0
DB3,3,test,6,310100,0,0,0,0,0,0,0
DB3,3,test,6,310200,0,0,0,0,0,0,0
DB3,3,test,6,310300,0,0,0,0,0,0,0
DB3,3,test,6,310400,0,0,0,0,0,0,0
DB3,3,test,6,310500,0,0,0,0,0,0,0
DB3,3,test,6,310600,0,0,0,0,0,0,0
DB3,3,test,6,310700,0,0,0,0,0,0,0
DB3,3,test,6,310800,0,0,0,0,0,0,0
DB3,3,test,6,310900,0,0,0,0,0,0,0
DB3,3,test,6,311000,0,0,0,0,0,0,0
DB3,3,test,6,311100,0,0,0,0,0,0,0
DB3,3,test,6,311200,0,0,0,0,0,0,0
DB3,3,test,6,311300,0,0,0,0,0,0,0
DB3,3,test,6,311400,0,0,0,0,0,0,0
DB3,3,test,6,311500,0,0,0,0,0,0,0
DB3,3,test,6,311600,0,0,0,0,0,0,0
DB3,3,test,6,311700,0,0,0,0,0,0,0
DB3,3,test,6,311800,0,0,0,0,0,0,0
DB3,3,test,6,311900,0,0,0,0,0,0,0
DB3,3,test,6,312000,0,0,0,0,0,0,0
DB3,3,test,6,312100,0,0,0,0,0,0,0
DB3,3,test,6,312200,0,0,0,0,0,0,0
DB3,3,test,6,312300,0,0,0,0,0,0,0
DB3,3,test,6,312400,0,0,0,0,0,0,0
DB3,3,test,6,312500,0,0,0,0,0,0,0
DB3,3,test,6,312600,0,0,0,0,0,0,0
DB3,3,test,6,312700,0,0,0,0,0,0,0
DB3,3,test,6,312800,0,0,0,0,0,0,0
DB3,3,test,6,312900,0,0,0,0,0,0,0
DB3,3,test,6,313000,0,0,0,0,0,0,0
DB3,3,test,6,313100,0,0,0,0,0,0,0
DB3,3,test,6,313200,0,0,0,0,0,0,0
DB3,3,test,6,313300,0,0,0,0,0,0,0
DB3,3,test,6,313400,0,0,0,0,0,0,0
DB3,3,test,6,313500,0,3,0,0,0,0,0
DB3,3,test,6,313700,2,2,10,5,5,2,2
DB3,3,test,6,313800,2,2,2,2,2,2,2
DB3,3,test,6,313900,2,3,2,2,2,2,2
DB3,3,test,6,314000,2,2,2,2,2,2,2
DB3,3,test,6,314100,2,2,2,2,2,2,2
DB3,3,test,6,314200,2,2,2,2,2,2,2
DB3,3,test,6,314300,2,2,2,2,2,2,2
DB3,3,test,6,314400,2,2,2,2,2,2,2
DB3,3,test,6,314500,2,2,2,2,2,2,2
DB3,3,test,6,314600,2,2,2,10,10,2,2
DB3,3,test,6,314700,2,2,2,2,2,2,2
DB3,3,test,6,314800,2,2,2,2,2,2,2
DB3,3,test,6,314900,2,2,2,2,2,2,2
DB3,3,test,6,315000,2,3,2,2,2,2,2
DB3,3,test,6,315100,2,3,2,2,2,2,2
DB3,3,test,6,315200,2,2,10,2,2,2,2
DB3,3,test,6,315300,2,2,2,2,2,2,2
DB3,3,test,6,315400,2,3,2,2,2,2,2
DB3,3,test,6,315500,2,3,2,2,2,2,2
DB3,3,test,6,315600,2,2,2,2,2,2,2
DB3,3,test,6,315700,2,2,10,2,2,2,2
DB3,3,test,6,315800,2,3,2,2,2,2,2
DB3,3,test,6,315900,2,3,2,2,2,2,2
DB3,3,test,6,316000,2,3,2,2,2,2,2
DB3,3,test,6,316100,2,3,2,2,2,2,2
DB3,3,test,6,316200,2,2,2,2,2,2,2
DB3,3,test,6,316300,2,3,2,2,2,2,2
DB3,3,test,6,316400,2,3,2,2,2,2,2
DB3,3,test,6,316500,2,3,7,2,2,2,0
DB3,3,test,6,316600,2,0,0,0,0,0,0
DB3,3,test,6,316700,2,0,0,0,0,0,0
DB3,3,test,6,316800,2,10,1,0,0,0,0
DB3,3,test,6,316900,2,10,5,4,4,4,0
DB3,3,test,6,317000,2,10,4,4,4,1,4
DB3,3,test,6,317100,2,10,5,1,1,1,4
DB3,3,test,6,317200,2,10,1,4,4,1,4
DB3,3,test,6,317300,2,10,10,4,4,10,0
DB3,3,test,6,317400,2,10,10,2,2,10,0
DB3,3,test,6,317500,2,5,9,3,3,5,3
DB3,3,test,6,317600,2,10,9,4,4,4,4
DB3,3,test,6,317700,2,10,9,4,4,10,0
DB3,3,test,6,317800,2,10,5,0,0,11,0
DB3,3,test,6,317900,2,11,0,0,0,0,0
DB3,3,test,6,318000,2,4,0,0,0,0,0
DB3,3,test,4,343500,0,0,0,0,0,0,0
DB3,3,test,4,343600,0,0,0,0,0,0,0
DB3,3,test,4,343700,0,0,0,0,0,0,0
DB3,3,test,4,343800,0,0,0,0,0,0,0
DB3,3,test,4,343900,0,0,0,0,0,0,0
DB3,3,test,4,344000,0,0,0,0,0,0,0
DB3,3,test,4,344100,0,0,0,0,0,0,0
DB3,3,test,4,344200,0,0,0,0,0,0,0
DB3,3,test,4,344300,0,3,0,0,0,0,0
DB3,3,test,4,344400,0,0,0,0,0,0,0
DB3,3,test,4,344500,0,0,0,0,0,0,0
DB3,3,test,4,344600,0,0,0,0,0,0,0
DB3,3,test,4,344700,0,0,0,0,0,0,0
DB3,3,test,4,344800,0,0,0,0,0,0,0
DB3,3,test,4,344900,0,0,0,0,0,0,0
DB3,3,test,4,345000,0,0,0,0,0,0,0
DB3,3,test,4,345100,0,0,0,0,0,0,0
DB3,3,test,4,345200,0,0,0,0,0,0,0
DB3,3,test,4,345300,0,0,0,0,0,0,0
DB3,3,test,4,345400,0,0,0,0,0,0,0
DB3,3,test,4,345500,0,0,0,0,0,0,0
DB3,3,test,4,345600,0,0,0,0,0,0,0
DB3,3,test,4,345700,0,0,0,0,0,0,0
DB3,3,test,4,345800,0,0,0,0,0,0,0
DB3,3,test,4,345900,0,0,0,0,0,0,0
DB3,3,test,4,346000,0,0,0,0,0,0,0
DB3,3,test,4,346100,0,0,0,0,0,0,0
DB3,3,test,4,346200,0,0,0,0,0,0,0
DB3,3,test,4,346300,0,0,0,0,0,0,0
DB3,3,test,4,346400,0,0,0,0,0,0,0
DB3,3,test,4,346500,0,0,0,0,0,0,0
DB3,3,test,4,346600,0,0,0,0,0,0,0
DB3,3,test,4,346700,0,0,0,0,0,0,0
DB3,3,test,4,346800,0,0,0,0,0,0,0
DB3,3,test,4,346900,0,0,0,0,0,0,0
DB3,3,test,4,347000,0,0,0,0,0,0,0
DB3,3,test,4,347100,0,0,0,0,0,0,0
DB3,3,test,4,347200,0,0,0,0,0,0,0
DB3,3,test,4,347300,0,0,0,0,0,0,0
DB3,3,test,4,347400,0,0,0,0,0,0,0
DB3,3,test,4,347500,0,0,0,0,0,0,0
DB3,3,test,4,347600,0,0,0,0,0,0,0
DB3,3,test,4,347700,0,0,0,0,0,0,0
DB3,3,test,4,347800,0,0,0,0,0,0,0
DB3,3,test,4,347900,0,0,0,0,0,0,0
DB3,3,test,4,348000,0,0,0,0,0,0,0
DB3,3,test,4,348100,0,0,0,0,0,0,0
DB3,3,test,4,348200,0,0,0,0,0,0,0
DB3,3,test,4,348300,0,0,0,0,0,0,0
DB3,3,test,4,348400,0,0,0,0,0,0,0
DB3,3,test,4,348600,3,10,9,3,3,10,11
DB3,3,test,4,348700,3,9,3,4,4,3,7
DB3,3,test,4,348800,3,9,3,4,4,3,4
DB3,3,test,4,348900,3,9,3,4,4,7,6
DB3,3,test,4,349000,3,9,3,3,3,7,3
DB3,3,test,4,349100,3,9,3,3,3,3,3
DB3,3,test,4,349200,3,9,3,3,3,3,3
DB3,3,test,4,349300,3,8,3,9,9,3,3
DB3,3,test,4,349400,3,8,3,9,9,3,3
DB3,3,test,4,349500,3,8,3,3,3,3,3
DB3,3,test,4,349600,3,9,3,3,3,3,3
DB3,3,test,4,349700,3,9,3,3,3,3,3
DB3,3,test,4,349800,3,9,3,3,3,3,3
DB3,3,test,4,349900,3,7,3,3,3,3,3
DB3,3,test,4,350000,3,8,8,8,8,8,3
DB3,3,test,4,350100,3,9,6,9,9,3,8
DB3,3,test,4,350200,3,5,6,3,3,3,3
DB3,3,test,4,350300,3,8,4,4,4,4,3
DB3,3,test,4,350400,3,8,8,4,4,8,3
DB3,3,test,4,350500,3,5,8,5,5,8,4
DB3,3,test,4,350600,3,8,4,5,5,4,4
DB3,3,test,4,350700,3,8,4,4,4,4,4
DB3,3,test,4,350800,3,8,8,3,3,8,5
DB3,3,test,4,350900,3,8,8,3,3,8,3
DB3,3,test,4,351000,3,8,1,3,3,3,3
DB3,3,test,4,351100,3,8,1,4,4,1,5
DB3,3,test,4,351200,3,8,8,4,4,6,3
DB3,3,test,4,351300,3,8,3,3,3,3,3
DB3,3,test,4,351400,3,9,4,3,3,3,3
DB3,3,test,4,351500,3,9,4,5,5,3,3
DB3,3,test,4,351600,3,2,6,5,5,8,5
DB3,3,test,4,351700,3,2,6,5,5,4,4
DB3,3,test,4,351800,3,5,4,10,10,4,0
DB3,3,test,4,351900,3,1,4,2,2,9,0
DB3,3,test,4,352000,3,3,4,3,3,2,0
DB3,3,test,4,352100,3,3,2,4,4,2,0
DB3,3,test,4,352200,3,2,4,4,0,2,0
DB3,3,test,4,352300,3,3,2,4,0,0,0
DB3,3,test,4,352400,3,3,7,4,4,2,0
DB3,3,test,5,352700,0,3,0,0,0,0,0
DB3,3,test,5,352800,0,3,7,0,0,0,0
DB3,3,test,5,352900,0,3,0,0,0,0,0
DB3,3,test,5,353000,0,0,0,0,0,0,0
DB3,3,test,5,353100,0,0,0,0,0,0,0
DB3,3,test,5,353200,0,0,0,0,0,0,0
DB3,3,test,5,353300,0,0,0,0,0,0,0
DB3,3,test,5,353400,0,0,0,0,0,0,0
DB3,3,test,5,353500,0,0,0,0,0,0,0
DB3,3,test,5,353600,0,0,0,0,0,0,0
DB3,3,test,5,353700,0,0,0,0,0,0,0
DB3,3,test,5,353800,0,0,0,0,0,0,0
DB3,3,test,5,353900,0,0,0,0,0,0,0
DB3,3,test,5,354000,0,0,0,0,0,0,0
DB3,3,test,5,354100,0,0,0,0,0,0,0
DB3,3,test,5,354200,0,0,0,0,0,0,0
DB3,3,test,5,354300,0,0,0,0,0,0,0
DB3,3,test,5,354400,0,0,0,0,0,0,0
DB3,3,test,5,354500,0,0,0,0,0,0,0
DB3,3,test,5,354600,0,0,0,0,0,0,0
DB3,3,test,5,354700,0,0,0,0,0,0,0
DB3,3,test,5,354800,0,0,0,0,0,0,0
DB3,3,test,5,354900,0,0,0,0,0,0,0
DB3,3,test,5,355000,0,0,0,0,0,0,0
DB3,3,test,5,355100,0,0,0,0,0,0,0
DB3,3,test,5,355200,0,0,0,0,0,0,0
DB3,3,test,5,355300,0,0,0,0,0,0,0
DB3,3,test,5,355400,0,0,0,0,0,0,0
DB3,3,test,5,355500,0,0,0,0,0,0,0
DB3,3,test,5,355600,0,0,0,0,0,0,0
DB3,3,test,5,355700,0,0,0,0,0,0,0
DB3,3,test,5,355800,0,0,0,0,0,0,0
DB3,3,test,5,355900,0,0,0,0,0,0,0
DB3,3,test,5,356000,0,0,0,0,0,0,0
DB3,3,test,5,356100,0,0,0,0,0,0,0
DB3,3,test,5,356200,0,0,0,0,0,0,0
DB3,3,test,5,356300,0,3,0,0,0,0,0
DB3,3,test,5,356400,0,0,0,0,0,0,0
DB3,3,test,5,356500,0,0,0,0,0,0,0
DB3,3,test,5,356600,0,3,0,0,0,0,0
DB3,3,test,5,356700,0,0,0,0,0,0,0
DB3,3,test,5,356800,0,0,0,0,0,0,0
DB3,3,test,5,356900,0,0,0,0,0,0,0
DB3,3,test,5,357000,0,0,0,0,0,0,0
DB3,3,test,5,357100,0,0,0,0,0,0,0
DB3,3,test,5,357200,0,0,0,0,0,0,0
DB3,3,test,5,357300,0,3,0,0,0,0,0
DB3,3,test,5,357600,3,5,4,4,4,4,11
DB3,3,test,5,357700,3,9,5,3,3,7,4
DB3,3,test,5,357800,3,9,1,3,3,1,4
DB3,3,test,5,357900,3,9,3,4,4,3,3
DB3,3,test,5,358000,3,9,3,3,3,3,3
DB3,3,test,5,358100,3,9,3,3,3,3,3
DB3,3,test,5,358200,3,8,3,3,3,3,3
DB3,3,test,5,358300,3,10,3,3,3,3,3
DB3,3,test,5,358400,3,10,8,3,3,8,3
DB3,3,test,5,358500,3,8,8,3,3,3,3
DB3,3,test,5,358600,3,10,8,3,3,3,3
DB3,3,test,5,358700,3,8,4,3,3,3,3
DB3,3,test,5,358800,3,8,8,8,8,3,3
DB3,3,test,5,358900,3,5,8,8,8,8,3
DB3,3,test,5,359000,3,5,8,8,8,8,3
DB3,3,test,5,359100,3,5,4,5,5,8,3
DB3,3,test,5,359200,3,8,8,5,5,8,4
DB3,3,test,5,359300,3,10,8,4,4,8,4
DB3,3,test,5,359400,3,8,3,4,4,4,4
DB3,3,test,5,359500,3,9,4,3,3,4,4
DB3,3,test,5,359600,3,10,3,3,3,3,4
DB3,3,test,5,359700,3,10,8,3,3,8,4
DB3,3,test,5,359800,3,9,6,4,4,8,4
DB3,3,test,5,359900,3,9,3,3,3,7,4
DB3,3,test,5,360000,3,8,3,3,3,1,6
DB3,3,test,5,360100,3,8,3,3,3,3,4
DB3,3,test,5,360200,3,8,1,4,4,3,4
DB3,3,test,5,360300,3,2,1,4,4,5,0
DB3,3,test,5,360400,3,2,9,4,4,9,4
DB3,3,test,5,360500,3,10,9,3,3,9,3
DB3,3,test,5,360600,3,10,9,9,9,9,3
DB3,3,test,5,360700,3,2,5,4,4,9,0
DB3,3,test,6,361000,0,0,0,0,0,0,0
DB3,3,test,6,361100,0,0,0,0,0,0,0
DB3,3,test,6,361200,0,0,0,0,0,0,0
DB3,3,test,6,361300,0,3,0,10,0,0,0
DB3,3,test,6,361400,0,0,0,0,0,0,0
DB3,3,test,6,361500,0,0,0,0,0,0,0
DB3,3,test,6,361600,0,0,0,0,0,0,0
DB3,3,test,6,361700,0,0,0,0,0,0,0
DB3,3,test,6,361800,0,0,0,0,0,0,0
DB3,3,test,6,361900,0,0,0,0,0,0,0
DB3,3,test,6,362000,0,0,0,0,0,0,0
DB3,3,test,6,362100,0,0,0,0,0,0,0
DB3,3,test,6,362200,0,0,0,0,0,0,0
DB3,3,test,6,362300,0,0,0,0,0,0,0
DB3,3,test,6,362400,0,0,0,0,0,0,0
DB3,3,test,6,362500,0,0,0,0,0,0,0
DB3,3,test,6,362600,0,0,0,0,0,0,0
DB3,3,test,6,362700,0,0,0,0,0,0,0
DB3,3,test,6,362800,0,0,0,0,0,0,0
DB3,3,test,6,362900,0,0,0,0,0,0,0
DB3,3,test,6,363000,0,0,0,0,0,0,0
DB3,3,test,6,363100,0,0,0,0,0,0,0
DB3,3,test,6,363200,0,0,0,0,0,0,0
DB3,3,test,6,363300,0,0,0,0,0,0,0
DB3,3,test,6,363400,0,0,0,0,0,0,0
DB3,3,test,6,363500,0,0,0,0,0,0,0
DB3,3,test,6,363600,0,0,0,0,0,0,0
DB3,3,test,6,363700,0,0,0,0,0,0,0
DB3,3,test,6,363800,0,0,0,0,0,0,0
DB3,3,test,6,363900,0,0,0,0,0,0,0
DB3,3,test,6,364000,0,0,0,0,0,0,0
DB3,3,test,6,364100,0,0,0,0,0,0,0
DB3,3,test,6,364200,0,0,0,0,0,0,0
DB3,3,test,6,364300,0,0,0,0,0,0,0
DB3,3,test,6,364400,0,0,0,0,0,0,0
DB3,3,test,6,364500,0,0,0,0,0,0,0
DB3,3,test,6,364600,0,3,7,0,0,0,0
DB3,3,test,6,364700,0,3,0,0,0,0,0
DB3,3,test,6,364800,0,0,0,0,0,0,0
DB3,3,test,6,364900,0,0,0,0,0,0,0
DB3,3,test,6,365000,0,0,0,0,0,0,0
DB3,3,test,6,365100,0,0,0,0,0,0,0
DB3,3,test,6,365200,0,0,0,0,0,0,0
DB3,3,test,6,365300,0,0,0,0,0,0,0
DB3,3,test,6,365400,0,3,0,0,0,0,0
DB3,3,test,6,365500,0,3,0,7,0,0,0
DB3,3,test,6,365600,0,3,0,0,0,0,0
DB3,3,test,6,365700,0,0,0,0,0,0,0
DB3,3,test,6,365800,0,0,0,0,0,0,0
DB3,3,test,6,365900,0,0,0,0,0,0,0
DB3,3,test,6,366000,0,0,0,0,0,0,0
DB3,3,test,6,366100,0,3,0,0,0,0,0
DB3,3,test,6,366400,3,8,7,7,7,7,7
DB3,3,test,6,366500,3,8,3,4,4,7,4
DB3,3,test,6,366600,3,8,3,4,4,3,4
DB3,3,test,6,366700,3,9,3,3,3,5,3
DB3,3,test,6,366800,3,9,3,3,3,3,3
DB3,3,test,6,366900,3,9,3,3,3,3,3
DB3,3,test,6,367000,3,9,3,9,9,3,3
DB3,3,test,6,367100,3,8,3,9,9,8,3
DB3,3,test,6,367200,3,10,7,7,7,6,3
DB3,3,test,6,367300,3,8,7,6,6,7,3
DB3,3,test,6,367400,3,8,3,3,3,7,3
DB3,3,test,6,367500,3,9,3,9,9,3,3
DB3,3,test,6,367600,3,10,8,6,6,3,3
DB3,3,test,6,367700,3,9,8,8,8,6,3
DB3,3,test,6,367800,3,9,3,3,3,3,3
DB3,3,test,6,367900,3,8,3,3,3,3,3
DB3,3,test,6,368000,3,8,3,3,3,1,3
DB3,3,test,6,368100,3,8,1,3,3,3,3
DB3,3,test,6,368200,3,8,3,3,3,3,3
DB3,3,test,6,368300,3,9,3,3,3,3,3
DB3,3,test,6,368400,3,8,3,3,3,3,5
DB3,3,test,6,368500,3,8,7,3,3,7,3
DB3,3,test,6,368600,3,9,7,3,3,1,3
DB3,3,test,6,368700,3,8,6,6,6,6,3
DB3,3,test,6,368800,3,8,8,6,6,3,3
DB3,3,test,6,368900,3,8,3,7,7,3,6
DB3,3,test,6,369000,3,9,7,3,3,7,3
DB3,3,test,6,369100,3,2,1,4,4,5,0
DB3,3,test,6,369200,3,2,4,4,4,10,4
DB3,3,test,4,397400,0,3,7,0,0,0,0
DB3,3,test,4,397500,0,3,0,0,0,0,0
DB3,3,test,4,397600,0,0,0,0,0,0,0
DB3,3,test,4,397700,0,0,0,0,0,0,0
DB3,3,test,4,397800,0,0,0,0,0,0,0
DB3,3,test,4,397900,0,0,0,0,0,0,0
DB3,3,test,4,398000,0,3,0,0,0,0,0
DB3,3,test,4,398100,0,0,0,0,0,0,0
DB3,3,test,4,398200,0,0,0,0,0,0,0
DB3,3,test,4,398300,0,0,0,0,0,0,0
DB3,3,test,4,398400,0,0,0,0,0,0,0
DB3,3,test,4,398500,0,0,0,0,0,0,0
DB3,3,test,4,398600,0,0,0,0,0,0,0
DB3,3,test,4,398700,0,0,0,0,0,0,0
DB3,3,test,4,398800,0,0,0,0,0,0,0
DB3,3,test,4,398900,0,3,0,0,0,0,0
DB3,3,test,4,399000,0,3,0,0,0,0,0
DB3,3,test,4,399100,0,3,0,0,0,0,0
DB3,3,test,4,399200,0,0,0,0,0,0,0
DB3,3,test,4,399300,0,0,0,0,0,0,0
DB3,3,test,4,399400,0,0,0,0,0,0,0
DB3,3,test,4,399500,0,0,0,0,0,0,0
DB3,3,test,4,399600,0,3,0,0,0,0,0
DB3,3,test,4,399700,0,3,0,0,0,0,0
DB3,3,test,4,399800,0,0,0,0,0,0,0
DB3,3,test,4,399900,0,0,0,0,0,0,0
DB3,3,test,4,400000,0,0,0,0,0,0,0
DB3,3,test,4,400100,0,3,0,0,0,0,0
DB3,3,test,4,400200,0,3,0,0,0,0,0
DB3,3,test,4,400300,0,0,0,0,0,0,0
DB3,3,test,4,400400,0,0,0,0,0,0,0
DB3,3,test,4,400500,0,0,0,0,0,0,0
DB3,3,test,4,400600,0,3,0,0,0,0,0
DB3,3,test,4,400700,0,3,0,0,0,0,0
DB3,3,test,4,400800,0,0,0,0,0,0,0
DB3,3,test,4,400900,0,0,0,0,0,0,0
DB3,3,test,4,401000,0,0,0,0,0,0,0
DB3,3,test,4,401100,0,0,0,0,0,0,0
DB3,3,test,4,401200,0,3,0,0,0,0,0
DB3,3,test,4,401300,0,3,0,0,0,0,0
DB3,3,test,4,401400,0,0,0,0,0,0,0
DB3,3,test,4,401500,0,0,0,0,0,0,0
DB3,3,test,4,401600,0,10,10,10,0,0,0
DB3,3,test,5,405400,0,0,0,0,0,0,0
DB3,3,test,5,405500,0,3,0,0,0,0,0
DB3,3,test,5,405600,0,3,7,1,0,0,0
DB3,3,test,5,405700,0,3,0,0,0,0,0
DB3,3,test,5,405800,0,0,0,0,0,0,0
DB3,3,test,5,405900,0,0,0,0,0,0,0
DB3,3,test,5,406000,0,0,0,0,0,0,0
DB3,3,test,5,406100,0,0,0,0,0,0,0
DB3,3,test,5,406200,0,0,0,0,0,0,0
DB3,3,test,5,406300,0,0,0,0,0,0,0
DB3,3,test,5,406400,0,0,0,0,0,0,0
DB3,3,test,5,406500,0,0,0,0,0,0,0
DB3,3,test,5,406600,0,0,0,0,0,0,0
DB3,3,test,5,406700,0,0,0,0,0,0,0
DB3,3,test,5,406800,0,0,0,0,0,0,0
DB3,3,test,5,406900,0,0,0,0,0,0,0
DB3,3,test,5,407000,0,0,0,0,0,0,0
DB3,3,test,5,407100,0,0,0,0,0,0,0
DB3,3,test,5,407200,0,0,0,0,0,0,0
DB3,3,test,5,407300,0,0,0,0,0,0,0
DB3,3,test,5,407400,0,0,0,0,0,0,0
DB3,3,test,5,407500,0,0,0,0,0,0,0
DB3,3,test,5,407600,0,0,0,0,0,0,0
DB3,3,test,5,407700,0,0,0,0,0,0,0
DB3,3,test,5,407800,0,0,0,0,0,0,0
DB3,3,test,5,407900,0,0,0,0,0,0,0
DB3,3,test,5,408000,0,0,0,0,0,0,0
DB3,3,test,5,408100,0,0,0,0,0,0,0
DB3,3,test,5,408200,0,0,0,0,0,0,0
DB3,3,test,5,408300,0,0,0,0,0,0,0
DB3,3,test,5,408400,0,0,0,0,0,0,0
DB3,3,test,5,408500,0,0,0,0,0,0,0
DB3,3,test,5,408600,0,0,0,0,0,0,0
DB3,3,test,5,408700,0,0,0,0,0,0,0
DB3,3,test,5,408800,0,0,0,0,0,0,0
DB3,3,test,5,408900,0,0,0,0,0,0,0
DB3,3,test,5,409000,0,0,0,0,0,0,0
DB3,3,test,5,409100,0,0,0,0,0,0,0
DB3,3,test,5,409200,0,0,0,0,0,0,0
DB3,3,test,5,409300,0,10,10,10,0,0,0
DB3,3,test,5,409400,0,4,9,2,0,10,0
DB3,3,test,5,409500,0,4,9,2,2,10,0
DB3,3,test,5,409600,0,4,0,10,0,0,0
DB3,3,test,5,409700,0,0,0,0,0,0,0
DB3,3,test,5,409800,0,0,0,0,0,0,0
DB3,3,test,5,409900,0,0,0,0,0,0,0
DB3,3,test,5,410000,0,0,0,0,0,0,0
DB3,3,test,5,410100,0,0,10,0,0,0,0
DB3,3,test,5,410200,0,0,0,0,0,0,0
DB3,3,test,5,410300,0,0,0,0,0,0,0
DB3,3,test,5,410400,0,0,0,0,0,0,0
DB3,3,test,5,410500,0,0,0,0,0,0,0
DB3,3,test,6,414600,0,0,0,0,0,0,0
DB3,3,test,6,414700,0,0,0,0,0,0,0
DB3,3,test,6,414800,0,0,0,0,0,0,0
DB3,3,test,6,414900,0,0,0,0,0,0,0
DB3,3,test,6,415000,0,0,0,0,0,0,0
DB3,3,test,6,415100,0,0,0,0,0,0,0
DB3,3,test,6,415200,0,0,0,0,0,0,0
DB3,3,test,6,415300,0,0,0,0,0,0,0
DB3,3,test,6,415400,0,0,0,0,0,0,0
DB3,3,test,6,415500,0,0,0,0,0,0,0
DB3,3,test,6,415600,0,0,0,0,0,0,0
DB3,3,test,6,415700,0,0,0,0,0,0,0
DB3,3,test,6,415800,0,0,0,0,0,0,0
DB3,3,test,6,415900,0,0,0,0,0,0,0
DB3,3,test,6,416000,0,0,0,0,0,0,0
DB3,3,test,6,416100,0,0,0,0,0,0,0
DB3,3,test,6,416200,0,0,0,0,0,0,0
DB3,3,test,6,416300,0,0,0,0,0,0,0
DB3,3,test,6,416400,0,0,0,0,0,0,0
DB3,3,test,6,416500,0,0,0,0,0,0,0
DB3,3,test,6,416600,0,0,0,0,0,0,0
DB3,3,test,6,416700,0,0,0,0,0,0,0
DB3,3,test,6,416800,0,0,0,0,0,0,0
DB3,3,test,6,416900,0,0,0,0,0,0,0
DB3,3,test,6,417000,0,0,0,0,0,0,0
DB3,3,test,6,417100,0,0,0,0,0,0,0
DB3,3,test,6,417200,0,0,0,0,0,0,0
DB3,3,test,6,417300,0,0,0,0,0,0,0
DB3,3,test,6,417400,0,0,0,0,0,0,0
DB3,3,test,6,417500,0,0,0,0,0,0,0
DB3,3,test,6,417600,0,0,0,0,0,0,0
DB3,3,test,6,417700,0,0,0,0,0,0,0
DB3,3,test,6,417800,0,0,0,0,0,0,0
DB3,3,test,6,417900,0,0,0,0,0,0,0
DB3,3,test,6,418000,0,0,0,0,0,0,0
DB3,3,test,6,418100,0,0,0,0,0,0,0
DB3,3,test,6,418200,0,0,0,0,0,0,0
DB3,3,test,6,418300,0,0,0,0,0,0,0
DB3,3,test,6,418400,0,0,0,0,0,0,0
DB3,3,test,6,418500,0,0,0,0,0,0,0
DB3,3,test,6,418600,0,0,0,0,0,0,0
DB3,3,test,6,418700,0,0,0,0,0,0,0
DB3,3,test,6,418800,0,0,0,0,0,0,0
DB3,3,test,6,418900,0,0,0,0,0,0,0
DB3,3,test,6,419000,0,3,0,0,0,0,0
DB3,3,test,6,419100,0,3,0,0,0,0,0
DB3,3,test,6,419200,0,0,0,0,0,0,0
DB3,3,test,4,449600,0,0,0,0,0,0,0
DB3,3,test,4,449700,0,0,0,0,0,0,0
DB3,3,test,4,449800,0,0,0,0,0,0,0
DB3,3,test,4,449900,0,0,0,0,0,0,0
DB3,3,test,4,450000,0,0,0,0,0,0,0
DB3,3,test,4,450100,0,0,0,0,0,0,0
DB3,3,test,4,450200,0,0,0,0,0,0,0
DB3,3,test,4,450300,0,0,0,0,0,0,0
DB3,3,test,4,450400,0,3,0,0,0,0,0
DB3,3,test,4,450500,0,3,0,0,0,0,0
DB3,3,test,4,450600,0,0,0,0,0,0,0
DB3,3,test,4,450700,0,0,0,0,0,0,0
DB3,3,test,4,450800,0,0,0,0,0,0,0
DB3,3,test,4,450900,0,0,0,0,0,0,0
DB3,3,test,4,451000,0,0,0,0,0,0,0
DB3,3,test,4,451100,0,0,0,0,0,0,0
DB3,3,test,4,451200,0,0,0,0,0,0,0
DB3,3,test,4,451300,0,3,0,7,0,0,0
DB3,3,test,4,451400,0,3,0,7,0,0,0
DB3,3,test,4,451500,0,3,0,0,0,0,0
DB3,3,test,4,451600,0,3,0,0,0,0,0
DB3,3,test,4,451700,0,3,0,0,0,0,0
DB3,3,test,4,451800,0,0,0,0,0,0,0
DB3,3,test,4,451900,0,0,0,0,0,0,0
DB3,3,test,4,452000,0,0,0,0,0,0,0
DB3,3,test,4,452100,0,0,0,0,0,0,0
DB3,3,test,4,452200,0,0,0,0,0,0,0
DB3,3,test,4,452300,0,0,0,0,0,0,0
DB3,3,test,4,452400,0,0,0,0,0,0,0
DB3,3,test,4,452500,0,0,0,0,0,0,0
DB3,3,test,4,452600,0,3,7,0,0,0,0
DB3,3,test,4,452700,0,3,0,0,0,0,0
DB3,3,test,4,452800,0,3,0,0,0,0,0
DB3,3,test,4,452900,0,0,0,0,0,0,0
DB3,3,test,4,453000,0,3,0,0,0,0,0
DB3,3,test,4,453100,0,0,0,0,0,0,0
DB3,3,test,4,453200,0,3,0,0,0,0,0
DB3,3,test,4,453300,0,3,0,0,0,0,0
DB3,3,test,4,453400,0,3,0,0,0,0,0
DB3,3,test,4,453500,0,0,0,0,0,0,0
DB3,3,test,4,453600,0,0,0,0,0,0,0
DB3,3,test,4,453700,0,0,0,0,0,0,0
DB3,3,test,4,453800,0,0,0,0,0,0,0
DB3,3,test,4,453900,0,0,0,0,0,0,0
DB3,3,test,4,454000,0,0,0,0,0,0,0
DB3,3,test,4,454100,0,0,0,0,0,0,0
DB3,3,test,4,454200,0,3,0,0,0,0,0
DB3,3,test,4,454300,0,3,0,0,0,0,0
DB3,3,test,4,454400,0,3,0,0,0,0,0
DB3,3,test,4,454500,0,0,0,0,0,0,0
DB3,3,test,4,454600,0,0,0,0,0,0,0
DB3,3,test,4,454700,0,3,0,0,0,0,0
DB3,3,test,4,454800,0,3,0,0,0,0,0
DB3,3,test,4,454900,0,5,0,0,0,0,0
DB3,3,test,4,455200,4,9,5,9,9,5,6
DB3,3,test,4,455300,4,9,5,8,8,5,4
DB3,3,test,4,455400,4,9,3,8,8,3,4
DB3,3,test,4,455500,4,9,3,5,5,5,5
DB3,3,test,4,455600,4,9,3,5,5,3,5
DB3,3,test,4,455700,4,8,7,5,5,7,7
DB3,3,test,4,455800,4,8,7,6,6,1,7
DB3,3,test,4,455900,4,8,3,1,1,1,3
DB3,3,test,4,456000,4,8,4,5,5,4,3
DB3,3,test,4,456100,4,8,3,3,3,3,3
DB3,3,test,4,456200,4,9,3,6,6,3,3
DB3,3,test,4,456300,4,9,6,5,5,7,7
DB3,3,test,4,456400,4,5,4,4,4,4,4
DB3,3,test,4,456500,4,10,8,5,5,4,4
DB3,3,test,4,456600,4,10,4,4,4,4,4
DB3,3,test,4,456700,4,5,4,4,4,4,4
DB3,3,test,4,456800,4,5,4,4,4,4,4
DB3,3,test,4,456900,4,5,4,4,4,4,4
DB3,3,test,4,457000,4,5,4,4,4,4,4
DB3,3,test,4,457100,4,10,8,4,4,4,4
DB3,3,test,4,457200,4,5,4,4,4,4,4
DB3,3,test,4,457300,4,4,3,4,4,4,0
DB3,3,test,4,457400,4,1,9,4,4,9,0
DB3,3,test,4,457500,4,2,2,3,3,2,0
DB3,3,test,4,457600,4,2,2,1,1,2,0
DB3,3,test,4,457700,4,2,2,5,5,2,4
DB3,3,test,4,457800,4,2,2,5,5,2,5
DB3,3,test,4,457900,4,2,2,2,2,2,2
DB3,3,test,4,458000,4,2,5,5,5,2,2
DB3,3,test,4,458100,4,3,2,4,4,2,2
DB3,3,test,4,458200,4,3,2,2,2,2,7
DB3,3,test,4,458300,4,3,0,2,2,0,0
DB3,3,test,4,458400,4,3,0,4,0,0,0
DB3,3,test,5,458600,0,3,0,0,0,0,0
DB3,3,test,5,458700,0,0,0,0,0,0,0
DB3,3,test,5,458800,0,0,0,0,0,0,0
DB3,3,test,5,458900,0,3,0,0,0,0,0
DB3,3,test,5,459000,0,3,0,0,0,0,0
DB3,3,test,5,459100,0,3,0,0,0,0,0
DB3,3,test,5,459200,0,0,0,0,0,0,0
DB3,3,test,5,459300,0,0,0,0,0,0,0
DB3,3,test,5,459400,0,0,0,0,0,0,0
DB3,3,test,5,459500,0,0,0,0,0,0,0
DB3,3,test,5,459600,0,0,0,0,0,0,0
DB3,3,test,5,459700,0,0,0,0,0,0,0
DB3,3,test,5,459800,0,3,0,0,0,0,0
DB3,3,test,5,459900,0,3,0,0,0,0,0
DB3,3,test,5,460000,0,3,0,0,0,0,0
DB3,3,test,5,460100,0,3,0,0,0,0,0
DB3,3,test,5,460200,0,0,0,0,0,0,0
DB3,3,test,5,460300,0,0,0,0,0,0,0
DB3,3,test,5,460400,0,3,0,0,0,0,0
DB3,3,test,5,460500,0,3,0,0,0,0,0
DB3,3,test,5,460600,0,3,0,0,0,0,0
DB3,3,test,5,460700,0,0,0,0,0,0,0
DB3,3,test,5,460800,0,0,0,0,0,0,0
DB3,3,test,5,460900,0,0,0,0,0,0,0
DB3,3,test,5,461000,0,0,0,0,0,0,0
DB3,3,test,5,461100,0,0,0,0,0,0,0
DB3,3,test,5,461200,0,0,0,0,0,0,0
DB3,3,test,5,461300,0,0,0,0,0,0,0
DB3,3,test,5,461400,0,3,0,0,0,0,0
DB3,3,test,5,461500,0,3,0,0,0,0,0
DB3,3,test,5,461600,0,3,0,0,0,0,0
DB3,3,test,5,461700,0,3,0,0,0,0,0
DB3,3,test,5,461800,0,3,0,0,0,0,0
DB3,3,test,5,461900,0,3,0,0,0,0,0
DB3,3,test,5,462000,0,3,0,0,0,0,0
DB3,3,test,5,462100,0,0,0,0,0,0,0
DB3,3,test,5,462200,0,3,0,0,0,0,0
DB3,3,test,5,462300,0,3,0,7,0,0,0
DB3,3,test,5,462400,0,3,0,7,0,0,0
DB3,3,test,5,462500,0,3,0,0,0,0,0
DB3,3,test,5,462600,0,3,0,0,0,0,0
DB3,3,test,5,462700,0,0,0,0,0,0,0
DB3,3,test,5,462800,0,3,0,0,0,0,0
DB3,3,test,5,462900,0,3,0,0,0,0,0
DB3,3,test,5,463000,0,0,0,0,0,0,0
DB3,3,test,5,463100,0,3,0,0,0,0,0
DB3,3,test,5,463200,0,3,0,0,0,0,0
DB3,3,test,5,463300,0,3,0,0,0,0,0
DB3,3,test,5,463400,0,0,0,0,0,0,0
DB3,3,test,5,463500,0,5,0,0,0,0,0
DB3,3,test,5,463600,0,5,10,10,0,0,0
DB3,3,test,5,463700,0,4,10,10,10,10,0
DB3,3,test,5,463800,0,3,1,10,10,10,0
DB3,3,test,5,464000,4,9,5,6,6,5,7
DB3,3,test,5,464100,4,9,1,6,6,1,6
DB3,3,test,5,464200,4,9,7,5,5,1,4
DB3,3,test,5,464300,4,8,7,5,5,1,7
DB3,3,test,5,464400,4,9,1,5,5,1,3
DB3,3,test,5,464500,4,8,7,5,5,1,3
DB3,3,test,5,464600,4,9,7,5,5,3,3
DB3,3,test,5,464700,4,9,3,4,4,3,4
DB3,3,test,5,464800,4,9,3,4,4,3,4
DB3,3,test,5,464900,4,9,8,4,4,6,3
DB3,3,test,5,465000,4,9,3,4,4,3,5
DB3,3,test,5,465100,4,8,4,5,5,3,4
DB3,3,test,5,465200,4,9,4,3,3,3,4
DB3,3,test,5,465300,4,10,4,4,4,4,3
DB3,3,test,5,465400,4,10,4,8,8,4,4
DB3,3,test,5,465500,4,10,8,5,5,3,3
DB3,3,test,5,465600,4,9,8,5,5,3,4
DB3,3,test,5,465700,4,9,1,4,4,3,4
DB3,3,test,5,465800,4,9,4,3,3,4,4
DB3,3,test,5,465900,4,5,4,4,4,4,4
DB3,3,test,5,466000,4,5,4,4,4,4,4
DB3,3,test,5,466100,4,8,7,5,5,4,4
DB3,3,test,5,466200,4,3,4,0,0,2,0
DB3,3,test,5,466300,4,3,4,1,1,2,0
DB3,3,test,5,466400,4,3,2,3,3,2,2
DB3,3,test,5,466500,4,2,2,2,2,2,2
DB3,3,test,5,466600,4,10,9,4,4,9,2
DB3,3,test,5,466700,4,2,2,2,2,2,2
DB3,3,test,5,466800,4,2,2,2,2,2,2
DB3,3,test,5,466900,4,2,2,6,6,2,2
DB3,3,test,6,467200,0,0,0,0,0,0,0
DB3,3,test,6,467300,0,3,0,0,0,0,0
DB3,3,test,6,467400,0,3,7,1,0,2,0
DB3,3,test,6,467500,0,3,4,10,0,0,0
DB3,3,test,6,467600,0,3,0,7,0,0,0
DB3,3,test,6,467700,0,3,0,7,0,0,0
DB3,3,test,6,467800,0,0,0,0,0,0,0
DB3,3,test,6,467900,0,0,0,0,0,0,0
DB3,3,test,6,468000,0,0,0,0,0,0,0
DB3,3,test,6,468100,0,0,0,0,0,0,0
DB3,3,test,6,468200,0,0,0,0,0,0,0
DB3,3,test,6,468300,0,0,0,0,0,0,0
DB3,3,test,6,468400,0,0,0,0,0,0,0
DB3,3,test,6,468500,0,0,0,0,0,0,0
DB3,3,test,6,468600,0,0,0,0,0,0,0
DB3,3,test,6,468700,0,0,0,0,0,0,0
DB3,3,test,6,468800,0,0,0,0,0,0,0
DB3,3,test,6,468900,0,0,0,0,0,0,0
DB3,3,test,6,469000,0,0,0,0,0,0,0
DB3,3,test,6,469100,0,0,0,0,0,0,0
DB3,3,test,6,469200,0,0,0,0,0,0,0
DB3,3,test,6,469300,0,0,0,0,0,0,0
DB3,3,test,6,469400,0,0,0,0,0,0,0
DB3,3,test,6,469500,0,3,0,0,0,0,0
DB3,3,test,6,469600,0,3,0,0,0,0,0
DB3,3,test,6,469700,0,3,0,0,0,0,0
DB3,3,test,6,469800,0,3,0,0,0,0,0
DB3,3,test,6,469900,0,0,0,0,0,0,0
DB3,3,test,6,470000,0,0,0,0,0,0,0
DB3,3,test,6,470100,0,0,0,0,0,0,0
DB3,3,test,6,470200,0,0,0,0,0,0,0
DB3,3,test,6,470300,0,0,0,0,0,0,0
DB3,3,test,6,470400,0,0,0,0,0,0,0
DB3,3,test,6,470500,0,0,0,0,0,0,0
DB3,3,test,6,470600,0,0,0,0,0,0,0
DB3,3,test,6,470700,0,0,0,0,0,0,0
DB3,3,test,6,470800,0,0,0,0,0,0,0
DB3,3,test,6,470900,0,0,0,0,0,0,0
DB3,3,test,6,471000,0,0,0,0,0,0,0
DB3,3,test,6,471100,0,3,0,0,0,0,0
DB3,3,test,6,471200,0,3,0,0,0,0,0
DB3,3,test,6,471300,0,0,0,0,0,0,0
DB3,3,test,6,471400,0,0,0,0,0,0,0
DB3,3,test,6,471500,0,0,0,0,0,0,0
DB3,3,test,6,471600,0,0,0,0,0,0,0
DB3,3,test,6,471700,0,0,0,0,0,0,0
DB3,3,test,6,471800,0,0,0,0,0,0,0
DB3,3,test,6,471900,0,0,0,0,0,0,0
DB3,3,test,6,472000,0,3,0,0,0,0,0
DB3,3,test,6,472100,0,0,0,0,0,0,0
DB3,3,test,6,472200,0,0,0,0,0,0,0
DB3,3,test,6,472500,4,9,6,6,6,5,6
DB3,3,test,6,472600,4,9,6,5,5,5,4
DB3,3,test,6,472700,4,9,3,5,5,3,4
DB3,3,test,6,472800,4,8,3,4,4,3,4
DB3,3,test,6,472900,4,8,3,5,5,1,3
DB3,3,test,6,473000,4,8,3,5,5,3,3
DB3,3,test,6,473100,4,8,1,5,5,3,4
DB3,3,test,6,473200,4,9,4,4,4,4,4
DB3,3,test,6,473300,4,10,4,4,4,4,4
DB3,3,test,6,473400,4,10,4,4,4,3,5
DB3,3,test,6,473500,4,5,4,4,4,4,5
DB3,3,test,6,473600,4,5,4,4,4,8,3
DB3,3,test,6,473700,4,8,7,8,8,4,5
DB3,3,test,6,473800,4,8,4,5,5,3,4
DB3,3,test,6,473900,4,8,8,5,5,3,4
DB3,3,test,6,474000,4,10,4,5,5,4,4
DB3,3,test,6,474100,4,5,4,4,4,4,4
DB3,3,test,6,474200,4,10,6,4,4,6,5
DB3,3,test,6,474300,4,8,6,4,4,7,5
DB3,3,test,6,474400,4,5,7,5,5,4,0
DB3,3,test,6,474500,4,1,4,5,5,8,5
DB3,3,test,6,474600,4,2,5,4,4,5,5
DB3,3,test,6,474700,4,2,5,8,8,5,5
DB3,3,test,6,474800,4,10,6,5,5,5,5
DB3,3,test,6,474900,4,2,5,5,5,5,5
DB3,3,test,6,475000,4,2,2,4,4,2,5
DB3,3,test,6,475100,4,2,5,5,5,2,5
DB3,3,test,6,475200,4,2,5,5,5,2,5
DB3,3,test,6,475300,4,2,5,5,5,2,5
DB3,3,test,6,475400,4,2,5,5,5,2,5
DB3,3,test,6,475500,4,2,2,5,5,2,5
DB3,3,test,6,475600,4,2,2,5,5,2,5
DB3,3,test,6,475700,4,2,1,2,2,2,2
DB3,3,test,4,503000,0,10,10,0,0,0,0
DB3,3,test,4,503100,0,10,0,0,0,0,0
DB3,3,test,4,503200,0,0,0,0,0,0,0
DB3,3,test,4,503300,0,0,0,0,0,0,0
DB3,3,test,4,503400,0,0,0,0,0,0,0
DB3,3,test,4,503500,0,0,0,0,0,0,0
DB3,3,test,4,503600,0,0,0,0,0,0,0
DB3,3,test,4,503700,0,0,0,0,0,0,0
DB3,3,test,4,503800,0,0,0,0,0,0,0
DB3,3,test,4,503900,0,0,0,0,0,0,0
DB3,3,test,4,504000,0,0,0,0,0,0,0
DB3,3,test,4,504100,0,0,0,0,0,0,0
DB3,3,test,4,504200,0,0,0,0,0,0,0
DB3,3,test,4,504300,0,0,0,0,0,0,0
DB3,3,test,4,504400,0,0,0,0,0,0,0
DB3,3,test,4,504500,0,0,0,0,0,0,0
DB3,3,test,4,504600,0,0,0,0,0,0,0
DB3,3,test,4,504700,0,0,0,0,0,0,0
DB3,3,test,4,504800,0,0,0,0,0,0,0
DB3,3,test,4,504900,0,0,0,0,0,0,0
DB3,3,test,4,505000,0,0,0,0,0,0,0
DB3,3,test,4,505100,0,0,0,0,0,0,0
DB3,3,test,4,505200,0,0,0,0,0,0,0
DB3,3,test,4,505300,0,0,0,0,0,0,0
DB3,3,test,4,505400,0,0,0,0,0,0,0
DB3,3,test,4,505500,0,0,0,0,0,0,0
DB3,3,test,4,505600,0,0,0,0,0,0,0
DB3,3,test,4,505700,0,0,0,0,0,0,0
DB3,3,test,4,505800,0,0,0,0,0,0,0
DB3,3,test,4,505900,0,0,0,0,0,0,0
DB3,3,test,4,506000,0,0,0,0,0,0,0
DB3,3,test,4,506100,0,0,0,0,0,0,0
DB3,3,test,4,506200,0,0,0,0,0,0,0
DB3,3,test,4,506300,0,0,0,0,0,0,0
DB3,3,test,4,506400,0,0,0,0,0,0,0
DB3,3,test,4,506500,0,0,0,0,0,0,0
DB3,3,test,4,506600,0,3,0,0,0,0,0
DB3,3,test,4,506700,0,0,0,0,0,0,0
DB3,3,test,4,506800,0,0,0,0,0,0,0
DB3,3,test,4,506900,0,0,0,0,0,0,0
DB3,3,test,4,507000,0,0,0,0,0,0,0
DB3,3,test,4,507100,0,0,0,0,0,0,0
DB3,3,test,4,507200,0,0,0,0,0,0,0
DB3,3,test,4,507300,0,0,0,0,0,0,0
DB3,3,test,4,507400,0,0,0,0,0,0,0
DB3,3,test,4,507700,5,9,6,8,8,6,6
DB3,3,test,4,507800,5,9,6,5,5,6,4
DB3,3,test,4,507900,5,9,7,5,5,3,5
DB3,3,test,4,508000,5,8,1,1,1,1,7
DB3,3,test,4,508100,5,8,1,3,3,3,7
DB3,3,test,4,508200,5,8,7,7,7,3,7
DB3,3,test,4,508300,5,8,7,7,7,7,7
DB3,3,test,4,508400,5,2,6,5,5,6,5
DB3,3,test,4,508500,5,2,6,5,5,6,5
DB3,3,test,4,508600,5,2,5,5,5,6,5
DB3,3,test,4,508700,5,2,6,6,6,6,5
DB3,3,test,4,508800,5,2,6,5,5,6,5
DB3,3,test,4,508900,5,2,6,5,5,6,5
DB3,3,test,4,509000,5,2,6,5,5,6,5
DB3,3,test,4,509100,5,2,6,5,5,9,5
DB3,3,test,4,509200,5,4,6,5,5,8,5
DB3,3,test,4,509300,5,10,9,5,5,9,5
DB3,3,test,4,509400,5,2,6,5,5,6,5
DB3,3,test,4,509500,5,9,6,5,5,6,3
DB3,3,test,4,509600,5,4,9,1,1,9,0
DB3,3,test,4,509700,5,10,9,5,5,3,0
DB3,3,test,4,509800,5,9,8,5,5,1,5
DB3,3,test,4,509900,5,9,1,5,5,1,5
DB3,3,test,4,510000,5,8,1,5,5,1,5
DB3,3,test,4,510100,5,8,1,5,5,1,5
DB3,3,test,4,510200,5,8,1,5,5,1,5
DB3,3,test,4,510300,5,8,1,5,5,1,5
DB3,3,test,4,510400,5,8,7,5,5,1,5
DB3,3,test,4,510500,5,8,1,5,5,1,5
DB3,3,test,4,510600,5,8,1,5,5,1,5
DB3,3,test,4,510700,5,8,1,5,5,1,5
DB3,3,test,4,510800,5,8,1,5,5,1,11
DB3,3,test,4,510900,5,8,8,8,8,11,11
DB3,3,test,4,511000,5,11,4,0,0,0,0
DB3,3,test,4,511100,5,11,11,6,0,11,0
DB3,3,test,4,511200,5,11,0,6,0,11,0
DB3,3,test,4,511300,5,10,0,6,0,0,0
DB3,3,test,4,511400,5,10,0,1,0,0,0
DB3,3,test,4,511500,5,2,10,1,1,10,0
DB3,3,test,5,511800,0,0,0,0,0,0,0
DB3,3,test,5,511900,0,0,0,0,0,0,0
DB3,3,test,5,512000,0,0,0,0,0,0,0
DB3,3,test,5,512100,0,0,0,0,0,0,0
DB3,3,test,5,512200,0,0,0,0,0,0,0
DB3,3,test,5,512300,0,0,0,0,0,0,0
DB3,3,test,5,512400,0,0,0,0,0,0,0
DB3,3,test,5,512500,0,0,0,0,0,0,0
DB3,3,test,5,512600,0,0,0,0,0,0,0
DB3,3,test,5,512700,0,0,0,0,0,0,0
DB3,3,test,5,512800,0,0,0,0,0,0,0
DB3,3,test,5,512900,0,0,0,0,0,0,0
DB3,3,test,5,513000,0,0,0,0,0,0,0
DB3,3,test,5,513100,0,0,0,0,0,0,0
DB3,3,test,5,513200,0,0,0,0,0,0,0
DB3,3,test,5,513300,0,0,0,0,0,0,0
DB3,3,test,5,513400,0,0,0,0,0,0,0
DB3,3,test,5,513500,0,0,0,0,0,0,0
DB3,3,test,5,513600,0,0,0,0,0,0,0
DB3,3,test,5,513700,0,0,0,0,0,0,0
DB3,3,test,5,513800,0,0,0,0,0,0,0
DB3,3,test,5,513900,0,0,0,0,0,0,0
DB3,3,test,5,514000,0,0,0,0,0,0,0
DB3,3,test,5,514100,0,0,0,0,0,0,0
DB3,3,test,5,514200,0,0,0,0,0,0,0
DB3,3,test,5,514300,0,0,0,0,0,0,0
DB3,3,test,5,514400,0,0,0,0,0,0,0
DB3,3,test,5,514500,0,0,0,0,0,0,0
DB3,3,test,5,514600,0,0,0,0,0,0,0
DB3,3,test,5,514700,0,0,0,0,0,0,0
DB3,3,test,5,514800,0,0,0,0,0,0,0
DB3,3,test,5,514900,0,0,0,0,0,0,0
DB3,3,test,5,515000,0,0,0,0,0,0,0
DB3,3,test,5,515100,0,0,0,0,0,0,0
DB3,3,test,5,515200,0,0,0,0,0,0,0
DB3,3,test,5,515300,0,0,0,0,0,0,0
DB3,3,test,5,515400,0,0,0,0,0,0,0
DB3,3,test,5,515500,0,0,0,0,0,0,0
DB3,3,test,5,515600,0,0,0,0,0,0,0
DB3,3,test,5,515700,0,0,0,0,0,0,0
DB3,3,test,5,515800,0,0,0,0,0,0,0
DB3,3,test,5,515900,0,10,0,0,0,0,0
DB3,3,test,5,516000,0,10,10,0,0,0,0
DB3,3,test,5,516100,0,4,0,0,0,0,0
DB3,3,test,5,516200,0,0,0,0,0,0,0
DB3,3,test,5,516300,0,10,10,0,0,0,0
DB3,3,test,5,516600,5,9,3,5,5,3,5
DB3,3,test,5,516700,5,8,7,5,5,1,7
DB3,3,test,5,516800,5,8,7,7,7,1,7
DB3,3,test,5,516900,5,8,7,5,5,7,3
DB3,3,test,5,517000,5,9,3,4,4,3,4
DB3,3,test,5,517100,5,9,4,4,4,3,3
DB3,3,test,5,517200,5,2,6,5,5,6,5
DB3,3,test,5,517300,5,2,6,5,5,6,5
DB3,3,test,5,517400,5,2,6,5,5,6,5
DB3,3,test,5,517500,5,2,6,5,5,6,5
DB3,3,test,5,517600,5,2,6,5,5,6,5
DB3,3,test,5,517700,5,2,5,5,5,5,5
DB3,3,test,5,517800,5,2,5,5,5,5,5
DB3,3,test,5,517900,5,2,6,5,5,5,5
DB3,3,test,5,518000,5,2,6,5,5,6,5
DB3,3,test,5,518100,5,2,5,5,5,5,5
DB3,3,test,5,518200,5,2,6,5,5,5,5
DB3,3,test,5,518300,5,2,6,5,5,5,5
DB3,3,test,5,518400,5,2,6,5,5,6,5
DB3,3,test,5,518500,5,2,5,5,5,6,5
DB3,3,test,5,518600,5,2,1,5,5,2,4
DB3,3,test,5,518700,5,2,1,5,5,7,0
DB3,3,test,5,518800,5,9,4,8,8,4,0
DB3,3,test,5,518900,5,9,3,8,8,1,5
DB3,3,test,5,519000,5,8,1,8,8,3,5
DB3,3,test,5,519100,5,8,1,5,5,1,5
DB3,3,test,5,519200,5,8,1,5,5,1,7
DB3,3,test,5,519300,5,8,1,5,5,1,5
DB3,3,test,5,519400,5,9,1,5,5,1,5
DB3,3,test,5,519500,5,7,4,4,4,1,4
DB3,3,test,5,519600,5,5,4,4,4,4,4
DB3,3,test,5,519700,5,8,4,5,5,1,4
DB3,3,test,5,519800,5,8,4,5,5,4,4
DB3,3,test,5,519900,5,7,4,4,4,4,0
DB3,3,test,5,520000,5,5,4,8,0,11,0
DB3,3,test,5,520100,5,4,9,9,9,11,0
DB3,3,test,5,520200,5,10,10,9,9,11,4
DB3,3,test,5,520300,5,3,10,4,4,10,0
DB3,3,test,5,520400,5,3,4,10,10,10,0
DB3,3,test,5,520500,5,10,4,10,10,10,0
DB3,3,test,6,520800,0,0,0,0,0,0,0
DB3,3,test,6,520900,0,0,0,0,0,0,0
DB3,3,test,6,521000,0,0,0,0,0,0,0
DB3,3,test,6,521100,0,0,0,0,0,0,0
DB3,3,test,6,521200,0,0,0,0,0,0,0
DB3,3,test,6,521300,0,0,0,0,0,0,0
DB3,3,test,6,521400,0,0,0,0,0,0,0
DB3,3,test,6,521500,0,0,0,0,0,0,0
DB3,3,test,6,521600,0,0,0,0,0,0,0
DB3,3,test,6,521700,0,0,0,0,0,0,0
DB3,3,test,6,521800,0,0,0,0,0,0,0
DB3,3,test,6,521900,0,0,0,0,0,0,0
DB3,3,test,6,522000,0,0,0,0,0,0,0
DB3,3,test,6,522100,0,0,0,0,0,0,0
DB3,3,test,6,522200,0,0,0,0,0,0,0
DB3,3,test,6,522300,0,0,0,0,0,0,0
DB3,3,test,6,522400,0,0,0,0,0,0,0
DB3,3,test,6,522500,0,0,0,0,0,0,0
DB3,3,test,6,522600,0,0,0,0,0,0,0
DB3,3,test,6,522700,0,10,0,0,0,0,0
DB3,3,test,6,522800,0,10,0,0,0,0,0
DB3,3,test,6,522900,0,0,0,0,0,0,0
DB3,3,test,6,523000,0,0,0,0,0,0,0
DB3,3,test,6,523100,0,0,0,0,0,0,0
DB3,3,test,6,523200,0,0,0,0,0,0,0
DB3,3,test,6,523300,0,0,0,0,0,0,0
DB3,3,test,6,523400,0,0,0,0,0,0,0
DB3,3,test,6,523500,0,0,0,0,0,0,0
DB3,3,test,6,523600,0,0,0,0,0,0,0
DB3,3,test,6,523700,0,0,0,0,0,0,0
DB3,3,test,6,523800,0,0,0,0,0,0,0
DB3,3,test,6,523900,0,0,0,0,0,0,0
DB3,3,test,6,524000,0,0,0,0,0,0,0
DB3,3,test,6,524100,0,0,0,0,0,0,0
DB3,3,test,6,524200,0,0,0,0,0,0,0
DB3,3,test,6,524300,0,0,0,0,0,0,0
DB3,3,test,6,524400,0,0,0,0,0,0,0
DB3,3,test,6,524500,0,0,0,0,0,0,0
DB3,3,test,6,524600,0,0,0,0,0,0,0
DB3,3,test,6,524700,0,0,0,0,0,0,0
DB3,3,test,6,524800,0,0,0,0,0,0,0
DB3,3,test,6,524900,0,0,0,0,0,0,0
DB3,3,test,6,525000,0,0,0,0,0,0,0
DB3,3,test,6,525100,0,0,0,0,0,0,0
DB3,3,test,6,525400,5,2,5,6,6,5,4
DB3,3,test,6,525500,5,9,3,6,6,3,4
DB3,3,test,6,525600,5,9,3,7,7,3,6
DB3,3,test,6,525700,5,9,5,7,7,1,7
DB3,3,test,6,525800,5,9,6,7,7,5,7
DB3,3,test,6,525900,5,9,3,5,5,3,7
DB3,3,test,6,526000,5,8,3,4,4,3,4
DB3,3,test,6,526100,5,10,8,3,3,4,4
DB3,3,test,6,526200,5,10,8,5,5,8,5
DB3,3,test,6,526300,5,2,5,5,5,5,5
DB3,3,test,6,526400,5,2,5,5,5,5,5
DB3,3,test,6,526500,5,2,6,7,7,6,5
DB3,3,test,6,526600,5,9,6,7,7,6,5
DB3,3,test,6,526700,5,9,1,5,5,1,1
DB3,3,test,6,526800,5,9,7,5,5,1,1
DB3,3,test,6,526900,5,9,7,5,5,6,7
DB3,3,test,6,527000,5,8,7,5,5,7,5
DB3,3,test,6,527100,5,9,7,5,5,1,5
DB3,3,test,6,527200,5,9,6,6,6,6,5
DB3,3,test,6,527300,5,9,6,6,6,4,5
DB3,3,test,6,527400,5,10,9,4,4,4,5
DB3,3,test,6,527500,5,10,8,4,4,3,5
DB3,3,test,6,527600,5,9,8,5,5,1,5
DB3,3,test,6,527700,5,8,4,5,5,1,5
DB3,3,test,6,527800,5,8,1,5,5,1,5
DB3,3,test,6,527900,5,8,1,5,5,1,5
DB3,3,test,6,528000,5,8,7,5,5,3,7
DB3,3,test,6,528100,5,8,3,5,5,3,4
DB3,3,test,6,528200,5,8,1,3,3,1,5
DB3,3,test,6,528300,5,8,1,4,4,1,7
DB3,3,test,6,528400,5,8,1,5,5,1,7
DB3,3,test,6,528500,5,8,7,5,5,1,5
DB3,3,test,6,528600,5,9,1,5,5,1,7
DB3,3,test,6,528700,5,7,1,5,5,7,4
DB3,3,test,6,528800,5,0,0,0,0,0,0
DB3,3,test,6,528900,5,1,4,6,0,4,0
DB3,3,test,6,529000,5,3,1,1,1,2,0
DB3,3,test,6,529100,5,3,2,3,3,2,0
DB3,3,test,4,556100,0,0,4,0,0,0,0
DB3,3,test,4,556200,0,4,9,0,0,0,0
DB3,3,test,4,556300,0,3,4,0,0,0,0
DB3,3,test,4,556400,0,3,0,0,0,0,0
DB3,3,test,4,556500,0,0,0,0,0,0,0
DB3,3,test,4,556600,0,0,0,0,0,0,0
DB3,3,test,4,556700,0,0,0,0,0,0,0
DB3,3,test,4,556800,0,0,0,0,0,0,0
DB3,3,test,4,556900,0,0,0,0,0,0,0
DB3,3,test,4,557000,0,0,0,0,0,0,0
DB3,3,test,4,557100,0,0,0,0,0,0,0
DB3,3,test,4,557200,0,3,0,0,0,0,0
DB3,3,test,4,557300,0,3,0,0,0,0,0
DB3,3,test,4,557400,0,0,0,0,0,0,0
DB3,3,test,4,557500,0,0,0,0,0,0,0
DB3,3,test,4,557600,0,0,0,0,0,0,0
DB3,3,test,4,557700,0,0,0,0,0,0,0
DB3,3,test,4,557800,0,0,0,0,0,0,0
DB3,3,test,4,557900,0,3,0,0,0,0,0
DB3,3,test,4,558000,0,3,0,0,0,0,0
DB3,3,test,4,558100,0,0,0,0,0,0,0
DB3,3,test,4,558200,0,3,7,0,0,0,0
DB3,3,test,4,558300,0,3,7,7,0,0,0
DB3,3,test,4,558400,0,3,0,0,0,0,0
DB3,3,test,4,558500,0,0,0,0,0,0,0
DB3,3,test,4,558600,0,3,0,0,0,0,0
DB3,3,test,4,558700,0,3,0,7,0,0,0
DB3,3,test,4,558800,0,3,7,7,0,0,0
DB3,3,test,4,558900,0,3,7,7,0,0,0
DB3,3,test,4,559000,0,0,0,6,0,0,0
DB3,3,test,4,559100,0,0,0,0,0,0,0
DB3,3,test,4,559200,0,0,0,0,0,0,0
DB3,3,test,4,559300,0,0,0,0,0,0,0
DB3,3,test,4,559400,0,0,0,0,0,0,0
DB3,3,test,4,559500,0,0,0,0,0,0,0
DB3,3,test,4,559600,0,0,0,0,0,0,0
DB3,3,test,4,559700,0,0,0,0,0,0,0
DB3,3,test,4,559800,0,0,0,0,0,0,0
DB3,3,test,4,559900,0,3,0,0,0,0,0
DB3,3,test,4,560000,0,0,0,0,0,0,0
DB3,3,test,4,560100,0,0,0,0,0,0,0
DB3,3,test,4,560200,0,0,0,0,0,0,0
DB3,3,test,4,560300,0,0,0,0,0,0,0
DB3,3,test,4,560400,0,10,10,0,0,0,0
DB3,3,test,5,564900,0,0,0,0,0,0,0
DB3,3,test,5,565000,0,0,0,0,0,0,0
DB3,3,test,5,565100,0,0,0,0,0,0,0
DB3,3,test,5,565200,0,0,0,0,0,0,0
DB3,3,test,5,565300,0,0,0,0,0,0,0
DB3,3,test,5,565400,0,0,0,0,0,0,0
DB3,3,test,5,565500,0,0,0,0,0,0,0
DB3,3,test,5,565600,0,0,0,0,0,0,0
DB3,3,test,5,565700,0,0,0,0,0,0,0
DB3,3,test,5,565800,0,3,0,0,0,0,0
DB3,3,test,5,565900,0,0,0,0,0,0,0
DB3,3,test,5,566000,0,0,0,0,0,0,0
DB3,3,test,5,566100,0,0,0,0,0,0,0
DB3,3,test,5,566200,0,0,0,0,0,0,0
DB3,3,test,5,566300,0,0,0,0,0,0,0
DB3,3,test,5,566400,0,0,0,0,0,0,0
DB3,3,test,5,566500,0,10,10,0,0,0,0
DB3,3,test,5,566600,0,5,10,0,0,0,0
DB3,3,test,5,566700,0,0,0,0,0,0,0
DB3,3,test,5,566800,0,0,0,0,0,0,0
DB3,3,test,5,566900,0,0,0,0,0,0,0
DB3,3,test,5,567000,0,0,0,0,0,0,0
DB3,3,test,5,567100,0,0,0,0,0,0,0
DB3,3,test,5,567200,0,0,0,0,0,0,0
DB3,3,test,5,567300,0,10,0,0,0,0,0
DB3,3,test,5,567400,0,5,10,0,0,0,0
DB3,3,test,5,567500,0,4,10,0,0,0,0
DB3,3,test,5,567600,0,4,0,0,0,0,0
DB3,3,test,5,567700,0,4,0,9,0,0,0
DB3,3,test,5,567800,0,4,9,9,0,0,0
DB3,3,test,5,567900,0,4,9,10,10,0,10
DB3,3,test,5,568000,0,5,10,5,5,10,10
DB3,3,test,5,568100,0,10,4,5,5,10,6
DB3,3,test,5,568200,0,9,3,5,5,4,10
DB3,3,test,5,568300,0,8,5,5,5,4,10
DB3,3,test,5,568400,0,10,10,10,10,10,10
DB3,3,test,5,568500,0,10,10,10,0,10,0
DB3,3,test,5,568600,0,4,0,0,0,0,0
DB3,3,test,5,568700,0,4,0,0,0,0,0
DB3,3,test,5,568800,0,0,0,0,0,0,0
DB3,3,test,5,568900,0,0,0,0,0,0,0
DB3,3,test,5,569000,0,0,0,0,0,0,0
DB3,3,test,5,569100,0,0,0,0,0,0,0
DB3,3,test,5,569200,0,0,0,0,0,0,0
DB3,3,test,5,569300,0,0,0,10,0,0,0
DB3,3,test,6,574000,0,0,0,0,0,0,0
DB3,3,test,6,574100,0,0,0,0,0,0,0
DB3,3,test,6,574200,0,0,0,0,0,0,0
DB3,3,test,6,574300,0,0,0,0,0,0,0
DB3,3,test,6,574400,0,0,0,0,0,0,0
DB3,3,test,6,574500,0,0,0,0,0,0,0
DB3,3,test,6,574600,0,0,0,0,0,0,0
DB3,3,test,6,574700,0,0,0,0,0,0,0
DB3,3,test,6,574800,0,0,0,0,0,0,0
DB3,3,test,6,574900,0,0,0,0,0,0,0
DB3,3,test,6,575000,0,0,0,0,0,0,0
DB3,3,test,6,575100,0,0,0,0,0,0,0
DB3,3,test,6,575200,0,0,0,0,0,0,0
DB3,3,test,6,575300,0,0,0,0,0,0,0
DB3,3,test,6,575400,0,0,0,0,0,0,0
DB3,3,test,6,575500,0,0,0,0,0,0,0
DB3,3,test,6,575600,0,0,0,0,0,0,0
DB3,3,test,6,575700,0,0,0,0,0,0,0
DB3,3,test,6,575800,0,0,0,0,0,0,0
DB3,3,test,6,575900,0,0,0,0,0,0,0
DB3,3,test,6,576000,0,0,0,0,0,0,0
DB3,3,test,6,576100,0,0,0,0,0,0,0
DB3,3,test,6,576200,0,0,0,0,0,0,0
DB3,3,test,6,576300,0,0,0,0,0,0,0
DB3,3,test,6,576400,0,0,0,0,0,0,0
DB3,3,test,6,576500,0,0,0,0,0,0,0
DB3,3,test,6,576600,0,0,0,0,0,0,0
DB3,3,test,6,576700,0,0,0,0,0,0,0
DB3,3,test,6,576800,0,0,0,0,0,0,0
DB3,3,test,6,576900,0,0,0,0,0,0,0
DB3,3,test,6,577000,0,0,0,0,0,0,0
DB3,3,test,6,577100,0,10,0,0,0,0,0
DB3,3,test,6,577200,0,10,10,0,0,0,0
DB3,3,test,6,577300,0,4,0,0,0,0,0
DB3,3,test,6,577400,0,0,0,0,0,0,0
DB3,3,test,6,577500,0,0,0,0,0,0,0
DB3,3,test,6,577600,0,0,0,0,0,0,0
DB3,3,test,6,577700,0,0,0,0,0,0,0
DB3,3,test,6,577800,0,0,0,0,0,0,0
DB3,3,test,6,577900,0,10,10,0,0,0,0
DB3,3,test,4,608700,0,0,0,0,0,0,0
DB3,3,test,4,608800,0,0,0,0,0,0,0
DB3,3,test,4,608900,0,10,0,0,0,0,0
DB3,3,test,4,609000,0,10,0,0,0,0,0
DB3,3,test,4,609100,0,0,0,0,0,0,0
DB3,3,test,4,609200,0,0,0,0,0,0,0
DB3,3,test,4,609300,0,0,0,0,0,0,0
DB3,3,test,4,609400,0,0,0,0,0,0,0
DB3,3,test,4,609500,0,0,0,0,0,0,0
DB3,3,test,4,609600,0,0,0,0,0,0,0
DB3,3,test,4,609700,0,0,0,0,0,0,0
DB3,3,test,4,609800,0,0,0,0,0,0,0
DB3,3,test,4,609900,0,0,0,0,0,0,0
DB3,3,test,4,610000,0,0,0,0,0,0,0
DB3,3,test,4,610100,0,0,0,0,0,0,0
DB3,3,test,4,610200,0,0,0,0,0,0,0
DB3,3,test,4,610300,0,0,0,0,0,0,0
DB3,3,test,4,610400,0,0,0,0,0,0,0
DB3,3,test,4,610500,0,0,0,0,0,0,0
DB3,3,test,4,610600,0,0,0,0,0,0,0
DB3,3,test,4,610700,0,0,0,0,0,0,0
DB3,3,test,4,610800,0,0,0,0,0,0,0
DB3,3,test,4,610900,0,0,0,0,0,0,0
DB3,3,test,4,611000,0,0,0,0,0,0,0
DB3,3,test,4,611100,0,0,0,0,0,0,0
DB3,3,test,4,611200,0,0,0,0,0,0,0
DB3,3,test,4,611300,0,0,0,0,0,0,0
DB3,3,test,4,611400,0,0,0,0,0,0,0
DB3,3,test,4,611500,0,3,0,7,0,0,0
DB3,3,test,4,611600,0,3,0,0,0,0,0
DB3,3,test,4,611700,0,0,0,0,0,0,0
DB3,3,test,4,611800,0,0,0,0,0,0,0
DB3,3,test,4,611900,0,0,0,0,0,0,0
DB3,3,test,4,612000,0,0,0,0,0,0,0
DB3,3,test,4,612100,0,0,0,0,0,0,0
DB3,3,test,4,612200,0,0,0,0,0,0,0
DB3,3,test,4,612300,0,0,0,0,0,0,0
DB3,3,test,4,612400,0,0,0,0,0,0,0
DB3,3,test,4,612500,0,0,0,0,0,0,0
DB3,3,test,4,612600,0,0,0,0,0,0,0
DB3,3,test,4,612700,0,3,0,0,0,0,0
DB3,3,test,4,612800,0,3,0,0,0,0,0
DB3,3,test,4,612900,0,0,0,0,0,0,0
DB3,3,test,4,613000,0,0,0,0,0,0,0
DB3,3,test,4,613100,0,0,0,0,0,0,0
DB3,3,test,4,613200,0,0,0,0,0,0,0
DB3,3,test,4,613300,0,0,0,0,0,0,0
DB3,3,test,5,617400,0,0,0,0,0,0,0
DB3,3,test,5,617500,0,0,0,0,0,0,0
DB3,3,test,5,617600,0,0,0,0,0,0,0
DB3,3,test,5,617700,0,0,0,0,0,0,0
DB3,3,test,5,617800,0,0,0,0,0,0,0
DB3,3,test,5,617900,0,0,0,0,0,0,0
DB3,3,test,5,618000,0,0,0,0,0,0,0
DB3,3,test,5,618100,0,0,0,0,0,0,0
DB3,3,test,5,618200,0,0,0,0,0,0,0
DB3,3,test,5,618300,0,0,0,0,0,0,0
DB3,3,test,5,618400,0,0,0,0,0,0,0
DB3,3,test,5,618500,0,0,0,0,0,0,0
DB3,3,test,5,618600,0,0,0,0,0,0,0
DB3,3,test,5,618700,0,0,0,0,0,0,0
DB3,3,test,5,618800,0,0,0,0,0,0,0
DB3,3,test,5,618900,0,0,0,0,0,0,0
DB3,3,test,5,619000,0,0,0,0,0,0,0
DB3,3,test,5,619100,0,0,0,0,0,0,0
DB3,3,test,5,619200,0,0,0,0,0,0,0
DB3,3,test,5,619300,0,0,0,0,0,0,0
DB3,3,test,5,619400,0,0,0,0,0,0,0
DB3,3,test,5,619500,0,0,0,0,0,0,0
DB3,3,test,5,619600,0,0,0,0,0,0,0
DB3,3,test,5,619700,0,0,0,0,0,0,0
DB3,3,test,5,619800,0,3,0,0,0,0,0
DB3,3,test,5,619900,0,3,0,0,0,0,0
DB3,3,test,5,620000,0,0,0,0,0,0,0
DB3,3,test,5,620100,0,0,0,0,0,0,0
DB3,3,test,5,620200,0,0,0,0,0,0,0
DB3,3,test,5,620300,0,0,0,0,0,0,0
DB3,3,test,5,620400,0,0,0,0,0,0,0
DB3,3,test,5,620500,0,0,0,0,0,0,0
DB3,3,test,5,620600,0,0,0,0,0,0,0
DB3,3,test,5,620700,0,0,0,0,0,0,0
DB3,3,test,5,620800,0,3,0,0,0,0,0
DB3,3,test,5,620900,0,3,0,0,0,0,0
DB3,3,test,5,621000,0,3,4,0,0,0,0
DB3,3,test,5,621100,0,3,3,0,0,0,0
DB3,3,test,5,621200,0,3,0,0,0,0,0
DB3,3,test,5,621300,0,0,0,0,0,0,0
DB3,3,test,5,621400,0,0,0,0,0,0,0
DB3,3,test,5,621500,0,0,0,0,0,0,0
DB3,3,test,5,621600,0,0,0,0,0,0,0
DB3,3,test,5,621700,0,0,0,0,0,0,0
DB3,3,test,5,621800,0,3,0,0,0,0,0
DB3,3,test,5,621900,0,3,0,0,0,0,0
DB3,3,test,5,622000,0,3,0,0,0,0,0
DB3,3,test,5,622100,0,3,0,0,0,0,0
DB3,3,test,6,626600,0,0,0,0,0,0,0
DB3,3,test,6,626700,0,0,0,0,0,0,0
DB3,3,test,6,626800,0,0,0,0,0,0,0
DB3,3,test,6,626900,0,0,0,0,0,0,0
DB3,3,test,6,627000,0,3,0,0,0,0,0
DB3,3,test,6,627100,0,3,0,0,0,0,0
DB3,3,test,6,627200,0,0,0,0,0,0,0
DB3,3,test,6,627300,0,0,0,0,0,0,0
DB3,3,test,6,627400,0,0,0,0,0,0,0
DB3,3,test,6,627500,0,0,0,0,0,0,0
DB3,3,test,6,627600,0,0,0,0,0,0,0
DB3,3,test,6,627700,0,0,0,0,0,0,0
DB3,3,test,6,627800,0,0,0,0,0,0,0
DB3,3,test,6,627900,0,0,0,0,0,0,0
DB3,3,test,6,628000,0,0,0,0,0,0,0
DB3,3,test,6,628100,0,0,0,0,0,0,0
DB3,3,test,6,628200,0,3,7,0,0,0,0
DB3,3,test,6,628300,0,3,0,0,0,0,0
DB3,3,test,6,628400,0,0,0,0,0,0,0
DB3,3,test,6,628500,0,3,0,0,0,0,0
DB3,3,test,6,628600,0,3,0,0,0,0,0
DB3,3,test,6,628700,0,3,0,0,0,0,0
DB3,3,test,6,628800,0,0,0,0,0,0,0
DB3,3,test,6,628900,0,0,0,0,0,0,0
DB3,3,test,6,629000,0,0,0,0,0,0,0
DB3,3,test,6,629100,0,3,0,0,0,0,0
DB3,3,test,6,629200,0,3,0,0,0,0,0
DB3,3,test,6,629300,0,3,0,7,0,0,0
DB3,3,test,6,629400,0,3,0,7,7,0,0
DB3,3,test,6,629500,0,3,7,0,0,0,0
DB3,3,test,6,629600,0,0,7,0,0,0,0
DB3,3,test,6,629700,0,3,0,0,0,0,0
DB3,3,test,6,629800,0,3,0,0,0,0,0
DB3,3,test,6,629900,0,0,0,0,0,0,0
DB3,3,test,6,630000,0,3,0,0,0,0,0
DB3,3,test,6,630100,0,3,0,0,0,0,0
DB3,3,test,6,630200,0,0,0,0,0,0,0
DB3,3,test,6,630300,0,0,0,0,0,0,0
DB3,3,test,6,630400,0,0,0,0,0,0,0
DB3,3,test,6,630500,0,0,0,0,0,0,0
DB3,3,test,6,630600,0,3,0,0,0,0,0
DB3,3,test,6,630700,0,3,0,0,0,0,0
DB3,3,test,6,630800,0,3,0,0,0,0,0
DB3,3,test,6,630900,0,3,0,0,0,0,0
DB3,3,test,6,631000,0,10,7,0,0,0,0
DB3,3,test,4,660800,0,4,9,9,9,9,0
DB3,3,test,4,660900,0,5,9,4,0,10,0
DB3,3,test,4,661000,0,5,10,10,0,0,0
DB3,3,test,4,661100,0,4,9,9,0,0,0
DB3,3,test,4,661200,0,4,0,10,0,0,0
DB3,3,test,4,661300,0,0,0,0,0,0,0
DB3,3,test,4,661400,0,0,10,0,0,0,0
DB3,3,test,4,661500,0,0,0,0,0,0,0
DB3,3,test,4,661600,0,3,10,0,0,0,0
DB3,3,test,4,661700,0,2,2,4,4,2,0
DB3,3,test,4,661800,0,4,3,8,8,0,0
DB3,3,test,4,661900,0,0,0,0,0,0,0
DB3,3,test,4,662000,0,0,0,0,0,0,0
DB3,3,test,4,662100,0,0,0,0,0,0,0
DB3,3,test,4,662200,0,0,0,0,0,0,0
DB3,3,test,4,662300,0,0,0,0,0,0,0
DB3,3,test,4,662400,0,0,0,0,0,0,0
DB3,3,test,4,662500,0,0,0,0,0,0,0
DB3,3,test,4,662600,0,0,0,0,0,0,0
DB3,3,test,4,662700,0,0,0,0,0,0,0
DB3,3,test,4,662800,0,0,0,0,0,0,0
DB3,3,test,4,662900,0,0,0,0,0,0,0
DB3,3,test,4,663000,0,0,0,0,0,0,0
DB3,3,test,4,663100,0,0,0,0,0,0,0
DB3,3,test,4,663200,0,0,0,0,0,0,0
DB3,3,test,4,663300,0,0,0,0,0,0,0
DB3,3,test,4,663400,0,0,0,0,0,0,0
DB3,3,test,4,663500,0,0,0,0,0,0,0
DB3,3,test,4,663600,0,0,0,0,0,0,0
DB3,3,test,4,663700,0,0,0,0,0,0,0
DB3,3,test,4,663800,0,0,0,0,0,0,0
DB3,3,test,4,663900,0,0,0,0,0,0,0
DB3,3,test,4,664000,0,0,0,0,0,0,0
DB3,3,test,4,664100,0,10,3,0,0,0,0
DB3,3,test,4,664200,0,9,3,0,0,0,0
DB3,3,test,4,664300,0,0,0,0,0,0,0
DB3,3,test,4,664400,0,10,0,0,0,0,0
DB3,3,test,4,664500,0,0,0,0,0,0,0
DB3,3,test,4,664600,0,0,0,0,0,0,0
DB3,3,test,4,664700,0,0,0,0,0,0,0
DB3,3,test,4,664800,0,0,0,0,0,0,0
DB3,3,test,4,664900,0,0,0,0,0,0,0
DB3,3,test,4,665000,0,0,0,0,0,0,0
DB3,3,test,4,665100,0,0,0,0,0,0,0
DB3,3,test,4,665200,0,10,9,0,0,0,0
DB3,3,test,4,665300,0,10,9,6,0,0,0
DB3,3,test,4,665400,0,10,9,0,0,0,0
DB3,3,test,4,665500,0,0,0,0,0,0,0
DB3,3,test,4,665600,0,0,0,0,0,0,0
DB3,3,test,4,665700,0,0,0,0,0,0,0
DB3,3,test,4,665800,0,0,0,0,0,0,0
DB3,3,test,4,665900,0,0,0,0,0,0,0
DB3,3,test,4,666000,0,3,0,0,0,0,0
DB3,3,test,4,666100,0,0,0,0,0,0,0
DB3,3,test,4,666400,6,8,3,5,5,3,4
DB3,3,test,4,666500,6,9,1,6,6,3,6
DB3,3,test,4,666600,6,9,1,6,6,1,7
DB3,3,test,4,666700,6,8,7,6,6,1,1
DB3,3,test,4,666800,6,8,1,6,6,1,1
DB3,3,test,4,666900,6,8,1,6,6,1,1
DB3,3,test,4,667000,6,9,3,3,3,1,7
DB3,3,test,4,667100,6,9,5,6,6,7,7
DB3,3,test,4,667200,6,2,4,4,4,9,5
DB3,3,test,4,667300,6,10,8,4,4,9,5
DB3,3,test,4,667400,6,10,8,8,8,4,4
DB3,3,test,4,667500,6,8,7,8,8,1,4
DB3,3,test,4,667600,6,7,1,5,5,1,5
DB3,3,test,4,667700,6,7,1,5,5,1,5
DB3,3,test,4,667800,6,8,1,5,5,1,5
DB3,3,test,4,667900,6,8,1,4,4,1,4
DB3,3,test,4,668000,6,9,7,5,5,1,5
DB3,3,test,4,668100,6,9,7,7,7,1,7
DB3,3,test,4,668200,6,8,11,4,4,1,7
DB3,3,test,4,668300,6,4,1,7,7,1,7
DB3,3,test,4,668400,6,4,11,6,6,6,6
DB3,3,test,4,668500,6,4,11,6,6,11,6
DB3,3,test,4,668600,6,4,11,5,5,11,11
DB3,3,test,4,668700,6,10,8,5,5,4,4
DB3,3,test,4,668800,6,8,8,5,5,8,5
DB3,3,test,4,668900,6,8,4,5,5,1,7
DB3,3,test,4,669000,6,8,4,5,5,1,7
DB3,3,test,4,669100,6,8,7,5,5,1,7
DB3,3,test,4,669200,6,8,4,5,5,3,7
DB3,3,test,4,669300,6,8,7,5,5,7,7
DB3,3,test,4,669400,6,8,7,5,5,4,6
DB3,3,test,4,669500,6,8,1,4,4,8,4
DB3,3,test,4,669600,6,5,1,11,11,11,4
DB3,3,test,4,669700,6,5,4,5,5,4,0
DB3,3,test,4,669800,6,8,7,5,5,7,0
DB3,3,test,4,669900,6,10,4,0,0,0,0
DB3,3,test,4,670000,6,10,4,0,0,0,0
DB3,3,test,4,670100,6,0,0,0,0,0,0
DB3,3,test,4,670200,6,0,0,0,0,0,0
DB3,3,test,4,670300,6,0,0,0,0,0,0
DB3,3,test,4,670400,6,3,1,6,6,0,0
DB3,3,test,5,670700,0,0,0,0,0,0,0
DB3,3,test,5,670800,0,0,0,0,0,0,0
DB3,3,test,5,670900,0,0,0,0,0,0,0
DB3,3,test,5,671000,0,0,0,0,0,0,0
DB3,3,test,5,671100,0,0,0,0,0,0,0
DB3,3,test,5,671200,0,0,0,0,0,0,0
DB3,3,test,5,671300,0,0,0,0,0,0,0
DB3,3,test,5,671400,0,0,0,0,0,0,0
DB3,3,test,5,671500,0,0,0,0,0,0,0
DB3,3,test,5,671600,0,0,0,0,0,0,0
DB3,3,test,5,671700,0,0,0,0,0,0,0
DB3,3,test,5,671800,0,0,0,0,0,0,0
DB3,3,test,5,671900,0,0,0,0,0,0,0
DB3,3,test,5,672000,0,0,0,0,0,0,0
DB3,3,test,5,672100,0,0,0,0,0,0,0
DB3,3,test,5,672200,0,0,0,0,0,0,0
DB3,3,test,5,672300,0,0,0,0,0,0,0
DB3,3,test,5,672400,0,0,0,0,0,0,0
DB3,3,test,5,672500,0,0,0,0,0,0,0
DB3,3,test,5,672600,0,0,0,0,0,0,0
DB3,3,test,5,672700,0,0,0,0,0,0,0
DB3,3,test,5,672800,0,0,0,0,0,0,0
DB3,3,test,5,672900,0,0,0,0,0,0,0
DB3,3,test,5,673000,0,0,0,0,0,0,0
DB3,3,test,5,673100,0,3,0,0,0,0,0
DB3,3,test,5,673200,0,0,0,0,0,0,0
DB3,3,test,5,673300,0,0,4,0,0,0,0
DB3,3,test,5,673400,0,5,9,0,0,0,0
DB3,3,test,5,673500,0,10,9,0,0,0,0
DB3,3,test,5,673600,0,0,0,0,0,0,0
DB3,3,test,5,673700,0,0,0,0,0,0,0
DB3,3,test,5,673800,0,10,10,10,0,0,0
DB3,3,test,5,673900,0,10,10,10,0,10,0
DB3,3,test,5,674000,0,10,9,0,0,0,0
DB3,3,test,5,674100,0,10,4,0,0,0,0
DB3,3,test,5,674200,0,0,0,0,0,0,0
DB3,3,test,5,674300,0,0,0,0,0,0,0
DB3,3,test,5,674400,0,0,0,0,0,0,0
DB3,3,test,5,674500,0,0,0,0,0,0,0
DB3,3,test,5,674600,0,0,0,0,0,0,0
DB3,3,test,5,674700,0,10,10,0,0,0,0
DB3,3,test,5,674800,0,10,10,10,0,0,0
DB3,3,test,5,674900,0,10,10,10,0,0,0
DB3,3,test,5,675200,6,8,1,7,7,3,7
DB3,3,test,5,675300,6,9,6,6,6,3,7
DB3,3,test,5,675400,6,9,7,6,6,7,6
DB3,3,test,5,675500,6,8,1,6,6,3,1
DB3,3,test,5,675600,6,8,1,6,6,3,1
DB3,3,test,5,675700,6,9,3,7,7,1,3
DB3,3,test,5,675800,6,8,7,7,7,7,7
DB3,3,test,5,675900,6,8,7,5,5,3,3
DB3,3,test,5,676000,6,5,4,5,5,8,5
DB3,3,test,5,676100,6,2,6,5,5,5,5
DB3,3,test,5,676200,6,10,4,4,4,4,3
DB3,3,test,5,676300,6,10,10,10,10,10,11
DB3,3,test,5,676400,6,10,10,7,7,10,10
DB3,3,test,5,676500,6,10,10,6,6,6,6
DB3,3,test,5,676600,6,9,7,6,6,6,7
DB3,3,test,5,676700,6,9,5,6,6,5,6
DB3,3,test,5,676800,6,9,5,6,6,5,6
DB3,3,test,5,676900,6,9,6,6,6,6,6
DB3,3,test,5,677000,6,9,6,6,6,6,6
DB3,3,test,5,677100,6,9,6,6,6,6,6
DB3,3,test,5,677200,6,2,6,8,8,6,6
DB3,3,test,5,677300,6,2,8,8,8,6,6
DB3,3,test,5,677400,6,4,8,6,6,8,6
DB3,3,test,5,677500,6,2,8,6,6,8,8
DB3,3,test,5,677600,6,10,8,8,8,4,4
DB3,3,test,5,677700,6,9,8,5,5,3,6
DB3,3,test,5,677800,6,9,8,5,5,3,5
DB3,3,test,5,677900,6,9,8,7,7,3,7
DB3,3,test,5,678000,6,9,1,7,7,1,7
DB3,3,test,5,678100,6,9,1,7,7,1,7
DB3,3,test,6,678300,0,9,6,5,5,7,6
DB3,3,test,6,678400,0,9,7,5,5,7,0
DB3,3,test,6,678500,0,5,6,5,5,4,0
DB3,3,test,6,678600,0,10,4,4,4,0,0
DB3,3,test,6,678700,0,0,0,0,0,0,0
DB3,3,test,6,678800,0,0,0,0,0,0,0
DB3,3,test,6,678900,0,0,0,10,0,0,0
DB3,3,test,6,679000,0,3,0,0,0,0,0
DB3,3,test,6,679100,0,3,0,0,0,0,0
DB3,3,test,6,679200,0,1,4,4,0,0,0
DB3,3,test,6,679300,0,10,4,4,4,10,0
DB3,3,test,6,679400,0,10,4,4,4,4,0
DB3,3,test,6,679500,0,1,4,4,4,4,0
DB3,3,test,6,679600,0,1,9,4,4,4,0
DB3,3,test,6,679700,0,1,9,8,8,11,0
DB3,3,test,6,679800,0,4,4,4,4,4,4
DB3,3,test,6,679900,0,10,4,4,4,11,4
DB3,3,test,6,680000,0,7,9,8,8,11,0
DB3,3,test,6,680100,0,1,9,4,4,9,4
DB3,3,test,6,680200,0,1,9,5,5,4,4
DB3,3,test,6,680300,0,1,4,5,5,8,4
DB3,3,test,6,680400,0,1,4,5,5,4,0
DB3,3,test,6,680500,0,1,4,4,4,4,0
DB3,3,test,6,680600,0,10,9,4,4,4,4
DB3,3,test,6,680700,0,1,9,0,4,4,4
DB3,3,test,6,680800,0,1,3,1,0,0,0
DB3,3,test,6,680900,0,1,4,1,0,0,0
DB3,3,test,6,681000,0,1,4,4,4,0,0
DB3,3,test,6,681100,0,10,4,0,0,0,0
DB3,3,test,6,681200,0,0,0,0,0,0,0
DB3,3,test,6,681300,0,0,0,0,0,0,0
DB3,3,test,6,681400,0,0,0,1,0,0,0
DB3,3,test,6,681500,0,3,0,0,6,0,0
DB3,3,test,6,681600,0,3,4,7,7,2,0
DB3,3,test,6,681700,0,3,7,7,7,2,0
DB3,3,test,6,681800,0,3,4,1,0,0,0
DB3,3,test,6,681900,0,3,3,0,0,0,0
DB3,3,test,6,682000,0,3,4,0,0,0,0
DB3,3,test,6,682100,0,3,0,0,0,0,0
DB3,3,test,6,682200,0,3,4,0,0,0,0
DB3,3,test,6,682300,0,3,4,4,4,2,0
DB3,3,test,6,682400,0,3,2,4,4,2,0
DB3,3,test,6,682500,0,3,7,1,0,2,0
DB3,3,test,6,682600,0,0,0,0,0,0,0
DB3,3,test,6,682700,0,0,0,0,0,0,0
DB3,3,test,6,682800,0,0,0,0,0,0,0
DB3,3,test,6,682900,0,0,0,0,0,0,0
DB3,3,test,6,683000,0,3,0,0,0,0,0
DB3,3,test,6,683100,0,3,0,1,0,2,0
DB3,3,test,6,683200,0,3,0,0,0,0,0
DB3,3,test,6,683300,0,0,0,0,0,0,0
DB3,3,test,6,683400,0,3,0,0,0,0,0
DB3,3,test,6,683500,0,3,0,0,0,0,0
DB3,3,test,6,683600,0,3,0,0,0,0,0
DB3,3,test,6,683700,0,3,0,7,0,0,0
DB3,3,test,6,683800,0,3,0,7,0,0,0
DB3,3,test,6,683900,0,3,0,0,0,0,0
DB3,3,test,6,684100,6,10,10,5,5,6,4
DB3,3,test,6,684200,6,9,8,5,5,3,6
DB3,3,test,6,684300,6,9,6,6,6,1,7
DB3,3,test,6,684400,6,8,7,6,6,1,1
DB3,3,test,6,684500,6,9,6,7,7,6,1
DB3,3,test,6,684600,6,9,6,1,1,6,7
DB3,3,test,6,684700,6,9,1,7,7,1,7
DB3,3,test,6,684800,6,7,3,4,4,1,6
DB3,3,test,6,684900,6,1,9,6,6,9,3
DB3,3,test,6,685000,6,10,9,6,6,8,7
DB3,3,test,6,685100,6,2,10,6,6,6,8
DB3,3,test,6,685200,6,2,2,6,6,2,6
DB3,3,test,6,685300,6,2,6,6,6,6,6
DB3,3,test,6,685400,6,2,6,6,6,6,6
DB3,3,test,6,685500,6,2,6,6,6,6,6
DB3,3,test,6,685600,6,2,2,6,6,2,6
DB3,3,test,6,685700,6,2,2,2,2,2,6
DB3,3,test,6,685800,6,2,2,6,6,2,2
DB3,3,test,6,685900,6,10,8,2,2,6,2
DB3,3,test,6,686000,6,2,2,2,2,2,2
DB3,3,test,6,686100,6,3,2,2,2,2,2
DB3,3,test,6,686200,6,3,2,2,2,2,2
DB3,3,test,6,686300,6,3,2,2,2,2,2
DB3,3,test,6,686400,6,3,2,2,2,2,2
DB3,3,test,6,686500,6,8,7,8,8,7,7
DB3,3,test,6,686600,6,5,9,8,8,6,6
DB3,3,test,6,686700,6,9,3,5,5,6,6
DB3,3,test,6,686800,6,8,1,5,5,7,7
DB3,3,test,6,686900,6,8,1,6,6,1,7
DB3,3,test,6,687000,6,8,3,7,7,3,7
DB3,3,test,6,687100,6,9,1,7,7,1,7
DB3,3,test,6,687200,6,8,1,7,7,1,7
DB3,3,test,6,687300,6,8,1,7,7,7,6
DB3,3,test,6,687400,6,8,5,3,3,5,3
DB3,3,test,6,687500,6,2,5,6,6,5,6
DB3,3,test,6,687600,6,10,6,4,4,5,11
DB3,3,test,6,687700,6,4,9,2,2,9,2
DB3,3,test,6,687800,6,5,4,6,6,4,7
DB3,3,test,6,687900,6,10,8,10,10,0,0
DB3,3,test,6,688000,6,10,2,1,1,2,7
DB3,3,test,4,714200,0,0,7,0,0,0,0
DB3,3,test,4,714300,0,10,0,10,0,0,0
DB3,3,test,4,714400,0,10,4,10,10,0,0
DB3,3,test,4,714500,0,3,4,7,0,0,0
DB3,3,test,4,714600,0,3,7,7,0,0,0
DB3,3,test,4,714700,0,0,0,0,0,0,0
DB3,3,test,4,714800,0,0,0,0,0,0,0
DB3,3,test,4,714900,0,0,0,0,0,0,0
DB3,3,test,4,715000,0,0,0,0,0,0,0
DB3,3,test,4,715100,0,0,0,0,0,0,0
DB3,3,test,4,715200,0,0,0,0,0,0,0
DB3,3,test,4,715300,0,0,0,0,0,0,0
DB3,3,test,4,715400,0,0,0,0,0,0,0
DB3,3,test,4,715500,0,0,0,0,0,0,0
DB3,3,test,4,715600,0,0,0,0,0,0,0
DB3,3,test,4,715700,0,0,0,0,0,0,0
DB3,3,test,4,715800,0,0,0,0,0,0,0
DB3,3,test,4,715900,0,0,0,0,0,0,0
DB3,3,test,4,716000,0,0,0,0,0,0,0
DB3,3,test,4,716100,0,0,0,0,0,0,0
DB3,3,test,4,716200,0,0,0,0,0,0,0
DB3,3,test,4,716300,0,0,0,0,0,0,0
DB3,3,test,4,716400,0,0,0,0,0,0,0
DB3,3,test,4,716500,0,0,0,0,0,0,0
DB3,3,test,4,716600,0,0,0,0,0,0,0
DB3,3,test,4,716700,0,0,0,0,0,0,0
DB3,3,test,4,716800,0,0,0,0,0,0,0
DB3,3,test,4,716900,0,0,0,0,0,0,0
DB3,3,test,4,717000,0,0,0,0,0,0,0
DB3,3,test,4,717100,0,0,0,0,0,0,0
DB3,3,test,4,717200,0,0,0,0,0,0,0
DB3,3,test,4,717300,0,0,0,0,0,0,0
DB3,3,test,4,717400,0,0,0,0,0,0,0
DB3,3,test,4,717500,0,0,0,0,0,0,0
DB3,3,test,4,717600,0,0,0,0,0,0,0
DB3,3,test,4,717700,0,0,0,0,0,0,0
DB3,3,test,4,717800,0,0,0,0,0,0,0
DB3,3,test,4,717900,0,0,0,0,0,0,0
DB3,3,test,4,718000,0,0,0,0,0,0,0
DB3,3,test,4,718100,0,0,0,0,0,0,0
DB3,3,test,4,718200,0,0,0,0,0,0,0
DB3,3,test,4,718300,0,0,0,0,0,0,0
DB3,3,test,4,718400,0,0,0,0,0,0,0
DB3,3,test,4,718500,0,0,0,0,0,0,0
DB3,3,test,4,718600,0,0,0,0,0,0,0
DB3,3,test,4,718700,0,0,0,0,0,0,0
DB3,3,test,4,718800,0,0,0,0,0,0,0
DB3,3,test,4,718900,0,0,0,0,0,0,0
DB3,3,test,4,719000,0,0,0,0,0,0,0
DB3,3,test,4,719100,0,10,0,0,0,0,0
DB3,3,test,4,719300,7,8,6,5,5,6,4
DB3,3,test,4,719400,7,8,6,5,5,3,7
DB3,3,test,4,719500,7,8,1,6,6,1,7
DB3,3,test,4,719600,7,8,1,6,6,1,1
DB3,3,test,4,719700,7,8,1,7,7,3,7
DB3,3,test,4,719800,7,8,1,5,5,1,7
DB3,3,test,4,719900,7,5,1,5,5,3,7
DB3,3,test,4,720000,7,5,4,5,5,8,4
DB3,3,test,4,720100,7,10,8,6,6,8,6
DB3,3,test,4,720200,7,2,6,6,6,5,7
DB3,3,test,4,720300,7,9,1,7,7,1,7
DB3,3,test,4,720400,7,8,1,7,7,1,7
DB3,3,test,4,720500,7,8,1,7,7,1,1
DB3,3,test,4,720600,7,8,1,7,7,1,1
DB3,3,test,4,720700,7,8,1,7,7,1,7
DB3,3,test,4,720800,7,8,1,7,7,1,7
DB3,3,test,4,720900,7,9,1,7,7,1,7
DB3,3,test,4,721000,7,8,7,5,5,7,7
DB3,3,test,4,721100,7,8,7,3,3,7,7
DB3,3,test,4,721200,7,8,7,7,7,7,7
DB3,3,test,4,721300,7,8,7,6,6,7,6
DB3,3,test,4,721400,7,4,9,9,9,0,0
DB3,3,test,4,721500,7,5,4,4,4,10,11
DB3,3,test,4,721600,7,10,11,7,7,10,0
DB3,3,test,5,721800,0,3,2,7,7,2,0
DB3,3,test,5,721900,0,3,7,7,7,2,0
DB3,3,test,5,722000,0,3,7,6,0,0,0
DB3,3,test,5,722100,0,3,0,7,0,0,0
DB3,3,test,5,722200,0,0,0,7,0,0,0
DB3,3,test,5,722300,0,0,0,0,0,0,0
DB3,3,test,5,722400,0,0,0,0,0,0,0
DB3,3,test,5,722500,0,0,0,0,0,0,0
DB3,3,test,5,722600,0,0,0,0,0,0,0
DB3,3,test,5,722700,0,0,0,0,0,0,0
DB3,3,test,5,722800,0,0,0,0,0,0,0
DB3,3,test,5,722900,0,0,0,0,0,0,0
DB3,3,test,5,723000,0,3,0,0,0,0,0
DB3,3,test,5,723100,0,3,7,9,9,2,0
DB3,3,test,5,723200,0,3,7,0,10,0,0
DB3,3,test,5,723300,0,0,0,0,0,0,0
DB3,3,test,5,723400,0,3,0,0,0,0,0
DB3,3,test,5,723500,0,0,0,0,0,0,0
DB3,3,test,5,723600,0,0,0,0,0,0,0
DB3,3,test,5,723700,0,0,0,0,0,0,0
DB3,3,test,5,723800,0,0,0,0,0,0,0
DB3,3,test,5,723900,0,0,0,0,0,0,0
DB3,3,test,5,724000,0,0,0,0,0,0,0
DB3,3,test,5,724100,0,0,0,0,0,0,0
DB3,3,test,5,724200,0,0,0,0,0,0,0
DB3,3,test,5,724300,0,0,0,0,0,0,0
DB3,3,test,5,724400,0,0,0,0,0,0,0
DB3,3,test,5,724500,0,0,0,0,0,0,0
DB3,3,test,5,724600,0,0,0,0,0,0,0
DB3,3,test,5,724700,0,0,0,0,0,0,0
DB3,3,test,5,724800,0,0,0,0,0,0,0
DB3,3,test,5,724900,0,0,0,0,0,0,0
DB3,3,test,5,725000,0,0,0,0,0,0,0
DB3,3,test,5,725100,0,0,0,0,0,0,0
DB3,3,test,5,725200,0,0,0,0,0,0,0
DB3,3,test,5,725300,0,0,0,0,0,0,0
DB3,3,test,5,725400,0,0,0,0,0,0,0
DB3,3,test,5,725500,0,0,0,0,0,0,0
DB3,3,test,5,725600,0,0,0,0,0,0,0
DB3,3,test,5,725700,0,0,0,0,0,0,0
DB3,3,test,5,725800,0,0,0,0,0,0,0
DB3,3,test,5,725900,0,0,0,0,0,0,0
DB3,3,test,5,726000,0,0,0,0,0,0,0
DB3,3,test,5,726100,0,0,0,0,0,0,0
DB3,3,test,5,726200,0,0,0,0,0,0,0
DB3,3,test,5,726300,0,0,0,0,0,0,0
DB3,3,test,5,726400,0,0,0,0,0,0,0
DB3,3,test,5,726500,0,0,0,0,0,0,0
DB3,3,test,5,726600,0,0,0,0,0,0,0
DB3,3,test,5,726700,0,0,0,0,0,0,0
DB3,3,test,5,726800,0,0,0,0,0,0,0
DB3,3,test,5,726900,0,0,0,0,0,0,0
DB3,3,test,5,727000,0,0,0,0,0,0,0
DB3,3,test,5,727100,0,0,0,0,0,0,0
DB3,3,test,5,727200,0,0,0,0,0,0,0
DB3,3,test,5,727300,0,0,0,0,0,0,0
DB3,3,test,5,727400,0,0,0,0,0,0,0
DB3,3,test,5,727500,0,3,0,0,0,0,0
DB3,3,test,5,727600,0,0,0,0,0,0,0
DB3,3,test,5,727700,0,0,0,0,0,0,0
DB3,3,test,5,727800,0,0,0,0,0,0,0
DB3,3,test,5,728100,7,10,8,6,6,4,4
DB3,3,test,5,728200,7,9,8,6,6,3,7
DB3,3,test,5,728300,7,8,6,5,5,6,7
DB3,3,test,5,728400,7,8,7,7,7,1,7
DB3,3,test,5,728500,7,8,5,7,7,3,7
DB3,3,test,5,728600,7,5,6,8,8,8,7
DB3,3,test,5,728700,7,2,8,8,8,8,5
DB3,3,test,5,728800,7,10,8,5,5,8,5
DB3,3,test,5,728900,7,8,7,6,6,1,7
DB3,3,test,5,729000,7,8,7,6,6,1,7
DB3,3,test,5,729100,7,8,1,7,7,1,1
DB3,3,test,5,729200,7,9,7,1,1,1,1
DB3,3,test,5,729300,7,8,7,1,1,1,7
DB3,3,test,5,729400,7,8,7,7,7,1,7
DB3,3,test,5,729500,7,9,1,7,7,1,7
DB3,3,test,5,729600,7,8,1,7,7,1,7
DB3,3,test,5,729700,7,9,7,7,7,1,7
DB3,3,test,5,729800,7,8,7,1,1,7,7
DB3,3,test,5,729900,7,8,7,1,1,1,7
DB3,3,test,5,730000,7,5,1,7,7,7,7
DB3,3,test,5,730100,7,4,8,6,6,8,6
DB3,3,test,5,730200,7,9,6,6,6,5,7
DB3,3,test,5,730300,7,9,7,7,7,1,7
DB3,3,test,5,730400,7,8,7,4,4,7,6
DB3,3,test,5,730500,7,10,7,7,7,10,7
DB3,3,test,5,730600,7,2,2,2,2,2,7
DB3,3,test,5,730700,7,2,2,2,2,2,7
DB3,3,test,5,730800,7,10,7,2,2,2,7
DB3,3,test,6,731000,0,10,10,10,0,0,0
DB3,3,test,6,731100,0,3,0,0,0,0,0
DB3,3,test,6,731200,0,0,0,0,0,0,0
DB3,3,test,6,731300,0,0,0,0,0,0,0
DB3,3,test,6,731400,0,3,7,7,0,0,0
DB3,3,test,6,731500,0,0,7,6,0,0,0
DB3,3,test,6,731600,0,0,0,6,0,0,0
DB3,3,test,6,731700,0,0,0,0,0,0,0
DB3,3,test,6,731800,0,0,0,0,0,0,0
DB3,3,test,6,731900,0,3,0,0,0,0,0
DB3,3,test,6,732000,0,3,7,4,4,2,0
DB3,3,test,6,732100,0,3,2,4,4,2,7
DB3,3,test,6,732200,0,3,4,4,0,0,0
DB3,3,test,6,732300,0,0,0,0,0,0,0
DB3,3,test,6,732400,0,0,0,0,0,0,0
DB3,3,test,6,732500,0,0,0,0,0,0,0
DB3,3,test,6,732600,0,0,0,0,0,0,0
DB3,3,test,6,732700,0,0,0,0,0,0,0
DB3,3,test,6,732800,0,0,0,0,0,0,0
DB3,3,test,6,732900,0,0,0,0,0,0,0
DB3,3,test,6,733000,0,0,0,0,0,0,0
DB3,3,test,6,733100,0,0,0,0,0,0,0
DB3,3,test,6,733200,0,0,0,0,0,0,0
DB3,3,test,6,733300,0,0,0,0,0,0,0
DB3,3,test,6,733400,0,0,0,0,0,0,0
DB3,3,test,6,733500,0,0,0,0,0,0,0
DB3,3,test,6,733600,0,0,0,0,0,0,0
DB3,3,test,6,733700,0,0,0,0,0,0,0
DB3,3,test,6,733800,0,0,0,0,0,0,0
DB3,3,test,6,733900,0,0,0,0,0,0,0
DB3,3,test,6,734000,0,0,0,0,0,0,0
DB3,3,test,6,734100,0,0,0,0,0,0,0
DB3,3,test,6,734200,0,0,0,0,0,0,0
DB3,3,test,6,734300,0,0,0,0,0,0,0
DB3,3,test,6,734400,0,0,0,0,0,0,0
DB3,3,test,6,734500,0,0,0,0,0,0,0
DB3,3,test,6,734600,0,0,0,0,0,0,0
DB3,3,test,6,734700,0,0,0,0,0,0,0
DB3,3,test,6,734800,0,0,0,0,0,0,0
DB3,3,test,6,734900,0,0,0,0,0,0,0
DB3,3,test,6,735000,0,0,0,0,0,0,0
DB3,3,test,6,735100,0,0,0,0,0,0,0
DB3,3,test,6,735200,0,0,0,0,0,0,0
DB3,3,test,6,735300,0,0,0,0,0,0,0
DB3,3,test,6,735400,0,0,0,0,0,0,0
DB3,3,test,6,735500,0,0,0,0,0,0,0
DB3,3,test,6,735600,0,0,0,0,0,0,0
DB3,3,test,6,735700,0,0,0,0,0,0,0
DB3,3,test,6,735800,0,0,0,0,0,0,0
DB3,3,test,6,735900,0,0,0,0,0,0,0
DB3,3,test,6,736000,0,0,0,0,0,0,0
DB3,3,test,6,736100,0,0,0,0,0,0,0
DB3,3,test,6,736200,0,0,0,0,0,0,0
DB3,3,test,6,736300,0,0,0,0,0,0,0
DB3,3,test,6,736400,0,0,0,0,0,0,0
DB3,3,test,6,736500,0,0,0,0,0,0,0
DB3,3,test,6,736600,0,0,0,0,0,0,0
DB3,3,test,6,736700,0,10,0,0,0,0,0
DB3,3,test,6,736800,0,10,0,0,0,0,0
DB3,3,test,6,736900,0,0,0,0,0,0,0
DB3,3,test,6,737100,7,9,5,5,5,3,4
DB3,3,test,6,737200,7,9,5,5,5,3,7
DB3,3,test,6,737300,7,9,3,6,6,3,7
DB3,3,test,6,737400,7,10,8,5,5,3,7
DB3,3,test,6,737500,7,10,8,8,8,8,5
DB3,3,test,6,737600,7,10,10,8,8,8,5
DB3,3,test,6,737700,7,10,10,8,8,10,11
DB3,3,test,6,737800,7,10,10,6,6,9,6
DB3,3,test,6,737900,7,9,6,6,6,6,7
DB3,3,test,6,738000,7,9,7,7,7,1,7
DB3,3,test,6,738100,7,9,3,7,7,3,7
DB3,3,test,6,738200,7,9,3,7,7,3,7
DB3,3,test,6,738300,7,8,7,7,7,1,7
DB3,3,test,6,738400,7,8,7,1,1,1,7
DB3,3,test,6,738500,7,9,7,1,1,1,7
DB3,3,test,6,738600,7,9,7,6,6,1,7
DB3,3,test,6,738700,7,8,8,6,6,8,7
DB3,3,test,6,738800,7,8,3,7,7,3,7
DB3,3,test,6,738900,7,9,6,3,3,3,7
DB3,3,test,6,739000,7,2,6,7,7,6,5
DB3,3,test,6,739100,7,2,4,7,7,10,0
DB3,3,test,6,739200,7,10,4,8,8,4,11
DB3,3,test,6,739300,7,8,4,5,5,4,4
DB3,3,test,6,739400,7,10,4,5,5,4,8
DB3,3,test,6,739500,7,2,10,7,7,6,6
DB3,3,test,6,739600,7,2,6,6,6,6,6
DB3,3,test,6,739700,7,2,5,6,6,6,7
DB3,3,test,6,739800,7,2,2,6,6,10,10
DB3,3,test,4,766700,0,3,0,0,0,0,0
DB3,3,test,4,766800,0,3,0,0,0,0,0
DB3,3,test,4,766900,0,3,0,0,0,0,0
DB3,3,test,4,767000,0,3,0,0,0,0,0
DB3,3,test,4,767100,0,0,0,0,0,0,0
DB3,3,test,4,767200,0,0,0,0,0,0,0
DB3,3,test,4,767300,0,0,0,0,0,0,0
DB3,3,test,4,767400,0,0,0,0,0,0,0
DB3,3,test,4,767500,0,0,0,0,0,0,0
DB3,3,test,4,767600,0,0,0,0,0,0,0
DB3,3,test,4,767700,0,0,0,0,0,0,0
DB3,3,test,4,767800,0,10,0,0,0,0,0
DB3,3,test,4,767900,0,10,0,0,0,0,0
DB3,3,test,4,768000,0,0,0,0,0,0,0
DB3,3,test,4,768100,0,0,0,0,0,0,0
DB3,3,test,4,768200,0,0,0,0,0,0,0
DB3,3,test,4,768300,0,0,0,0,0,0,0
DB3,3,test,4,768400,0,0,0,0,0,0,0
DB3,3,test,4,768500,0,0,0,0,0,0,0
DB3,3,test,4,768600,0,0,0,0,0,0,0
DB3,3,test,4,768700,0,0,0,0,0,0,0
DB3,3,test,4,768800,0,0,0,0,0,0,0
DB3,3,test,4,768900,0,0,0,0,0,0,0
DB3,3,test,4,769000,0,0,0,0,0,0,0
DB3,3,test,4,769100,0,0,0,0,0,0,0
DB3,3,test,4,769200,0,0,0,0,0,0,0
DB3,3,test,4,769300,0,0,0,0,0,0,0
DB3,3,test,4,769400,0,0,0,0,0,0,0
DB3,3,test,4,769500,0,0,0,0,0,0,0
DB3,3,test,4,769600,0,0,0,0,0,0,0
DB3,3,test,4,769700,0,0,0,0,0,0,0
DB3,3,test,4,769800,0,0,0,0,0,0,0
DB3,3,test,4,769900,0,0,0,0,0,0,0
DB3,3,test,4,770000,0,0,0,0,0,0,0
DB3,3,test,4,770100,0,0,0,0,0,0,0
DB3,3,test,4,770200,0,0,0,0,0,0,0
DB3,3,test,4,770300,0,0,0,0,0,0,0
DB3,3,test,4,770400,0,0,0,0,0,0,0
DB3,3,test,4,770500,0,0,0,0,0,0,0
DB3,3,test,4,770600,0,0,0,0,0,0,0
DB3,3,test,4,770700,0,0,0,0,0,0,0
DB3,3,test,4,770800,0,0,0,0,0,0,0
DB3,3,test,4,770900,0,0,0,0,0,0,0
DB3,3,test,4,771000,0,0,0,0,0,0,0
DB3,3,test,4,771100,0,0,0,0,0,0,0
DB3,3,test,4,771200,0,0,0,0,0,0,0
DB3,3,test,4,771300,0,0,0,0,0,0,0
DB3,3,test,4,771400,0,0,0,0,0,0,0
DB3,3,test,4,771500,0,0,0,0,0,0,0
DB3,3,test,4,771600,0,0,0,0,0,0,0
DB3,3,test,4,771700,0,0,0,0,0,0,0
DB3,3,test,4,771800,0,0,0,0,0,0,0
DB3,3,test,4,771900,0,0,0,0,0,0,0
DB3,3,test,4,772000,0,0,0,0,0,0,0
DB3,3,test,4,772100,0,0,0,0,0,0,0
DB3,3,test,4,772200,0,0,0,0,0,0,0
DB3,3,test,4,772300,0,0,0,0,0,0,0
DB3,3,test,5,775100,0,10,11,5,0,0,0
DB3,3,test,5,775200,0,10,4,7,0,0,0
DB3,3,test,5,775300,0,0,7,7,0,0,0
DB3,3,test,5,775400,0,0,0,7,0,0,0
DB3,3,test,5,775500,0,0,0,10,0,0,0
DB3,3,test,5,775600,0,0,0,10,0,0,0
DB3,3,test,5,775700,0,0,0,0,0,0,0
DB3,3,test,5,775800,0,0,0,0,0,0,0
DB3,3,test,5,775900,0,0,0,0,0,0,0
DB3,3,test,5,776000,0,0,0,0,0,0,0
DB3,3,test,5,776100,0,0,0,0,0,0,0
DB3,3,test,5,776200,0,0,0,0,0,0,0
DB3,3,test,5,776300,0,0,0,0,0,0,0
DB3,3,test,5,776400,0,0,0,0,0,0,0
DB3,3,test,5,776500,0,0,0,0,0,0,0
DB3,3,test,5,776600,0,0,0,0,0,0,0
DB3,3,test,5,776700,0,0,0,0,0,0,0
DB3,3,test,5,776800,0,0,0,0,0,0,0
DB3,3,test,5,776900,0,0,0,0,0,0,0
DB3,3,test,5,777000,0,0,0,0,0,0,0
DB3,3,test,5,777100,0,0,0,0,0,0,0
DB3,3,test,5,777200,0,0,0,0,0,0,0
DB3,3,test,5,777300,0,0,0,0,0,0,0
DB3,3,test,5,777400,0,0,0,0,0,0,0
DB3,3,test,5,777500,0,0,0,0,0,0,0
DB3,3,test,5,777600,0,0,0,0,0,0,0
DB3,3,test,5,777700,0,0,0,0,0,0,0
DB3,3,test,5,777800,0,0,0,0,0,0,0
DB3,3,test,5,777900,0,0,0,0,0,0,0
DB3,3,test,5,778000,0,0,0,0,0,0,0
DB3,3,test,5,778100,0,0,0,0,0,0,0
DB3,3,test,5,778200,0,0,0,0,0,0,0
DB3,3,test,5,778300,0,0,0,0,0,0,0
DB3,3,test,5,778400,0,0,0,0,0,0,0
DB3,3,test,5,778500,0,0,0,0,0,0,0
DB3,3,test,5,778600,0,0,0,0,0,0,0
DB3,3,test,5,778700,0,0,0,0,0,0,0
DB3,3,test,5,778800,0,0,0,0,0,0,0
DB3,3,test,5,778900,0,0,0,0,0,0,0
DB3,3,test,5,779000,0,0,0,0,0,0,0
DB3,3,test,5,779100,0,0,4,0,0,0,0
DB3,3,test,5,779200,0,3,0,0,0,0,0
DB3,3,test,5,779300,0,0,0,0,0,0,0
DB3,3,test,5,779400,0,0,0,0,0,0,0
DB3,3,test,5,779500,0,0,0,0,0,0,0
DB3,3,test,5,779600,0,0,0,0,0,0,0
DB3,3,test,5,779700,0,0,0,0,0,0,0
DB3,3,test,5,779800,0,0,0,0,0,0,0
DB3,3,test,5,779900,0,0,0,0,0,0,0
DB3,3,test,5,780000,0,0,0,0,0,0,0
DB3,3,test,5,780100,0,0,0,0,0,0,0
DB3,3,test,5,780200,0,0,0,0,0,0,0
DB3,3,test,5,780300,0,0,0,0,0,0,0
DB3,3,test,5,780400,0,0,0,0,0,0,0
DB3,3,test,5,780500,0,0,0,0,0,0,0
DB3,3,test,5,780600,0,1,4,0,0,0,0
DB3,3,test,5,780700,0,10,0,0,0,0,0
DB3,3,test,5,780800,0,10,9,0,0,0,0
DB3,3,test,5,780900,0,4,4,0,0,0,0
DB3,3,test,5,781000,0,0,0,0,0,0,0
DB3,3,test,5,781100,0,0,0,0,0,0,0
DB3,3,test,5,781200,0,0,0,0,0,0,0
DB3,3,test,5,781300,0,0,0,0,0,0,0
DB3,3,test,5,781400,0,0,0,0,0,0,0
DB3,3,test,6,783900,0,11,11,11,0,0,0
DB3,3,test,6,784000,0,10,10,9,0,0,0
DB3,3,test,6,784100,0,10,10,0,0,0,0
DB3,3,test,6,784200,0,10,10,0,0,0,0
DB3,3,test,6,784300,0,10,4,0,0,0,0
DB3,3,test,6,784400,0,0,0,0,0,0,0
DB3,3,test,6,784500,0,0,0,0,0,0,0
DB3,3,test,6,784600,0,0,0,0,0,0,0
DB3,3,test,6,784700,0,0,0,0,0,0,0
DB3,3,test,6,784800,0,0,0,0,0,0,0
DB3,3,test,6,784900,0,0,0,0,0,0,0
DB3,3,test,6,785000,0,10,4,0,0,0,0
DB3,3,test,6,785100,0,10,9,0,0,0,0
DB3,3,test,6,785200,0,10,4,6,0,0,0
DB3,3,test,6,785300,0,0,0,0,0,0,0
DB3,3,test,6,785400,0,0,0,0,0,0,0
DB3,3,test,6,785500,0,0,0,0,0,0,0
DB3,3,test,6,785600,0,0,0,0,0,0,0
DB3,3,test,6,785700,0,0,0,0,0,0,0
DB3,3,test,6,785800,0,0,0,0,0,0,0
DB3,3,test,6,785900,0,0,0,0,0,0,0
DB3,3,test,6,786000,0,0,0,0,0,0,0
DB3,3,test,6,786100,0,0,0,0,0,0,0
DB3,3,test,6,786200,0,0,0,0,0,0,0
DB3,3,test,6,786300,0,0,0,0,0,0,0
DB3,3,test,6,786400,0,0,0,0,0,0,0
DB3,3,test,6,786500,0,0,0,0,0,0,0
DB3,3,test,6,786600,0,0,0,0,0,0,0
DB3,3,test,6,786700,0,0,0,0,0,0,0
DB3,3,test,6,786800,0,0,0,0,0,0,0
DB3,3,test,6,786900,0,0,0,0,0,0,0
DB3,3,test,6,787000,0,0,0,0,0,0,0
DB3,3,test,6,787100,0,0,0,0,0,0,0
DB3,3,test,6,787200,0,0,0,0,0,0,0
DB3,3,test,6,787300,0,0,0,0,0,0,0
DB3,3,test,6,787400,0,0,0,0,0,0,0
DB3,3,test,6,787500,0,0,0,0,0,0,0
DB3,3,test,6,787600,0,0,0,0,0,0,0
DB3,3,test,6,787700,0,0,0,0,0,0,0
DB3,3,test,6,787800,0,0,0,0,0,0,0
DB3,3,test,6,787900,0,0,0,0,0,0,0
DB3,3,test,6,788000,0,0,0,0,0,0,0
DB3,3,test,6,788100,0,0,0,0,0,0,0
DB3,3,test,6,788200,0,0,0,0,0,0,0
DB3,3,test,6,788300,0,0,0,0,0,0,0
DB3,3,test,6,788400,0,0,0,0,0,0,0
DB3,3,test,6,788500,0,0,0,0,0,0,0
DB3,3,test,6,788600,0,0,0,0,0,0,0
DB3,3,test,6,788700,0,0,0,0,0,0,0
DB3,3,test,6,788800,0,0,0,0,0,0,0
DB3,3,test,6,788900,0,0,0,0,0,0,0
DB3,3,test,6,789000,0,0,0,0,0,0,0
DB3,3,test,6,789100,0,0,0,0,0,0,0
DB3,3,test,6,789200,0,0,0,0,0,0,0
DB3,3,test,6,789300,0,0,0,0,0,0,0
DB3,3,test,6,789400,0,0,0,0,0,0,0
DB3,3,test,6,789500,0,0,0,0,0,0,0
DB3,3,test,6,789600,0,0,0,0,0,0,0
DB3,3,test,6,789700,0,3,0,0,0,0,0
DB3,3,test,6,789800,0,3,0,0,0,0,0
DB3,3,test,6,789900,0,0,0,0,0,0,0
DB3,3,test,6,790000,0,0,0,0,0,0,0
DB3,3,test,4,821100,0,0,0,0,0,0,0
DB3,3,test,4,821200,0,0,0,0,0,0,0
DB3,3,test,4,821300,0,0,0,0,0,0,0
DB3,3,test,4,821400,0,0,0,0,0,0,0
DB3,3,test,4,821500,0,0,0,0,0,0,0
DB3,3,test,4,821600,0,0,0,0,0,0,0
DB3,3,test,4,821700,0,0,0,0,0,0,0
DB3,3,test,4,821800,0,0,0,0,0,0,0
DB3,3,test,4,821900,0,0,0,0,0,0,0
DB3,3,test,4,822000,0,0,0,0,0,0,0
DB3,3,test,4,822100,0,0,0,0,0,0,0
DB3,3,test,4,822200,0,0,0,0,0,0,0
DB3,3,test,4,822300,0,0,0,0,0,0,0
DB3,3,test,4,822400,0,0,0,0,0,0,0
DB3,3,test,4,822500,0,0,0,0,0,0,0
DB3,3,test,4,822600,0,0,0,0,0,0,0
DB3,3,test,4,822700,0,0,0,0,0,0,0
DB3,3,test,4,822800,0,0,0,0,0,0,0
DB3,3,test,4,822900,0,0,0,0,0,0,0
DB3,3,test,4,823000,0,0,0,0,0,0,0
DB3,3,test,4,823100,0,0,0,0,0,0,0
DB3,3,test,4,823200,0,0,0,0,0,0,0
DB3,3,test,4,823300,0,0,0,0,0,0,0
DB3,3,test,4,823400,0,0,0,0,0,0,0
DB3,3,test,4,823500,0,0,0,0,0,0,0
DB3,3,test,4,823600,0,0,0,0,0,0,0
DB3,3,test,4,823700,0,0,0,0,0,0,0
DB3,3,test,4,823800,0,0,0,0,0,0,0
DB3,3,test,4,823900,0,0,0,0,0,0,0
DB3,3,test,4,824000,0,0,0,0,0,0,0
DB3,3,test,4,824100,0,0,0,0,0,0,0
DB3,3,test,4,824200,0,0,0,0,0,0,0
DB3,3,test,4,824300,0,0,0,0,0,0,0
DB3,3,test,4,824400,0,0,0,0,0,0,0
DB3,3,test,4,824500,0,0,0,0,0,0,0
DB3,3,test,4,824600,0,0,0,0,0,0,0
DB3,3,test,4,824700,0,0,0,0,0,0,0
DB3,3,test,4,824800,0,0,0,0,0,0,0
DB3,3,test,4,824900,0,0,0,0,0,0,0
DB3,3,test,4,825000,0,0,0,0,0,0,0
DB3,3,test,4,825100,0,0,0,0,0,0,0
DB3,3,test,4,825200,0,0,0,0,0,0,0
DB3,3,test,4,825300,0,0,0,0,0,0,0
DB3,3,test,4,825400,0,0,0,0,0,0,0
DB3,3,test,5,829900,0,0,0,0,0,0,0
DB3,3,test,5,830000,0,0,0,0,0,0,0
DB3,3,test,5,830100,0,0,0,0,0,0,0
DB3,3,test,5,830200,0,0,0,0,0,0,0
DB3,3,test,5,830300,0,0,0,0,0,0,0
DB3,3,test,5,830400,0,0,0,0,0,0,0
DB3,3,test,5,830500,0,0,0,0,0,0,0
DB3,3,test,5,830600,0,0,0,0,0,0,0
DB3,3,test,5,830700,0,0,0,0,0,0,0
DB3,3,test,5,830800,0,0,0,0,0,0,0
DB3,3,test,5,830900,0,0,0,0,0,0,0
DB3,3,test,5,831000,0,0,0,0,0,0,0
DB3,3,test,5,831100,0,0,0,0,0,0,0
DB3,3,test,5,831200,0,0,0,0,0,0,0
DB3,3,test,5,831300,0,0,0,0,0,0,0
DB3,3,test,5,831400,0,0,0,0,0,0,0
DB3,3,test,5,831500,0,0,0,0,0,0,0
DB3,3,test,5,831600,0,0,0,0,0,0,0
DB3,3,test,5,831700,0,0,0,0,0,0,0
DB3,3,test,5,831800,0,0,0,0,0,0,0
DB3,3,test,5,831900,0,0,0,0,0,0,0
DB3,3,test,5,832000,0,0,0,0,0,0,0
DB3,3,test,5,832100,0,0,0,0,0,0,0
DB3,3,test,5,832200,0,0,0,0,0,0,0
DB3,3,test,5,832300,0,0,0,0,0,0,0
DB3,3,test,5,832400,0,0,0,0,0,0,0
DB3,3,test,5,832500,0,0,0,0,0,0,0
DB3,3,test,5,832600,0,0,0,0,0,0,0
DB3,3,test,5,832700,0,0,0,0,0,0,0
DB3,3,test,5,832800,0,0,0,0,0,0,0
DB3,3,test,5,832900,0,0,0,0,0,0,0
DB3,3,test,5,833000,0,0,0,0,0,0,0
DB3,3,test,5,833100,0,0,0,0,0,0,0
DB3,3,test,5,833200,0,0,0,0,0,0,0
DB3,3,test,5,833300,0,0,0,0,0,0,0
DB3,3,test,5,833400,0,0,0,0,0,0,0
DB3,3,test,5,833500,0,0,0,0,0,0,0
DB3,3,test,5,833600,0,0,0,0,0,0,0
DB3,3,test,5,833700,0,0,0,0,0,0,0
DB3,3,test,5,833800,0,0,0,0,0,0,0
DB3,3,test,5,833900,0,0,0,0,0,0,0
DB3,3,test,5,834000,0,0,0,0,0,0,0
DB3,3,test,5,834100,0,3,0,0,0,0,0
DB3,3,test,6,838200,0,0,10,0,0,0,0
DB3,3,test,6,838300,0,0,0,0,0,0,0
DB3,3,test,6,838400,0,0,0,0,0,0,0
DB3,3,test,6,838500,0,10,9,4,4,9,0
DB3,3,test,6,838600,0,10,9,4,4,9,4
DB3,3,test,6,838700,0,5,9,9,9,10,10
DB3,3,test,6,838800,0,0,0,0,0,0,0
DB3,3,test,6,838900,0,0,0,0,0,0,0
DB3,3,test,6,839000,0,0,0,0,0,0,0
DB3,3,test,6,839100,0,0,0,0,0,0,0
DB3,3,test,6,839200,0,0,0,0,0,0,0
DB3,3,test,6,839300,0,0,0,0,0,0,0
DB3,3,test,6,839400,0,0,0,0,0,0,0
DB3,3,test,6,839500,0,0,0,0,0,0,0
DB3,3,test,6,839600,0,0,0,0,0,0,0
DB3,3,test,6,839700,0,0,0,0,0,0,0
DB3,3,test,6,839800,0,10,0,0,0,0,0
DB3,3,test,6,839900,0,10,10,0,0,0,0
DB3,3,test,6,840000,0,0,0,0,0,0,0
DB3,3,test,6,840100,0,0,0,0,0,0,0
DB3,3,test,6,840200,0,0,0,0,0,0,0
DB3,3,test,6,840300,0,0,0,0,0,0,0
DB3,3,test,6,840400,0,0,0,0,0,0,0
DB3,3,test,6,840500,0,0,0,0,0,0,0
DB3,3,test,6,840600,0,0,0,0,0,0,0
DB3,3,test,6,840700,0,0,0,0,0,0,0
DB3,3,test,6,840800,0,0,0,0,0,0,0
DB3,3,test,6,840900,0,3,0,0,0,0,0
DB3,3,test,6,841000,0,0,0,0,0,0,0
DB3,3,test,6,841100,0,0,0,0,0,0,0
DB3,3,test,6,841200,0,0,0,0,0,0,0
DB3,3,test,6,841300,0,1,4,0,0,0,0
DB3,3,test,6,841400,0,1,4,0,0,0,0
DB3,3,test,6,841500,0,0,0,0,0,0,0
DB3,3,test,6,841600,0,0,0,0,0,0,0
DB3,3,test,6,841700,0,0,0,0,0,0,0
DB3,3,test,6,841800,0,0,0,0,0,0,0
DB3,3,test,6,841900,0,0,0,0,0,0,0
DB3,3,test,6,842000,0,0,0,0,0,0,0
DB3,3,test,6,842100,0,0,0,0,0,0,0
DB3,3,test,6,842200,0,0,0,0,0,0,0
DB3,3,test,6,842300,0,0,0,0,0,0,0
DB3,3,test,6,842400,0,0,0,0,0,0,0
DB3,3,test,6,842500,0,0,0,0,0,0,0
DB3,3,test,6,842600,0,3,0,0,0,0,0
DB3,3,test,6,842700,0,3,0,0,0,0,0
DB3,3,test,6,842800,0,0,0,0,0,0,0
DB3,3,test,6,842900,0,10,0,10,0,0,0
DB3,3,test,4,874100,0,0,0,0,0,0,0
DB3,3,test,4,874200,0,0,0,0,0,0,0
DB3,3,test,4,874300,0,0,0,0,0,0,0
DB3,3,test,4,874400,0,0,0,0,0,0,0
DB3,3,test,4,874500,0,0,0,0,0,0,0
DB3,3,test,4,874600,0,0,0,0,0,0,0
DB3,3,test,4,874700,0,0,0,0,0,0,0
DB3,3,test,4,874800,0,0,0,0,0,0,0
DB3,3,test,4,874900,0,0,0,0,0,0,0
DB3,3,test,4,875000,0,0,0,0,0,0,0
DB3,3,test,4,875100,0,3,0,0,0,0,0
DB3,3,test,4,875200,0,3,0,0,0,0,0
DB3,3,test,4,875300,0,0,0,0,0,0,0
DB3,3,test,4,875400,0,3,0,0,0,0,0
DB3,3,test,4,875500,0,3,0,0,0,0,0
DB3,3,test,4,875600,0,3,0,0,0,0,0
DB3,3,test,4,875700,0,0,0,0,0,0,0
DB3,3,test,4,875800,0,3,0,0,0,0,0
DB3,3,test,4,875900,0,3,0,0,0,0,0
DB3,3,test,4,876000,0,3,0,0,0,0,0
DB3,3,test,4,876100,0,0,0,0,0,0,0
DB3,3,test,4,876200,0,0,0,0,0,0,0
DB3,3,test,4,876300,0,10,9,0,0,0,0
DB3,3,test,4,876400,0,5,9,8,8,10,10
DB3,3,test,4,876500,0,10,9,4,4,10,11
DB3,3,test,4,876600,0,4,11,10,10,0,0
DB3,3,test,4,876700,0,4,11,0,0,0,0
DB3,3,test,4,876800,0,0,0,0,0,0,0
DB3,3,test,4,876900,0,0,0,0,0,0,0
DB3,3,test,4,877000,0,5,0,0,0,0,0
DB3,3,test,4,877100,0,5,8,0,0,0,0
DB3,3,test,4,877200,0,0,0,0,0,0,0
DB3,3,test,4,877300,0,0,0,0,0,0,0
DB3,3,test,4,877400,0,0,0,0,0,0,0
DB3,3,test,4,877500,0,0,0,0,0,0,0
DB3,3,test,4,877600,0,0,0,0,0,0,0
DB3,3,test,4,877700,0,0,0,0,0,0,0
DB3,3,test,4,877800,0,0,0,0,0,0,0
DB3,3,test,4,877900,0,0,0,0,0,0,0
DB3,3,test,4,878000,0,0,0,0,0,0,0
DB3,3,test,4,878100,0,0,0,0,0,0,0
DB3,3,test,4,878200,0,0,0,0,0,0,0
DB3,3,test,5,883000,0,0,0,0,0,0,0
DB3,3,test,5,883100,0,0,0,0,0,0,0
DB3,3,test,5,883200,0,0,0,0,0,0,0
DB3,3,test,5,883300,0,0,0,0,0,0,0
DB3,3,test,5,883400,0,0,0,0,0,0,0
DB3,3,test,5,883500,0,0,0,0,0,0,0
DB3,3,test,5,883600,0,0,0,0,0,0,0
DB3,3,test,5,883700,0,0,0,0,0,0,0
DB3,3,test,5,883800,0,0,0,0,0,0,0
DB3,3,test,5,883900,0,0,0,0,0,0,0
DB3,3,test,5,884000,0,0,0,0,0,0,0
DB3,3,test,5,884100,0,0,0,0,0,0,0
DB3,3,test,5,884200,0,0,0,0,0,0,0
DB3,3,test,5,884300,0,0,0,0,0,0,0
DB3,3,test,5,884400,0,0,0,0,0,0,0
DB3,3,test,5,884500,0,3,0,0,0,0,0
DB3,3,test,5,884600,0,0,0,0,0,0,0
DB3,3,test,5,884700,0,0,0,0,0,0,0
DB3,3,test,5,884800,0,0,0,0,0,0,0
DB3,3,test,5,884900,0,0,0,0,0,0,0
DB3,3,test,5,885000,0,0,0,0,0,0,0
DB3,3,test,5,885100,0,0,0,0,0,0,0
DB3,3,test,5,885200,0,0,0,0,0,0,0
DB3,3,test,5,885300,0,0,0,0,0,0,0
DB3,3,test,5,885400,0,0,0,0,0,0,0
DB3,3,test,5,885500,0,0,0,0,0,0,0
DB3,3,test,5,885600,0,0,0,0,0,0,0
DB3,3,test,5,885700,0,0,0,0,0,0,0
DB3,3,test,5,885800,0,0,0,0,0,0,0
DB3,3,test,5,885900,0,0,0,0,0,0,0
DB3,3,test,5,886000,0,0,0,0,0,0,0
DB3,3,test,5,886100,0,0,0,0,0,0,0
DB3,3,test,5,886200,0,0,0,0,0,0,0
DB3,3,test,5,886300,0,0,0,0,0,0,0
DB3,3,test,5,886400,0,0,0,0,0,0,0
DB3,3,test,5,886500,0,0,0,0,0,0,0
DB3,3,test,5,886600,0,0,0,0,0,0,0
DB3,3,test,5,886700,0,0,0,0,0,0,0
DB3,3,test,6,892000,0,10,0,0,0,0,0
DB3,3,test,6,892100,0,0,0,0,0,0,0
DB3,3,test,6,892200,0,0,0,0,0,0,0
DB3,3,test,6,892300,0,0,0,0,0,0,0
DB3,3,test,6,892400,0,0,0,0,0,0,0
DB3,3,test,6,892500,0,0,0,0,0,0,0
DB3,3,test,6,892600,0,0,0,0,0,0,0
DB3,3,test,6,892700,0,0,0,0,0,0,0
DB3,3,test,6,892800,0,0,0,0,0,0,0
DB3,3,test,6,892900,0,0,0,0,0,0,0
DB3,3,test,6,893000,0,0,0,0,0,0,0
DB3,3,test,6,893100,0,0,0,0,0,0,0
DB3,3,test,6,893200,0,0,0,0,0,0,0
DB3,3,test,6,893300,0,0,0,0,0,0,0
DB3,3,test,6,893400,0,0,0,0,0,0,0
DB3,3,test,6,893500,0,0,0,0,0,0,0
DB3,3,test,6,893600,0,0,0,0,0,0,0
DB3,3,test,6,893700,0,0,0,0,0,0,0
DB3,3,test,6,893800,0,0,0,0,0,0,0
DB3,3,test,6,893900,0,0,0,0,0,0,0
DB3,3,test,6,894000,0,0,0,0,0,0,0
DB3,3,test,6,894100,0,0,0,0,0,0,0
DB3,3,test,6,894200,0,3,0,0,0,0,0
DB3,3,test,6,894300,0,0,0,0,0,0,0
DB3,3,test,6,894400,0,0,0,0,0,0,0
DB3,3,test,6,894500,0,0,0,0,0,0,0
DB3,3,test,6,894600,0,0,0,0,0,0,0
DB3,3,test,6,894700,0,0,0,0,0,0,0
DB3,3,test,6,894800,0,0,0,0,0,0,0
DB3,3,test,6,894900,0,0,0,0,0,0,0
DB3,3,test,6,895000,0,0,0,0,0,0,0
DB3,3,test,6,895100,0,0,0,0,0,0,0
DB3,3,test,6,895200,0,0,0,0,0,0,0
DB3,3,test,6,895300,0,0,0,0,0,0,0
DB3,3,test,6,895400,0,0,0,0,0,0,0
DB3,3,test,6,895500,0,3,7,0,0,0,0
DB3,3,test,6,895600,0,3,0,0,0,0,0
DB3,3,test,6,895700,0,3,0,0,0,0,0
DB3,3,test,6,895800,0,0,0,0,0,0,0
DB3,3,test,6,895900,0,0,0,0,0,0,0
DB3,3,test,4,926800,0,3,4,7,0,10,0
DB3,3,test,4,926900,0,10,4,10,0,0,0
DB3,3,test,4,927000,0,3,3,7,7,10,0
DB3,3,test,4,927100,0,3,7,7,0,0,0
DB3,3,test,4,927200,0,3,7,7,7,0,0
DB3,3,test,4,927300,0,10,7,7,7,0,0
DB3,3,test,4,927400,0,10,10,6,0,0,0
DB3,3,test,4,927500,0,0,0,0,0,0,0
DB3,3,test,4,927600,0,10,10,0,0,0,0
DB3,3,test,4,927700,0,10,10,0,0,0,0
DB3,3,test,4,927800,0,0,0,0,0,0,0
DB3,3,test,4,927900,0,0,0,0,0,0,0
DB3,3,test,4,928000,0,0,0,0,0,0,0
DB3,3,test,4,928100,0,0,0,0,0,0,0
DB3,3,test,4,928200,0,0,0,0,0,0,0
DB3,3,test,4,928300,0,0,0,0,0,0,0
DB3,3,test,4,928400,0,0,0,0,0,0,0
DB3,3,test,4,928500,0,0,0,0,0,0,0
DB3,3,test,4,928600,0,0,0,0,0,0,0
DB3,3,test,4,928700,0,0,0,0,0,0,0
DB3,3,test,4,928800,0,0,0,0,0,0,0
DB3,3,test,4,928900,0,0,0,0,0,0,0
DB3,3,test,4,929000,0,0,0,0,0,0,0
DB3,3,test,4,929100,0,0,0,0,0,0,0
DB3,3,test,4,929200,0,0,0,0,0,0,0
DB3,3,test,4,929300,0,0,0,0,0,0,0
DB3,3,test,4,929400,0,0,0,0,0,0,0
DB3,3,test,4,929500,0,0,0,0,0,0,0
DB3,3,test,4,929600,0,0,0,0,0,0,0
DB3,3,test,4,929700,0,0,0,0,0,0,0
DB3,3,test,4,929800,0,0,0,0,0,0,0
DB3,3,test,4,929900,0,0,0,0,0,0,0
DB3,3,test,4,930000,0,0,0,0,0,0,0
DB3,3,test,4,930100,0,0,0,0,0,0,0
DB3,3,test,4,930200,0,0,0,0,0,0,0
DB3,3,test,4,930300,0,0,0,0,0,0,0
DB3,3,test,4,930400,0,0,0,0,0,0,0
DB3,3,test,4,930500,0,0,0,0,0,0,0
DB3,3,test,4,930600,0,0,0,0,0,0,0
DB3,3,test,4,930700,0,0,0,0,0,0,0
DB3,3,test,4,930800,0,0,0,0,0,0,0
DB3,3,test,4,930900,0,0,0,0,0,0,0
DB3,3,test,4,931000,0,0,0,0,0,0,0
DB3,3,test,4,931100,0,0,0,0,0,0,0
DB3,3,test,4,931200,0,0,0,0,0,0,0
DB3,3,test,4,931300,0,0,0,0,0,0,0
DB3,3,test,4,931400,0,0,0,0,0,0,0
DB3,3,test,4,931500,0,0,0,0,0,0,0
DB3,3,test,4,931600,0,0,0,0,0,0,0
DB3,3,test,4,931700,0,0,0,0,0,0,0
DB3,3,test,4,931800,0,5,10,0,0,0,0
DB3,3,test,4,932100,8,9,9,8,8,9,9
DB3,3,test,4,932200,8,9,9,8,8,5,9
DB3,3,test,4,932300,8,8,5,5,5,6,8
DB3,3,test,4,932400,8,7,5,8,8,3,8
DB3,3,test,4,932500,8,10,9,8,8,9,8
DB3,3,test,4,932600,8,2,6,8,8,9,8
DB3,3,test,4,932700,8,11,11,8,8,6,8
DB3,3,test,4,932800,8,4,11,8,8,11,8
DB3,3,test,4,932900,8,5,8,8,8,8,8
DB3,3,test,4,933000,8,10,8,8,8,8,8
DB3,3,test,4,933100,8,2,9,8,8,9,10
DB3,3,test,4,933200,8,2,10,8,8,2,10
DB3,3,test,4,933300,8,2,2,8,8,2,10
DB3,3,test,4,933400,8,2,2,8,8,2,8
DB3,3,test,4,933500,8,2,2,8,8,2,8
DB3,3,test,4,933600,8,4,2,8,8,2,8
DB3,3,test,4,933700,8,2,6,10,10,6,8
DB3,3,test,4,933800,8,2,6,8,8,8,8
DB3,3,test,4,933900,8,10,8,8,8,8,8
DB3,3,test,4,934000,8,2,8,8,8,8,8
DB3,3,test,4,934100,8,4,8,8,8,8,10
DB3,3,test,4,934200,8,4,8,8,8,8,10
DB3,3,test,4,934300,8,4,11,9,9,11,8
DB3,3,test,4,934400,8,7,11,9,9,8,8
DB3,3,test,4,934500,8,8,3,8,8,3,8
DB3,3,test,4,934600,8,8,3,8,8,3,8
DB3,3,test,4,934700,8,8,6,8,8,3,8
DB3,3,test,4,934800,8,9,3,8,8,3,8
DB3,3,test,4,934900,8,8,3,8,8,3,8
DB3,3,test,4,935000,8,10,8,8,8,8,8
DB3,3,test,4,935100,8,10,8,8,8,8,8
DB3,3,test,4,935200,8,10,8,8,8,8,8
DB3,3,test,4,935300,8,4,8,8,8,9,8
DB3,3,test,4,935400,8,2,2,5,5,9,7
DB3,3,test,4,935500,8,2,2,2,2,2,2
DB3,3,test,5,935800,0,0,0,10,0,0,0
DB3,3,test,5,935900,0,10,10,10,0,0,0
DB3,3,test,5,936000,0,10,10,10,0,0,0
DB3,3,test,5,936100,0,10,10,0,0,0,0
DB3,3,test,5,936200,0,0,10,0,0,0,0
DB3,3,test,5,936300,0,0,0,0,0,0,0
DB3,3,test,5,936400,0,0,0,0,0,0,0
DB3,3,test,5,936500,0,3,0,0,0,0,0
DB3,3,test,5,936600,0,0,0,0,0,0,0
DB3,3,test,5,936700,0,0,0,0,0,0,0
DB3,3,test,5,936800,0,0,0,0,0,0,0
DB3,3,test,5,936900,0,0,0,0,0,0,0
DB3,3,test,5,937000,0,0,0,0,0,0,0
DB3,3,test,5,937100,0,0,0,0,0,0,0
DB3,3,test,5,937200,0,0,0,0,0,0,0
DB3,3,test,5,937300,0,0,0,0,0,0,0
DB3,3,test,5,937400,0,0,0,0,0,0,0
DB3,3,test,5,937500,0,0,0,0,0,0,0
DB3,3,test,5,937600,0,0,0,0,0,0,0
DB3,3,test,5,937700,0,0,0,0,0,0,0
DB3,3,test,5,937800,0,0,0,0,0,0,0
DB3,3,test,5,937900,0,0,0,0,0,0,0
DB3,3,test,5,938000,0,0,0,0,0,0,0
DB3,3,test,5,938100,0,0,0,0,0,0,0
DB3,3,test,5,938200,0,0,0,0,0,0,0
DB3,3,test,5,938300,0,0,0,0,0,0,0
DB3,3,test,5,938400,0,0,0,0,0,0,0
DB3,3,test,5,938500,0,0,0,0,0,0,0
DB3,3,test,5,938600,0,0,0,0,0,0,0
DB3,3,test,5,938700,0,0,0,0,0,0,0
DB3,3,test,5,938800,0,0,0,0,0,0,0
DB3,3,test,5,938900,0,4,10,10,0,0,0
DB3,3,test,5,939000,0,4,10,10,0,0,0
DB3,3,test,5,939100,0,10,10,0,0,0,0
DB3,3,test,5,939200,0,0,10,0,0,0,0
DB3,3,test,5,939300,0,0,0,0,0,0,0
DB3,3,test,5,939400,0,0,0,0,0,0,0
DB3,3,test,5,939500,0,0,0,0,0,0,0
DB3,3,test,5,939600,0,0,0,0,0,0,0
DB3,3,test,5,939700,0,0,0,0,0,0,0
DB3,3,test,5,939800,0,0,0,0,0,0,0
DB3,3,test,5,939900,0,0,0,0,0,0,0
DB3,3,test,5,940000,0,5,10,10,0,0,0
DB3,3,test,5,940100,0,4,10,10,0,0,0
DB3,3,test,5,940400,8,5,9,9,9,10,9
DB3,3,test,5,940500,8,2,9,9,9,9,9
DB3,3,test,5,940600,8,10,5,8,8,5,9
DB3,3,test,5,940700,8,4,5,8,8,5,9
DB3,3,test,5,940800,8,2,9,8,8,8,8
DB3,3,test,5,940900,8,10,9,8,8,3,8
DB3,3,test,5,941000,8,7,8,8,8,3,8
DB3,3,test,5,941100,8,8,1,8,8,3,8
DB3,3,test,5,941200,8,8,3,8,8,3,8
DB3,3,test,5,941300,8,9,7,8,8,3,8
DB3,3,test,5,941400,8,2,6,8,8,6,6
DB3,3,test,5,941500,8,4,8,8,8,6,6
DB3,3,test,5,941600,8,5,8,8,8,8,6
DB3,3,test,5,941700,8,8,8,8,8,6,6
DB3,3,test,5,941800,8,2,9,8,8,6,6
DB3,3,test,5,941900,8,2,10,8,8,9,8
DB3,3,test,5,942000,8,2,2,8,8,2,8
DB3,3,test,5,942100,8,4,2,8,8,2,10
DB3,3,test,5,942200,8,4,2,8,8,2,8
DB3,3,test,5,942300,8,2,8,6,6,8,6
DB3,3,test,5,942400,8,2,8,8,8,8,8
DB3,3,test,5,942500,8,2,8,8,8,6,8
DB3,3,test,5,942600,8,8,8,8,8,2,8
DB3,3,test,5,942700,8,8,8,8,8,4,8
DB3,3,test,5,942800,8,10,8,8,8,8,8
DB3,3,test,5,942900,8,2,2,10,10,2,10
DB3,3,test,5,943000,8,4,8,8,8,8,10
DB3,3,test,5,943100,8,4,11,8,8,11,8
DB3,3,test,5,943200,8,2,9,9,9,9,9
DB3,3,test,5,943300,8,7,5,8,8,5,8
DB3,3,test,5,943400,8,10,8,8,8,9,9
DB3,3,test,5,943500,8,10,8,9,9,9,8
DB3,3,test,5,943600,8,8,3,8,8,3,8
DB3,3,test,5,943700,8,9,3,8,8,3,8
DB3,3,test,5,943800,8,9,8,8,8,8,8
DB3,3,test,5,943900,8,2,8,8,8,6,5
DB3,3,test,5,944000,8,2,2,8,8,2,5
DB3,3,test,5,944100,8,2,2,8,8,2,2
DB3,3,test,5,944200,8,2,2,2,2,2,2
DB3,3,test,5,944300,8,10,7,10,10,4,10
DB3,3,test,5,944400,8,10,2,10,10,2,8
DB3,3,test,5,944500,8,2,2,2,2,2,2
DB3,3,test,5,944600,8,2,2,2,2,2,7
DB3,3,test,5,944700,8,10,2,7,7,0,7
DB3,3,test,5,944800,8,3,7,7,7,2,7
DB3,3,test,6,945000,0,3,0,7,0,0,0
DB3,3,test,6,945100,0,10,10,5,0,0,0
DB3,3,test,6,945200,0,10,0,6,0,0,0
DB3,3,test,6,945300,0,0,0,0,0,0,0
DB3,3,test,6,945400,0,0,0,0,0,0,0
DB3,3,test,6,945500,0,0,0,0,0,0,0
DB3,3,test,6,945600,0,0,0,0,0,0,0
DB3,3,test,6,945700,0,0,0,0,0,0,0
DB3,3,test,6,945800,0,11,0,0,0,0,0
DB3,3,test,6,945900,0,11,0,0,0,0,0
DB3,3,test,6,946000,0,0,0,0,0,0,0
DB3,3,test,6,946100,0,0,0,0,0,0,0
DB3,3,test,6,946200,0,0,0,0,0,0,0
DB3,3,test,6,946300,0,0,0,0,0,0,0
DB3,3,test,6,946400,0,0,0,0,0,0,0
DB3,3,test,6,946500,0,0,0,0,0,0,0
DB3,3,test,6,946600,0,0,0,0,0,0,0
DB3,3,test,6,946700,0,0,0,0,0,0,0
DB3,3,test,6,946800,0,0,0,0,0,0,0
DB3,3,test,6,946900,0,0,0,0,0,0,0
DB3,3,test,6,947000,0,0,0,0,0,0,0
DB3,3,test,6,947100,0,0,0,0,0,0,0
DB3,3,test,6,947200,0,0,0,0,0,0,0
DB3,3,test,6,947300,0,0,0,0,0,0,0
DB3,3,test,6,947400,0,0,0,0,0,0,0
DB3,3,test,6,947500,0,0,0,0,0,0,0
DB3,3,test,6,947600,0,0,0,0,0,0,0
DB3,3,test,6,947700,0,0,0,0,0,0,0
DB3,3,test,6,947800,0,0,0,0,0,0,0
DB3,3,test,6,947900,0,0,0,0,0,0,0
DB3,3,test,6,948000,0,0,0,0,0,0,0
DB3,3,test,6,948100,0,0,0,0,0,0,0
DB3,3,test,6,948200,0,0,0,0,0,0,0
DB3,3,test,6,948300,0,0,0,0,0,0,0
DB3,3,test,6,948400,0,0,0,0,0,0,0
DB3,3,test,6,948500,0,0,0,0,0,0,0
DB3,3,test,6,948600,0,0,0,0,0,0,0
DB3,3,test,6,948700,0,0,0,0,0,0,0
DB3,3,test,6,948800,0,0,0,0,0,0,0
DB3,3,test,6,948900,0,0,0,0,0,0,0
DB3,3,test,6,949000,0,0,0,0,0,0,0
DB3,3,test,6,949100,0,0,0,0,0,0,0
DB3,3,test,6,949200,0,0,0,0,0,0,0
DB3,3,test,6,949300,0,0,0,0,0,0,0
DB3,3,test,6,949400,0,0,0,0,0,0,0
DB3,3,test,6,949500,0,0,0,0,0,0,0
DB3,3,test,6,949700,8,5,9,9,9,8,9
DB3,3,test,6,949800,8,9,8,9,9,6,9
DB3,3,test,6,949900,8,10,9,8,8,9,9
DB3,3,test,6,950000,8,10,8,8,8,9,9
DB3,3,test,6,950100,8,2,8,8,8,9,8
DB3,3,test,6,950200,8,2,6,8,8,6,8
DB3,3,test,6,950300,8,2,8,8,8,9,8
DB3,3,test,6,950400,8,9,3,8,8,3,8
DB3,3,test,6,950500,8,9,8,8,8,3,8
DB3,3,test,6,950600,8,10,8,8,8,9,8
DB3,3,test,6,950700,8,10,8,8,8,8,8
DB3,3,test,6,950800,8,2,8,8,8,8,5
DB3,3,test,6,950900,8,2,6,8,8,6,8
DB3,3,test,6,951000,8,2,6,8,8,6,8
DB3,3,test,6,951100,8,4,8,8,8,6,8
DB3,3,test,6,951200,8,2,10,8,8,6,8
DB3,3,test,6,951300,8,2,8,8,8,6,8
DB3,3,test,6,951400,8,2,8,8,8,2,8
DB3,3,test,6,951500,8,2,2,8,8,2,8
DB3,3,test,6,951600,8,2,6,6,6,2,8
DB3,3,test,6,951700,8,2,8,8,8,6,8
DB3,3,test,6,951800,8,10,8,8,8,8,8
DB3,3,test,6,951900,8,10,8,8,8,8,8
DB3,3,test,6,952000,8,5,8,8,8,8,8
DB3,3,test,6,952100,8,4,6,8,8,6,9
DB3,3,test,6,952200,8,7,9,8,8,3,9
DB3,3,test,6,952300,8,7,5,8,8,3,8
DB3,3,test,6,952400,8,8,8,8,8,8,8
DB3,3,test,6,952500,8,9,8,8,8,3,8
DB3,3,test,6,952600,8,10,8,8,8,9,8
DB3,3,test,6,952700,8,5,6,8,8,8,8
DB3,3,test,6,952800,8,5,6,8,8,8,5
DB3,3,test,6,952900,8,2,6,8,8,6,6
DB3,3,test,6,953000,8,2,2,2,2,2,2
DB3,3,test,6,953100,8,2,2,2,2,2,2
DB3,3,test,6,953200,8,3,2,2,2,2,10
DB3,3,test,4,983600,0,4,0,0,0,0,0
DB3,3,test,4,983700,0,5,4,10,0,0,0
DB3,3,test,4,983800,0,4,4,10,0,0,0
DB3,3,test,4,983900,0,4,0,10,0,0,0
DB3,3,test,4,984000,0,4,0,8,0,0,0
DB3,3,test,4,984100,0,4,0,8,0,0,0
DB3,3,test,4,984200,0,0,0,0,0,0,0
DB3,3,test,4,984300,0,0,0,0,0,0,0
DB3,3,test,4,984400,0,11,0,0,0,0,0
DB3,3,test,4,984500,0,0,0,0,0,0,0
DB3,3,test,4,984600,0,0,0,0,0,0,0
DB3,3,test,4,984700,0,0,0,0,0,0,0
DB3,3,test,4,984800,0,0,0,0,0,0,0
DB3,3,test,4,984900,0,0,0,0,0,0,0
DB3,3,test,4,985000,0,0,0,0,0,0,0
DB3,3,test,4,985100,0,0,0,0,0,0,0
DB3,3,test,4,985200,0,0,0,0,0,0,0
DB3,3,test,4,985300,0,0,0,0,0,0,0
DB3,3,test,4,985400,0,0,0,0,0,0,0
DB3,3,test,4,985500,0,0,0,7,0,0,0
DB3,3,test,4,985600,0,0,0,10,0,0,0
DB3,3,test,4,985700,0,0,0,0,0,0,0
DB3,3,test,4,985800,0,0,0,0,0,0,0
DB3,3,test,4,985900,0,0,0,0,0,0,0
DB3,3,test,4,986000,0,0,0,0,0,0,0
DB3,3,test,4,986100,0,0,0,0,0,0,0
DB3,3,test,4,986200,0,0,0,0,0,0,0
DB3,3,test,4,986300,0,0,0,0,0,0,0
DB3,3,test,4,986400,0,0,0,0,0,0,0
DB3,3,test,4,986500,0,0,0,0,0,0,0
DB3,3,test,4,986600,0,0,0,0,0,0,0
DB3,3,test,4,986700,0,11,0,0,0,0,0
DB3,3,test,4,986800,0,11,0,0,0,0,0
DB3,3,test,4,986900,0,0,0,0,0,0,0
DB3,3,test,4,987000,0,0,0,0,0,0,0
DB3,3,test,4,987100,0,0,0,0,0,0,0
DB3,3,test,4,987200,0,0,0,0,0,0,0
DB3,3,test,4,987300,0,0,0,0,0,0,0
DB3,3,test,4,987400,0,11,0,10,0,0,0
DB3,3,test,4,987500,0,11,0,10,0,0,0
DB3,3,test,4,987600,0,11,0,10,0,0,0
DB3,3,test,4,987700,0,11,0,10,0,0,0
DB3,3,test,4,987800,0,11,0,0,0,0,0
DB3,3,test,4,987900,0,11,0,0,0,0,0
DB3,3,test,4,988000,0,11,0,10,0,0,0
DB3,3,test,4,988100,0,11,0,10,0,0,0
DB3,3,test,5,992500,0,3,7,7,7,0,0
DB3,3,test,5,992600,0,3,7,10,0,0,0
DB3,3,test,5,992700,0,4,7,5,0,0,0
DB3,3,test,5,992800,0,11,0,6,0,0,0
DB3,3,test,5,992900,0,0,10,0,0,0,0
DB3,3,test,5,993000,0,0,0,0,0,0,0
DB3,3,test,5,993100,0,11,0,0,0,0,0
DB3,3,test,5,993200,0,11,0,0,0,0,0
DB3,3,test,5,993300,0,0,0,0,0,0,0
DB3,3,test,5,993400,0,0,0,0,0,0,0
DB3,3,test,5,993500,0,0,0,0,0,0,0
DB3,3,test,5,993600,0,0,0,0,0,0,0
DB3,3,test,5,993700,0,0,0,0,0,0,0
DB3,3,test,5,993800,0,0,0,0,0,0,0
DB3,3,test,5,993900,0,0,0,0,0,0,0
DB3,3,test,5,994000,0,0,0,0,0,0,0
DB3,3,test,5,994100,0,0,0,0,0,0,0
DB3,3,test,5,994200,0,0,0,0,0,0,0
DB3,3,test,5,994300,0,0,0,0,0,0,0
DB3,3,test,5,994400,0,0,0,0,0,0,0
DB3,3,test,5,994500,0,0,0,0,0,0,0
DB3,3,test,5,994600,0,0,0,0,0,0,0
DB3,3,test,5,994700,0,0,0,0,0,0,0
DB3,3,test,5,994800,0,11,0,0,0,0,0
DB3,3,test,5,994900,0,0,0,0,0,0,0
DB3,3,test,5,995000,0,0,0,0,0,0,0
DB3,3,test,5,995100,0,0,0,0,0,0,0
DB3,3,test,5,995200,0,0,0,0,0,0,0
DB3,3,test,5,995300,0,0,0,0,0,0,0
DB3,3,test,5,995400,0,0,0,0,0,0,0
DB3,3,test,5,995500,0,0,0,0,0,0,0
DB3,3,test,5,995600,0,0,0,0,0,0,0
DB3,3,test,5,995700,0,0,0,0,0,0,0
DB3,3,test,5,995800,0,0,0,0,0,0,0
DB3,3,test,5,995900,0,0,0,0,0,0,0
DB3,3,test,5,996000,0,0,0,0,0,0,0
DB3,3,test,5,996100,0,0,0,0,0,0,0
DB3,3,test,5,996200,0,0,0,0,0,0,0
DB3,3,test,5,996300,0,11,0,0,0,0,0
DB3,3,test,5,996400,0,11,0,0,0,0,0
DB3,3,test,5,996500,0,0,0,0,0,0,0
DB3,3,test,5,996600,0,5,11,10,0,0,0
DB3,3,test,5,996700,0,4,9,9,9,11,9
DB3,3,test,5,996800,0,4,9,9,9,11,9
DB3,3,test,5,996900,0,4,9,9,9,11,0
DB3,3,test,5,997000,0,4,9,9,0,0,0
DB3,3,test,5,997100,0,11,0,10,0,0,0
DB3,3,test,5,997200,0,0,0,10,0,0,0
DB3,3,test,6,1002100,0,10,7,7,7,10,7
DB3,3,test,6,1002200,0,10,7,7,7,0,0
DB3,3,test,6,1002300,0,4,0,0,0,0,0
DB3,3,test,6,1002400,0,4,0,8,0,0,0
DB3,3,test,6,1002500,0,5,0,8,0,0,0
DB3,3,test,6,1002600,0,8,0,8,0,0,0
DB3,3,test,6,1002700,0,8,0,6,0,0,0
DB3,3,test,6,1002800,0,0,0,0,0,0,0
DB3,3,test,6,1002900,0,11,0,0,0,0,0
DB3,3,test,6,1003000,0,0,0,0,0,0,0
DB3,3,test,6,1003100,0,0,0,0,0,0,0
DB3,3,test,6,1003200,0,11,0,0,0,0,0
DB3,3,test,6,1003300,0,0,0,0,0,0,0
DB3,3,test,6,1003400,0,0,0,0,0,0,0
DB3,3,test,6,1003500,0,0,0,0,0,0,0
DB3,3,test,6,1003600,0,0,0,0,0,0,0
DB3,3,test,6,1003700,0,11,0,0,0,0,0
DB3,3,test,6,1003800,0,0,0,0,0,0,0
DB3,3,test,6,1003900,0,0,0,0,0,0,0
DB3,3,test,6,1004000,0,0,0,0,0,0,0
DB3,3,test,6,1004100,0,0,0,0,0,0,0
DB3,3,test,6,1004200,0,0,0,0,0,0,0
DB3,3,test,6,1004300,0,0,0,0,0,0,0
DB3,3,test,6,1004400,0,0,0,0,0,0,0
DB3,3,test,6,1004500,0,0,0,0,0,0,0
DB3,3,test,6,1004600,0,0,0,0,0,0,0
DB3,3,test,6,1004700,0,11,0,0,0,0,0
DB3,3,test,6,1004800,0,11,0,0,0,0,0
DB3,3,test,6,1004900,0,0,0,0,0,0,0
DB3,3,test,6,1005000,0,0,0,0,0,0,0
DB3,3,test,6,1005100,0,0,0,0,0,0,0
DB3,3,test,6,1005200,0,0,0,0,0,0,0
DB3,3,test,6,1005300,0,0,10,0,0,0,0
DB3,3,test,6,1005400,0,0,0,0,0,0,0
DB3,3,test,6,1005500,0,0,0,0,0,0,0
DB3,3,test,6,1005600,0,11,0,0,0,0,0
DB3,3,test,6,1005700,0,11,0,0,0,0,0
DB3,3,test,6,1005800,0,11,0,0,0,0,0
DB3,3,test,6,1005900,0,0,0,0,0,0,0
DB3,3,test,4,1037100,0,0,0,0,0,0,0
DB3,3,test,4,1037200,0,0,0,0,0,0,0
DB3,3,test,4,1037300,0,0,0,0,0,0,0
DB3,3,test,4,1037400,0,0,0,0,0,0,0
DB3,3,test,4,1037500,0,0,0,0,0,0,0
DB3,3,test,4,1037600,0,0,0,0,0,0,0
DB3,3,test,4,1037700,0,0,0,0,0,0,0
DB3,3,test,4,1037800,0,0,0,0,0,0,0
DB3,3,test,4,1037900,0,0,0,0,0,0,0
DB3,3,test,4,1038000,0,0,0,0,0,0,0
DB3,3,test,4,1038100,0,0,0,0,0,0,0
DB3,3,test,4,1038200,0,0,0,0,0,0,0
DB3,3,test,4,1038300,0,0,0,0,0,0,0
DB3,3,test,4,1038400,0,0,0,0,0,0,0
DB3,3,test,4,1038500,0,0,0,0,0,0,0
DB3,3,test,4,1038600,0,0,0,0,0,0,0
DB3,3,test,4,1038700,0,0,0,0,0,0,0
DB3,3,test,4,1038800,0,0,0,0,0,0,0
DB3,3,test,4,1038900,0,0,0,0,0,0,0
DB3,3,test,4,1039000,0,0,0,0,0,0,0
DB3,3,test,4,1039100,0,0,0,0,0,0,0
DB3,3,test,4,1039200,0,0,0,0,0,0,0
DB3,3,test,4,1039300,0,0,0,0,0,0,0
DB3,3,test,4,1039400,0,0,0,0,0,0,0
DB3,3,test,4,1039500,0,0,0,0,0,0,0
DB3,3,test,4,1039600,0,0,0,0,0,0,0
DB3,3,test,4,1039700,0,0,0,0,0,0,0
DB3,3,test,4,1039800,0,0,0,0,0,0,0
DB3,3,test,4,1039900,0,0,0,0,0,0,0
DB3,3,test,4,1040000,0,0,0,0,0,0,0
DB3,3,test,4,1040100,0,0,0,0,0,0,0
DB3,3,test,4,1040200,0,0,0,0,0,0,0
DB3,3,test,4,1040300,0,0,0,0,0,0,0
DB3,3,test,4,1040400,0,0,0,0,0,0,0
DB3,3,test,4,1040500,0,0,0,0,0,0,0
DB3,3,test,4,1040600,0,0,0,0,0,0,0
DB3,3,test,4,1040700,0,0,0,0,0,0,0
DB3,3,test,4,1040800,0,0,0,0,0,0,0
DB3,3,test,4,1040900,0,0,0,0,0,0,0
DB3,3,test,5,1044900,0,3,7,7,0,0,0
DB3,3,test,5,1045000,0,0,7,7,0,0,0
DB3,3,test,5,1045100,0,0,7,7,0,0,0
DB3,3,test,5,1045200,0,3,0,0,0,0,0
DB3,3,test,5,1045300,0,3,0,0,0,0,0
DB3,3,test,5,1045400,0,3,0,7,0,0,0
DB3,3,test,5,1045500,0,3,0,7,0,0,0
DB3,3,test,5,1045600,0,3,0,0,0,0,0
DB3,3,test,5,1045700,0,3,0,0,0,0,0
DB3,3,test,5,1045800,0,3,3,0,0,0,0
DB3,3,test,5,1045900,0,3,0,0,0,0,0
DB3,3,test,5,1046000,0,3,0,0,0,0,0
DB3,3,test,5,1046100,0,0,0,0,0,0,0
DB3,3,test,5,1046200,0,0,0,0,0,0,0
DB3,3,test,5,1046300,0,0,0,0,0,0,0
DB3,3,test,5,1046400,0,0,0,0,0,0,0
DB3,3,test,5,1046500,0,0,0,0,0,0,0
DB3,3,test,5,1046600,0,0,0,0,0,0,0
DB3,3,test,5,1046700,0,0,0,0,0,0,0
DB3,3,test,5,1046800,0,0,0,0,0,0,0
DB3,3,test,5,1046900,0,0,0,0,0,0,0
DB3,3,test,5,1047000,0,0,0,0,0,0,0
DB3,3,test,5,1047100,0,0,0,0,0,0,0
DB3,3,test,5,1047200,0,0,0,0,0,0,0
DB3,3,test,5,1047300,0,0,0,0,0,0,0
DB3,3,test,5,1047400,0,0,0,0,0,0,0
DB3,3,test,5,1047500,0,0,0,0,0,0,0
DB3,3,test,5,1047600,0,0,0,0,0,0,0
DB3,3,test,5,1047700,0,0,0,0,0,0,0
DB3,3,test,5,1047800,0,0,0,0,0,0,0
DB3,3,test,5,1047900,0,0,0,0,0,0,0
DB3,3,test,5,1048000,0,0,0,0,0,0,0
DB3,3,test,5,1048100,0,0,0,0,0,0,0
DB3,3,test,5,1048200,0,0,0,0,0,0,0
DB3,3,test,5,1048300,0,0,0,0,0,0,0
DB3,3,test,5,1048400,0,0,0,0,0,0,0
DB3,3,test,5,1048500,0,0,0,0,0,0,0
DB3,3,test,5,1048600,0,0,0,0,0,0,0
DB3,3,test,5,1048700,0,0,0,0,0,0,0
DB3,3,test,5,1048800,0,0,0,0,0,0,0
DB3,3,test,5,1048900,0,0,0,0,0,0,0
DB3,3,test,5,1049000,0,0,0,0,0,0,0
DB3,3,test,5,1049100,0,0,0,0,0,0,0
DB3,3,test,5,1049200,0,0,0,0,0,0,0
DB3,3,test,5,1049300,0,0,0,0,0,0,0
DB3,3,test,5,1049400,0,3,0,0,0,0,0
DB3,3,test,5,1049500,0,0,0,0,0,0,0
DB3,3,test,5,1049600,0,0,0,0,0,0,0
DB3,3,test,5,1049700,0,0,0,0,0,0,0
DB3,3,test,5,1049800,0,0,0,0,0,0,0
DB3,3,test,5,1049900,0,0,0,0,0,0,0
DB3,3,test,5,1050000,0,0,0,0,0,0,0
DB3,3,test,5,1050100,0,0,0,0,0,0,0
DB3,3,test,5,1050200,0,0,0,0,0,0,0
DB3,3,test,5,1050300,0,11,10,0,0,0,0
DB3,3,test,6,1054100,0,0,0,0,0,0,0
DB3,3,test,6,1054200,0,0,0,0,0,0,0
DB3,3,test,6,1054300,0,0,0,0,0,0,0
DB3,3,test,6,1054400,0,0,0,0,0,0,0
DB3,3,test,6,1054500,0,0,0,0,0,0,0
DB3,3,test,6,1054600,0,3,0,0,0,0,0
DB3,3,test,6,1054700,0,3,0,0,0,0,0
DB3,3,test,6,1054800,0,0,0,0,0,0,0
DB3,3,test,6,1054900,0,0,0,0,0,0,0
DB3,3,test,6,1055000,0,0,0,0,0,0,0
DB3,3,test,6,1055100,0,0,0,0,0,0,0
DB3,3,test,6,1055200,0,0,0,0,0,0,0
DB3,3,test,6,1055300,0,0,0,0,0,0,0
DB3,3,test,6,1055400,0,3,0,0,0,0,0
DB3,3,test,6,1055500,0,0,0,0,0,0,0
DB3,3,test,6,1055600,0,0,0,0,0,0,0
DB3,3,test,6,1055700,0,0,0,0,0,0,0
DB3,3,test,6,1055800,0,0,0,0,0,0,0
DB3,3,test,6,1055900,0,0,0,0,0,0,0
DB3,3,test,6,1056000,0,3,0,0,0,0,0
DB3,3,test,6,1056100,0,3,0,0,0,0,0
DB3,3,test,6,1056200,0,0,0,0,0,0,0
DB3,3,test,6,1056300,0,0,0,0,0,0,0
DB3,3,test,6,1056400,0,0,0,0,0,0,0
DB3,3,test,6,1056500,0,0,0,0,0,0,0
DB3,3,test,6,1056600,0,0,0,0,0,0,0
DB3,3,test,6,1056700,0,3,0,0,0,0,0
DB3,3,test,6,1056800,0,3,0,0,0,0,0
DB3,3,test,6,1056900,0,0,0,0,0,0,0
DB3,3,test,6,1057000,0,0,0,0,0,0,0
DB3,3,test,6,1057100,0,0,0,0,0,0,0
DB3,3,test,6,1057200,0,0,0,0,0,0,0
DB3,3,test,6,1057300,0,0,0,0,0,0,0
DB3,3,test,6,1057400,0,0,0,0,0,0,0
DB3,3,test,6,1057500,0,3,0,0,0,0,0
DB3,3,test,6,1057600,0,3,0,10,0,0,0
DB3,3,test,6,1057700,0,3,0,10,0,0,0
DB3,3,test,6,1057800,0,0,0,10,0,0,0
DB3,3,test,6,1057900,0,0,0,0,0,0,0
DB3,3,test,6,1058000,0,0,0,0,0,0,0
DB3,3,test,6,1058100,0,0,0,0,0,0,0
DB3,3,test,6,1058200,0,0,0,0,0,0,0
DB3,3,test,6,1058300,0,3,0,0,0,0,0
DB3,3,test,4,1093500,0,4,4,10,0,0,0
DB3,3,test,4,1093600,0,10,10,10,0,0,0
DB3,3,test,4,1093700,0,10,10,10,0,0,0
DB3,3,test,4,1093800,0,10,10,0,0,0,0
DB3,3,test,4,1093900,0,10,10,0,0,0,0
DB3,3,test,4,1094000,0,10,0,0,0,0,0
DB3,3,test,4,1094100,0,10,0,0,0,0,0
DB3,3,test,4,1094200,0,10,0,0,0,0,0
DB3,3,test,4,1094300,0,10,10,0,0,0,0
DB3,3,test,4,1094400,0,0,0,0,0,0,0
DB3,3,test,4,1094500,0,0,0,0,0,0,0
DB3,3,test,4,1094600,0,0,0,0,0,0,0
DB3,3,test,4,1094700,0,0,0,0,0,0,0
DB3,3,test,4,1094800,0,0,0,0,0,0,0
DB3,3,test,4,1094900,0,0,0,0,0,0,0
DB3,3,test,4,1095000,0,0,0,0,0,0,0
DB3,3,test,4,1095100,0,0,0,0,0,0,0
DB3,3,test,4,1095200,0,0,0,0,0,0,0
DB3,3,test,4,1095300,0,0,0,0,0,0,0
DB3,3,test,4,1095400,0,0,0,0,0,0,0
DB3,3,test,4,1095500,0,0,0,0,0,0,0
DB3,3,test,4,1095600,0,0,0,0,0,0,0
DB3,3,test,4,1095700,0,0,0,0,0,0,0
DB3,3,test,4,1095800,0,0,0,0,0,0,0
DB3,3,test,4,1095900,0,0,0,0,0,0,0
DB3,3,test,4,1096000,0,0,0,0,0,0,0
DB3,3,test,4,1096100,0,10,0,0,0,0,0
DB3,3,test,4,1096200,0,0,0,0,0,0,0
DB3,3,test,4,1096300,0,0,0,0,0,0,0
DB3,3,test,4,1096400,0,10,0,0,0,0,0
DB3,3,test,4,1096500,0,0,0,0,0,0,0
DB3,3,test,4,1096600,0,0,0,0,0,0,0
DB3,3,test,4,1096700,0,10,0,0,0,0,0
DB3,3,test,4,1096800,0,10,0,10,0,0,0
DB3,3,test,4,1096900,0,0,0,10,0,0,0
DB3,3,test,4,1097000,0,10,0,10,0,0,0
DB3,3,test,4,1097100,0,10,10,10,0,0,0
DB3,3,test,4,1097200,0,10,10,10,0,10,0
DB3,3,test,4,1097300,0,10,9,9,0,10,0
DB3,3,test,4,1097400,0,10,0,9,0,0,0
DB3,3,test,4,1097500,0,10,10,9,0,0,0
DB3,3,test,4,1097600,0,4,0,10,0,0,0
DB3,3,test,5,1102100,0,10,8,10,10,10,10
DB3,3,test,5,1102200,0,10,11,9,9,10,4
DB3,3,test,5,1102300,0,10,10,10,10,10,0
DB3,3,test,5,1102400,0,10,10,10,10,10,0
DB3,3,test,5,1102500,0,10,9,9,9,10,0
DB3,3,test,5,1102600,0,10,10,9,9,10,0
DB3,3,test,5,1102700,0,10,10,9,0,10,0
DB3,3,test,5,1102800,0,10,4,4,0,0,0
DB3,3,test,5,1102900,0,10,10,0,0,10,0
DB3,3,test,5,1103000,0,10,10,0,0,10,0
DB3,3,test,5,1103100,0,10,10,0,0,0,0
DB3,3,test,5,1103200,0,2,4,4,0,10,0
DB3,3,test,5,1103300,0,10,5,1,1,10,0
DB3,3,test,5,1103400,0,10,5,1,0,0,0
DB3,3,test,5,1103500,0,10,4,0,0,0,0
DB3,3,test,5,1103600,0,2,4,0,0,10,0
DB3,3,test,5,1103700,0,10,10,0,0,10,0
DB3,3,test,5,1103800,0,10,2,1,0,0,0
DB3,3,test,5,1103900,0,11,1,7,0,0,0
DB3,3,test,5,1104000,0,0,0,0,0,0,0
DB3,3,test,5,1104100,0,10,10,0,0,10,0
DB3,3,test,5,1104200,0,10,10,0,0,0,0
DB3,3,test,5,1104300,0,10,4,0,0,0,0
DB3,3,test,5,1104400,0,10,2,1,0,0,0
DB3,3,test,5,1104500,0,10,0,7,0,0,0
DB3,3,test,5,1104600,0,10,0,6,0,0,0
DB3,3,test,5,1104700,0,0,0,0,0,0,0
DB3,3,test,5,1104800,0,0,4,0,0,0,0
DB3,3,test,5,1104900,0,11,2,7,0,0,0
DB3,3,test,5,1105000,0,11,2,7,0,0,0
DB3,3,test,5,1105100,0,10,4,0,0,0,0
DB3,3,test,5,1105200,0,10,10,0,0,0,0
DB3,3,test,5,1105300,0,10,10,0,0,0,0
DB3,3,test,5,1105400,0,10,10,0,0,0,0
DB3,3,test,5,1105500,0,10,4,0,0,10,0
DB3,3,test,5,1105600,0,10,10,0,0,10,0
DB3,3,test,5,1105700,0,10,10,0,0,10,0
DB3,3,test,6,1111000,0,4,9,9,0,9,0
DB3,3,test,6,1111100,0,1,9,9,0,9,0
DB3,3,test,6,1111200,0,10,9,9,0,10,0
DB3,3,test,6,1111300,0,10,10,0,0,0,0
DB3,3,test,6,1111400,0,0,0,0,0,0,0
DB3,3,test,6,1111500,0,0,0,0,0,0,0
DB3,3,test,6,1111600,0,0,0,0,0,0,0
DB3,3,test,6,1111700,0,3,4,0,0,0,0
DB3,3,test,6,1111800,0,3,4,0,0,0,0
DB3,3,test,6,1111900,0,3,0,0,0,0,0
DB3,3,test,6,1112000,0,3,0,0,0,0,0
DB3,3,test,6,1112100,0,0,0,0,0,0,0
DB3,3,test,6,1112200,0,0,0,0,0,0,0
DB3,3,test,6,1112300,0,0,0,0,0,0,0
DB3,3,test,6,1112400,0,0,0,0,0,0,0
DB3,3,test,6,1112500,0,0,0,0,0,0,0
DB3,3,test,6,1112600,0,10,0,0,0,0,0
DB3,3,test,6,1112700,0,0,0,0,0,0,0
DB3,3,test,6,1112800,0,0,0,0,0,0,0
DB3,3,test,6,1112900,0,10,0,0,0,0,0
DB3,3,test,6,1113000,0,0,0,0,0,0,0
DB3,3,test,6,1113100,0,0,0,0,0,0,0
DB3,3,test,6,1113200,0,0,0,0,0,0,0
DB3,3,test,6,1113300,0,0,0,0,0,0,0
DB3,3,test,6,1113400,0,0,0,0,0,0,0
DB3,3,test,6,1113500,0,0,0,0,0,0,0
DB3,3,test,6,1113600,0,0,0,0,0,0,0
DB3,3,test,6,1113700,0,1,0,0,0,0,0
DB3,3,test,6,1113800,0,0,0,0,0,0,0
DB3,3,test,6,1113900,0,0,0,0,0,0,0
DB3,3,test,6,1114000,0,0,0,0,0,0,0
DB3,3,test,6,1114100,0,0,0,0,0,0,0
DB3,3,test,6,1114200,0,10,9,0,0,0,0
DB3,3,test,6,1114300,0,0,0,0,0,0,0
DB3,3,test,6,1114400,0,0,0,0,0,0,0
DB3,3,test,6,1114500,0,0,0,0,0,0,0
DB3,3,test,6,1114600,0,0,0,0,0,0,0
DB3,3,test,6,1114700,0,1,0,0,0,0,0
DB3,3,test,6,1114800,0,0,0,0,0,0,0
DB3,3,test,6,1114900,0,0,0,0,0,0,0
DB3,3,test,6,1115000,0,10,0,0,0,0,0
DB3,3,test,6,1115100,0,10,0,0,0,0,0
DB3,3,test,6,1115200,0,0,0,0,0,0,0
DB3,3,test,6,1115300,0,0,0,0,0,0,0
DB3,3,test,6,1115400,0,10,9,10,0,0,0
DB3,3,test,4,1150100,0,10,0,6,0,0,0
DB3,3,test,4,1150200,0,0,0,6,0,0,0
DB3,3,test,4,1150300,0,0,0,0,0,0,0
DB3,3,test,4,1150400,0,0,0,0,0,0,0
DB3,3,test,4,1150500,0,0,10,0,0,0,0
DB3,3,test,4,1150600,0,0,0,0,0,0,0
DB3,3,test,4,1150700,0,0,0,0,0,0,0
DB3,3,test,4,1150800,0,0,0,0,0,0,0
DB3,3,test,4,1150900,0,0,0,0,0,0,0
DB3,3,test,4,1151000,0,0,0,0,0,0,0
DB3,3,test,4,1151100,0,0,0,0,0,0,0
DB3,3,test,4,1151200,0,0,0,0,0,0,0
DB3,3,test,4,1151300,0,0,0,0,0,0,0
DB3,3,test,4,1151400,0,0,0,0,0,0,0
DB3,3,test,4,1151500,0,0,0,0,0,0,0
DB3,3,test,4,1151600,0,0,0,0,0,0,0
DB3,3,test,4,1151700,0,10,0,0,0,0,0
DB3,3,test,4,1151800,0,0,0,0,0,0,0
DB3,3,test,4,1151900,0,0,0,0,0,0,0
DB3,3,test,4,1152000,0,4,0,10,0,0,0
DB3,3,test,4,1152100,0,4,9,9,0,0,0
DB3,3,test,4,1152200,0,4,0,9,0,0,0
DB3,3,test,4,1152300,0,0,0,0,0,0,0
DB3,3,test,4,1152400,0,0,0,0,0,0,0
DB3,3,test,4,1152500,0,0,0,0,0,0,0
DB3,3,test,4,1152600,0,0,0,0,0,0,0
DB3,3,test,4,1152700,0,0,0,0,0,0,0
DB3,3,test,4,1152800,0,0,0,0,0,0,0
DB3,3,test,4,1152900,0,0,0,0,0,0,0
DB3,3,test,4,1153000,0,4,9,10,0,0,0
DB3,3,test,4,1153100,0,4,10,10,0,0,0
DB3,3,test,4,1153200,0,10,10,10,0,0,0
DB3,3,test,4,1153300,0,0,10,0,0,0,0
DB3,3,test,4,1153400,0,0,0,0,0,0,0
DB3,3,test,4,1153500,0,0,0,0,0,0,0
DB3,3,test,4,1153600,0,0,0,0,0,0,0
DB3,3,test,4,1153700,0,0,0,0,0,0,0
DB3,3,test,4,1153800,0,0,0,0,0,0,0
DB3,3,test,4,1153900,0,10,4,0,0,0,0
DB3,3,test,4,1154000,0,4,9,10,0,0,0
DB3,3,test,4,1154100,0,4,0,10,0,0,0
DB3,3,test,4,1154200,0,4,0,10,0,0,0
DB3,3,test,4,1154300,0,4,0,10,0,0,0
DB3,3,test,4,1154400,0,0,0,10,0,0,0
DB3,3,test,4,1154700,9,10,8,8,8,9,9
DB3,3,test,4,1154800,9,9,9,9,9,9,9
DB3,3,test,4,1154900,9,9,5,9,9,5,9
DB3,3,test,4,1155000,9,8,3,8,8,6,9
DB3,3,test,4,1155100,9,8,8,9,9,6,9
DB3,3,test,4,1155200,9,2,9,9,9,9,9
DB3,3,test,4,1155300,9,2,9,9,9,9,9
DB3,3,test,4,1155400,9,2,9,9,9,9,9
DB3,3,test,4,1155500,9,10,9,9,9,9,9
DB3,3,test,4,1155600,9,2,9,9,9,6,9
DB3,3,test,4,1155700,9,2,6,9,9,9,8
DB3,3,test,4,1155800,9,2,9,8,8,9,10
DB3,3,test,4,1155900,9,10,8,9,9,9,8
DB3,3,test,4,1156000,9,10,9,9,9,9,9
DB3,3,test,4,1156100,9,4,9,9,9,9,9
DB3,3,test,4,1156200,9,4,9,9,9,9,9
DB3,3,test,4,1156300,9,4,9,9,9,9,9
DB3,3,test,4,1156400,9,9,9,9,9,9,9
DB3,3,test,4,1156500,9,10,9,9,9,9,9
DB3,3,test,4,1156600,9,2,9,9,9,9,9
DB3,3,test,4,1156700,9,2,9,9,9,9,9
DB3,3,test,4,1156800,9,10,9,9,9,11,9
DB3,3,test,4,1156900,9,10,9,9,9,11,9
DB3,3,test,4,1157000,9,10,9,9,9,9,0
DB3,3,test,4,1157100,9,5,9,9,9,8,9
DB3,3,test,4,1157200,9,2,9,9,9,9,9
DB3,3,test,4,1157300,9,2,9,9,9,5,9
DB3,3,test,4,1157400,9,9,9,9,9,5,9
DB3,3,test,4,1157500,9,9,3,9,9,6,9
DB3,3,test,4,1157600,9,9,8,8,8,8,9
DB3,3,test,4,1157700,9,10,8,8,8,9,9
DB3,3,test,4,1157800,9,2,9,8,8,9,9
DB3,3,test,4,1157900,9,10,8,8,8,9,9
DB3,3,test,4,1158000,9,2,11,9,9,9,9
DB3,3,test,4,1158100,9,2,5,9,9,9,9
DB3,3,test,4,1158200,9,4,11,11,11,11,9
DB3,3,test,5,1158500,0,4,9,9,0,0,0
DB3,3,test,5,1158600,0,4,0,9,0,0,0
DB3,3,test,5,1158700,0,4,0,9,0,0,0
DB3,3,test,5,1158800,0,4,0,9,0,0,0
DB3,3,test,5,1158900,0,4,0,10,0,0,0
DB3,3,test,5,1159000,0,0,0,0,0,0,0
DB3,3,test,5,1159100,0,0,0,0,0,0,0
DB3,3,test,5,1159200,0,0,0,0,0,0,0
DB3,3,test,5,1159300,0,0,0,0,0,0,0
DB3,3,test,5,1159400,0,0,0,0,0,0,0
DB3,3,test,5,1159500,0,0,0,0,0,0,0
DB3,3,test,5,1159600,0,0,0,0,0,0,0
DB3,3,test,5,1159700,0,0,0,0,0,0,0
DB3,3,test,5,1159800,0,0,0,0,0,0,0
DB3,3,test,5,1159900,0,0,0,0,0,0,0
DB3,3,test,5,1160000,0,0,0,0,0,0,0
DB3,3,test,5,1160100,0,0,0,0,0,0,0
DB3,3,test,5,1160200,0,0,0,0,0,0,0
DB3,3,test,5,1160300,0,0,0,0,0,0,0
DB3,3,test,5,1160400,0,0,0,0,0,0,0
DB3,3,test,5,1160500,0,0,0,0,0,0,0
DB3,3,test,5,1160600,0,0,0,0,0,0,0
DB3,3,test,5,1160700,0,0,0,0,0,0,0
DB3,3,test,5,1160800,0,0,0,0,0,0,0
DB3,3,test,5,1160900,0,0,0,0,0,0,0
DB3,3,test,5,1161000,0,0,0,0,0,0,0
DB3,3,test,5,1161100,0,0,0,0,0,0,0
DB3,3,test,5,1161200,0,0,0,0,0,0,0
DB3,3,test,5,1161300,0,0,0,0,0,0,0
DB3,3,test,5,1161400,0,0,0,0,0,0,0
DB3,3,test,5,1161500,0,0,0,0,0,0,0
DB3,3,test,5,1161600,0,0,0,0,0,0,0
DB3,3,test,5,1161700,0,0,0,0,0,0,0
DB3,3,test,5,1161800,0,0,0,0,0,0,0
DB3,3,test,5,1161900,0,0,0,0,0,0,0
DB3,3,test,5,1162000,0,0,0,0,0,0,0
DB3,3,test,5,1162100,0,0,0,0,0,0,0
DB3,3,test,5,1162200,0,0,0,0,0,0,0
DB3,3,test,5,1162300,0,0,0,0,0,0,0
DB3,3,test,5,1162400,0,0,0,0,0,0,0
DB3,3,test,5,1162500,0,0,0,0,0,0,0
DB3,3,test,5,1162600,0,0,0,0,0,0,0
DB3,3,test,5,1162700,0,0,0,0,0,0,0
DB3,3,test,5,1162800,0,0,0,0,0,0,0
DB3,3,test,5,1162900,0,0,0,0,0,0,0
DB3,3,test,5,1163000,0,10,9,0,0,0,0
DB3,3,test,5,1163100,0,4,9,10,0,0,0
DB3,3,test,5,1163200,0,5,10,10,0,0,0
DB3,3,test,5,1163300,0,0,10,0,0,0,0
DB3,3,test,5,1163400,0,0,0,0,0,0,0
DB3,3,test,5,1163700,9,7,9,8,8,3,9
DB3,3,test,5,1163800,9,7,5,9,9,3,9
DB3,3,test,5,1163900,9,7,9,9,9,5,9
DB3,3,test,5,1164000,9,2,9,9,9,9,9
DB3,3,test,5,1164100,9,2,9,9,9,9,9
DB3,3,test,5,1164200,9,2,9,9,9,9,9
DB3,3,test,5,1164300,9,4,9,9,9,10,4
DB3,3,test,5,1164400,9,2,9,9,9,9,9
DB3,3,test,5,1164500,9,2,9,9,9,9,9
DB3,3,test,5,1164600,9,10,9,9,9,9,9
DB3,3,test,5,1164700,9,2,9,9,9,9,9
DB3,3,test,5,1164800,9,10,8,9,9,9,10
DB3,3,test,5,1164900,9,4,10,9,9,8,10
DB3,3,test,5,1165000,9,10,8,9,9,9,10
DB3,3,test,5,1165100,9,10,8,9,9,9,10
DB3,3,test,5,1165200,9,10,8,9,9,9,8
DB3,3,test,5,1165300,9,2,8,8,8,9,9
DB3,3,test,5,1165400,9,10,4,8,8,10,9
DB3,3,test,5,1165500,9,10,4,9,9,10,9
DB3,3,test,5,1165600,9,2,4,9,9,10,4
DB3,3,test,5,1165700,9,2,4,10,10,10,4
DB3,3,test,5,1165800,9,10,9,9,9,10,4
DB3,3,test,5,1165900,9,2,9,10,10,10,9
DB3,3,test,5,1166000,9,2,4,9,9,10,4
DB3,3,test,5,1166100,9,5,4,9,9,10,9
DB3,3,test,5,1166200,9,5,4,9,9,4,9
DB3,3,test,5,1166300,9,10,8,9,9,10,9
DB3,3,test,5,1166400,9,5,8,9,9,9,9
DB3,3,test,5,1166500,9,2,9,9,9,9,9
DB3,3,test,5,1166600,9,2,9,9,9,5,9
DB3,3,test,5,1166700,9,4,3,9,9,6,9
DB3,3,test,5,1166800,9,4,6,9,9,9,9
DB3,3,test,5,1166900,9,2,9,9,9,9,9
DB3,3,test,5,1167000,9,3,5,10,0,10,0
DB3,3,test,5,1167100,9,3,10,10,0,10,0
DB3,3,test,5,1167200,9,4,10,10,0,0,0
DB3,3,test,5,1167300,9,10,7,10,10,0,0
DB3,3,test,5,1167400,9,10,7,10,0,0,0
DB3,3,test,5,1167500,9,10,7,10,10,0,0
DB3,3,test,5,1167600,9,0,7,7,0,0,0
DB3,3,test,6,1167900,0,10,10,10,0,0,0
DB3,3,test,6,1168000,0,0,0,0,0,0,0
DB3,3,test,6,1168100,0,0,0,0,0,0,0
DB3,3,test,6,1168200,0,0,0,0,0,0,0
DB3,3,test,6,1168300,0,0,0,0,0,0,0
DB3,3,test,6,1168400,0,0,0,0,0,0,0
DB3,3,test,6,1168500,0,0,0,0,0,0,0
DB3,3,test,6,1168600,0,0,0,0,0,0,0
DB3,3,test,6,1168700,0,0,0,0,0,0,0
DB3,3,test,6,1168800,0,0,0,0,0,0,0
DB3,3,test,6,1168900,0,0,0,0,0,0,0
DB3,3,test,6,1169000,0,0,0,0,0,0,0
DB3,3,test,6,1169100,0,0,0,0,0,0,0
DB3,3,test,6,1169200,0,10,0,10,0,0,0
DB3,3,test,6,1169300,0,0,0,10,0,0,0
DB3,3,test,6,1169400,0,0,0,0,0,0,0
DB3,3,test,6,1169500,0,0,0,0,0,0,0
DB3,3,test,6,1169600,0,0,0,0,0,0,0
DB3,3,test,6,1169700,0,0,0,0,0,0,0
DB3,3,test,6,1169800,0,0,0,0,0,0,0
DB3,3,test,6,1169900,0,0,0,0,0,0,0
DB3,3,test,6,1170000,0,0,0,0,0,0,0
DB3,3,test,6,1170100,0,0,0,0,0,0,0
DB3,3,test,6,1170200,0,0,0,0,0,0,0
DB3,3,test,6,1170300,0,0,0,0,0,0,0
DB3,3,test,6,1170400,0,0,0,0,0,0,0
DB3,3,test,6,1170500,0,0,0,0,0,0,0
DB3,3,test,6,1170600,0,0,0,0,0,0,0
DB3,3,test,6,1170700,0,0,0,0,0,0,0
DB3,3,test,6,1170800,0,0,0,0,0,0,0
DB3,3,test,6,1170900,0,0,0,0,0,0,0
DB3,3,test,6,1171000,0,0,0,0,0,0,0
DB3,3,test,6,1171100,0,0,0,0,0,0,0
DB3,3,test,6,1171200,0,0,0,0,0,0,0
DB3,3,test,6,1171300,0,0,0,0,0,0,0
DB3,3,test,6,1171400,0,0,0,0,0,0,0
DB3,3,test,6,1171500,0,0,0,0,0,0,0
DB3,3,test,6,1171600,0,5,8,0,0,0,0
DB3,3,test,6,1171700,0,4,9,9,0,0,0
DB3,3,test,6,1171800,0,4,0,10,0,0,0
DB3,3,test,6,1171900,0,0,0,10,0,0,0
DB3,3,test,6,1172000,0,0,0,0,0,0,0
DB3,3,test,6,1172100,0,10,0,0,0,0,0
DB3,3,test,6,1172200,0,4,9,9,0,0,0
DB3,3,test,6,1172500,9,4,9,9,9,10,9
DB3,3,test,6,1172600,9,10,9,9,9,9,9
DB3,3,test,6,1172700,9,5,8,9,9,9,9
DB3,3,test,6,1172800,9,5,4,9,9,5,9
DB3,3,test,6,1172900,9,1,9,9,9,9,9
DB3,3,test,6,1173000,9,10,9,9,9,9,9
DB3,3,test,6,1173100,9,10,9,9,9,9,9
DB3,3,test,6,1173200,9,10,9,9,9,9,9
DB3,3,test,6,1173300,9,2,9,9,9,9,9
DB3,3,test,6,1173400,9,2,9,9,9,9,9
DB3,3,test,6,1173500,9,10,9,9,9,8,9
DB3,3,test,6,1173600,9,2,9,9,9,9,9
DB3,3,test,6,1173700,9,2,9,9,9,2,9
DB3,3,test,6,1173800,9,2,9,9,9,9,9
DB3,3,test,6,1173900,9,2,9,9,9,9,9
DB3,3,test,6,1174000,9,2,9,9,9,9,9
DB3,3,test,6,1174100,9,2,9,9,9,9,9
DB3,3,test,6,1174200,9,2,9,9,9,2,9
DB3,3,test,6,1174300,9,2,9,9,9,9,9
DB3,3,test,6,1174400,9,2,9,9,9,9,9
DB3,3,test,6,1174500,9,2,9,9,9,9,9
DB3,3,test,6,1174600,9,2,9,9,9,2,9
DB3,3,test,6,1174700,9,2,2,9,9,2,9
DB3,3,test,6,1174800,9,10,8,9,9,10,9
DB3,3,test,6,1174900,9,10,9,9,9,10,9
DB3,3,test,6,1175000,9,10,9,9,9,10,9
DB3,3,test,6,1175100,9,10,9,9,9,10,9
DB3,3,test,6,1175200,9,10,3,9,9,4,9
DB3,3,test,6,1175300,9,9,8,9,9,10,9
DB3,3,test,6,1175400,9,10,8,9,9,9,9
DB3,3,test,6,1175500,9,10,9,9,9,9,9
DB3,3,test,6,1175600,9,7,9,9,9,9,9
DB3,3,test,6,1175700,9,10,9,8,8,9,9
DB3,3,test,6,1175800,9,2,6,9,9,9,9
DB3,3,test,6,1175900,9,8,6,9,9,6,9
DB3,3,test,6,1176000,9,8,5,9,9,6,9
DB3,3,test,6,1176100,9,4,11,10,10,11,9
DB3,3,test,6,1176200,9,4,11,11,11,11,0
DB3,3,test,4,1206400,0,0,0,0,0,0,0
DB3,3,test,4,1206500,0,0,0,0,0,0,0
DB3,3,test,4,1206600,0,0,0,0,0,0,0
DB3,3,test,4,1206700,0,0,0,0,0,0,0
DB3,3,test,4,1206800,0,0,0,0,0,0,0
DB3,3,test,4,1206900,0,0,0,0,0,0,0
DB3,3,test,4,1207000,0,0,0,0,0,0,0
DB3,3,test,4,1207100,0,0,0,0,0,0,0
DB3,3,test,4,1207200,0,0,0,0,0,0,0
DB3,3,test,4,1207300,0,0,0,0,0,0,0
DB3,3,test,4,1207400,0,0,0,0,0,0,0
DB3,3,test,4,1207500,0,0,0,0,0,0,0
DB3,3,test,4,1207600,0,0,0,0,0,0,0
DB3,3,test,4,1207700,0,0,0,0,0,0,0
DB3,3,test,4,1207800,0,0,0,0,0,0,0
DB3,3,test,4,1207900,0,0,0,0,0,0,0
DB3,3,test,4,1208000,0,0,0,0,0,0,0
DB3,3,test,4,1208100,0,0,0,0,0,0,0
DB3,3,test,4,1208200,0,0,0,0,0,0,0
DB3,3,test,4,1208300,0,0,0,0,0,0,0
DB3,3,test,4,1208400,0,0,0,0,0,0,0
DB3,3,test,4,1208500,0,0,0,0,0,0,0
DB3,3,test,4,1208600,0,0,0,0,0,0,0
DB3,3,test,4,1208700,0,0,0,0,0,0,0
DB3,3,test,4,1208800,0,0,0,0,0,0,0
DB3,3,test,4,1208900,0,0,0,0,0,0,0
DB3,3,test,4,1209000,0,0,0,0,0,0,0
DB3,3,test,4,1209100,0,0,0,0,0,0,0
DB3,3,test,4,1209200,0,0,0,0,0,0,0
DB3,3,test,4,1209300,0,0,0,0,0,0,0
DB3,3,test,4,1209400,0,0,0,0,0,0,0
DB3,3,test,4,1209500,0,0,0,0,0,0,0
DB3,3,test,4,1209600,0,0,0,0,0,0,0
DB3,3,test,4,1209700,0,0,0,0,0,0,0
DB3,3,test,4,1209800,0,0,0,0,0,0,0
DB3,3,test,4,1209900,0,0,0,0,0,0,0
DB3,3,test,4,1210000,0,0,0,0,0,0,0
DB3,3,test,4,1210100,0,0,10,0,0,0,0
DB3,3,test,4,1210200,0,0,0,10,0,0,0
DB3,3,test,4,1210300,0,0,0,0,0,0,0
DB3,3,test,4,1210400,0,0,0,0,0,0,0
DB3,3,test,4,1210500,0,0,0,0,0,0,0
DB3,3,test,4,1210600,0,0,0,0,0,0,0
DB3,3,test,4,1210700,0,4,0,10,0,0,0
DB3,3,test,5,1214800,0,10,10,9,0,10,0
DB3,3,test,5,1214900,0,10,10,10,0,0,0
DB3,3,test,5,1215000,0,4,10,10,0,0,0
DB3,3,test,5,1215100,0,0,0,10,0,0,0
DB3,3,test,5,1215200,0,0,0,0,0,0,0
DB3,3,test,5,1215300,0,0,10,0,0,0,0
DB3,3,test,5,1215400,0,0,10,0,0,0,0
DB3,3,test,5,1215500,0,0,0,0,0,0,0
DB3,3,test,5,1215600,0,0,0,0,0,0,0
DB3,3,test,5,1215700,0,0,0,0,0,0,0
DB3,3,test,5,1215800,0,0,0,0,0,0,0
DB3,3,test,5,1215900,0,0,0,0,0,0,0
DB3,3,test,5,1216000,0,0,0,0,0,0,0
DB3,3,test,5,1216100,0,0,0,0,0,0,0
DB3,3,test,5,1216200,0,0,0,0,0,0,0
DB3,3,test,5,1216300,0,0,0,0,0,0,0
DB3,3,test,5,1216400,0,0,0,0,0,0,0
DB3,3,test,5,1216500,0,0,0,0,0,0,0
DB3,3,test,5,1216600,0,0,0,0,0,0,0
DB3,3,test,5,1216700,0,0,0,0,0,0,0
DB3,3,test,5,1216800,0,0,0,0,0,0,0
DB3,3,test,5,1216900,0,0,0,0,0,0,0
DB3,3,test,5,1217000,0,0,0,0,0,0,0
DB3,3,test,5,1217100,0,0,0,0,0,0,0
DB3,3,test,5,1217200,0,0,0,0,0,0,0
DB3,3,test,5,1217300,0,0,0,0,0,0,0
DB3,3,test,5,1217400,0,0,0,0,0,0,0
DB3,3,test,5,1217500,0,0,0,0,0,0,0
DB3,3,test,5,1217600,0,0,0,0,0,0,0
DB3,3,test,5,1217700,0,0,0,0,0,0,0
DB3,3,test,5,1217800,0,0,0,0,0,0,0
DB3,3,test,5,1217900,0,0,0,0,0,0,0
DB3,3,test,5,1218000,0,0,0,0,0,0,0
DB3,3,test,5,1218100,0,0,0,0,0,0,0
DB3,3,test,5,1218200,0,0,0,0,0,0,0
DB3,3,test,5,1218300,0,0,0,0,0,0,0
DB3,3,test,5,1218400,0,0,0,0,0,0,0
DB3,3,test,5,1218500,0,0,0,0,0,0,0
DB3,3,test,5,1218600,0,0,0,0,0,0,0
DB3,3,test,5,1218700,0,0,0,0,0,0,0
DB3,3,test,5,1218800,0,0,0,0,0,0,0
DB3,3,test,5,1218900,0,0,0,0,0,0,0
DB3,3,test,5,1219000,0,0,0,0,0,0,0
DB3,3,test,5,1219100,0,0,0,0,0,0,0
DB3,3,test,5,1219200,0,0,0,0,0,0,0
DB3,3,test,5,1219300,0,0,0,0,0,0,0
DB3,3,test,5,1219400,0,0,0,0,0,0,0
DB3,3,test,5,1219500,0,0,0,10,0,0,0
DB3,3,test,6,1223700,0,4,11,11,0,0,0
DB3,3,test,6,1223800,0,4,11,11,0,11,0
DB3,3,test,6,1223900,0,11,10,9,0,0,0
DB3,3,test,6,1224000,0,10,10,0,0,0,0
DB3,3,test,6,1224100,0,10,10,0,0,0,0
DB3,3,test,6,1224200,0,10,0,0,0,0,0
DB3,3,test,6,1224300,0,10,0,0,0,0,0
DB3,3,test,6,1224400,0,0,0,0,0,0,0
DB3,3,test,6,1224500,0,0,0,0,0,0,0
DB3,3,test,6,1224600,0,0,0,0,0,0,0
DB3,3,test,6,1224700,0,0,0,0,0,0,0
DB3,3,test,6,1224800,0,0,0,0,0,0,0
DB3,3,test,6,1224900,0,10,0,0,0,0,0
DB3,3,test,6,1225000,0,0,0,0,0,0,0
DB3,3,test,6,1225100,0,0,0,0,0,0,0
DB3,3,test,6,1225200,0,0,0,0,0,0,0
DB3,3,test,6,1225300,0,0,0,0,0,0,0
DB3,3,test,6,1225400,0,0,0,0,0,0,0
DB3,3,test,6,1225500,0,0,0,0,0,0,0
DB3,3,test,6,1225600,0,0,0,0,0,0,0
DB3,3,test,6,1225700,0,0,0,0,0,0,0
DB3,3,test,6,1225800,0,0,0,0,0,0,0
DB3,3,test,6,1225900,0,0,0,0,0,0,0
DB3,3,test,6,1226000,0,0,0,0,0,0,0
DB3,3,test,6,1226100,0,0,0,0,0,0,0
DB3,3,test,6,1226200,0,0,0,0,0,0,0
DB3,3,test,6,1226300,0,0,0,0,0,0,0
DB3,3,test,6,1226400,0,0,0,0,0,0,0
DB3,3,test,6,1226500,0,0,0,0,0,0,0
DB3,3,test,6,1226600,0,0,0,0,0,0,0
DB3,3,test,6,1226700,0,0,0,0,0,0,0
DB3,3,test,6,1226800,0,0,0,0,0,0,0
DB3,3,test,6,1226900,0,0,0,0,0,0,0
DB3,3,test,6,1227000,0,0,0,0,0,0,0
DB3,3,test,6,1227100,0,0,0,0,0,0,0
DB3,3,test,6,1227200,0,0,0,0,0,0,0
DB3,3,test,6,1227300,0,0,0,0,0,0,0
DB3,3,test,6,1227400,0,0,0,0,0,0,0
DB3,3,test,6,1227500,0,0,0,0,0,0,0
DB3,3,test,6,1227600,0,0,0,0,0,0,0
DB3,3,test,6,1227700,0,0,0,0,0,0,0
DB3,3,test,6,1227800,0,0,0,0,0,0,0
DB3,3,test,6,1227900,0,0,0,0,0,0,0
DB3,3,test,4,1263100,0,0,0,0,0,0,0
DB3,3,test,4,1263200,0,0,0,0,0,0,0
DB3,3,test,4,1263300,0,0,0,0,0,0,0
DB3,3,test,4,1263400,0,0,0,0,0,0,0
DB3,3,test,4,1263500,0,0,0,0,0,0,0
DB3,3,test,4,1263600,0,0,0,0,0,0,0
DB3,3,test,4,1263700,0,0,0,0,0,0,0
DB3,3,test,4,1263800,0,0,0,0,0,0,0
DB3,3,test,4,1263900,0,0,0,0,0,0,0
DB3,3,test,4,1264000,0,0,0,0,0,0,0
DB3,3,test,4,1264100,0,0,0,0,0,0,0
DB3,3,test,4,1264200,0,0,0,0,0,0,0
DB3,3,test,4,1264300,0,0,0,0,0,0,0
DB3,3,test,4,1264400,0,0,0,0,0,0,0
DB3,3,test,4,1264500,0,0,0,0,0,0,0
DB3,3,test,4,1264600,0,0,0,0,0,0,0
DB3,3,test,4,1264700,0,0,0,0,0,0,0
DB3,3,test,4,1264800,0,0,0,0,0,0,0
DB3,3,test,4,1264900,0,0,0,0,0,0,0
DB3,3,test,4,1265000,0,10,10,0,0,0,0
DB3,3,test,4,1265100,0,10,10,0,0,0,0
DB3,3,test,4,1265200,0,0,0,0,0,0,0
DB3,3,test,4,1265300,0,0,0,0,0,0,0
DB3,3,test,4,1265400,0,0,0,0,0,0,0
DB3,3,test,4,1265500,0,0,0,0,0,0,0
DB3,3,test,4,1265600,0,0,0,0,0,0,0
DB3,3,test,4,1265700,0,0,0,0,0,0,0
DB3,3,test,4,1265800,0,0,0,0,0,0,0
DB3,3,test,4,1265900,0,0,0,0,0,0,0
DB3,3,test,4,1266000,0,0,0,0,0,0,0
DB3,3,test,4,1266100,0,0,0,0,0,0,0
DB3,3,test,4,1266200,0,0,0,0,0,0,0
DB3,3,test,4,1266300,0,0,0,0,0,0,0
DB3,3,test,4,1266400,0,0,0,0,0,0,0
DB3,3,test,4,1266500,0,0,0,0,0,0,0
DB3,3,test,4,1266600,0,0,0,0,0,0,0
DB3,3,test,4,1266700,0,0,0,0,0,0,0
DB3,3,test,4,1266800,0,0,0,10,0,0,0
DB3,3,test,4,1266900,0,0,0,10,0,0,0
DB3,3,test,4,1267000,0,11,10,0,0,0,0
DB3,3,test,4,1267100,0,0,0,0,0,0,0
DB3,3,test,4,1267200,0,0,0,0,0,0,0
DB3,3,test,5,1271900,0,0,0,0,0,0,0
DB3,3,test,5,1272000,0,0,0,0,0,0,0
DB3,3,test,5,1272100,0,0,0,0,0,0,0
DB3,3,test,5,1272200,0,0,0,0,0,0,0
DB3,3,test,5,1272300,0,0,0,0,0,0,0
DB3,3,test,5,1272400,0,0,0,0,0,0,0
DB3,3,test,5,1272500,0,0,0,0,0,0,0
DB3,3,test,5,1272600,0,0,0,0,0,0,0
DB3,3,test,5,1272700,0,0,0,0,0,0,0
DB3,3,test,5,1272800,0,0,0,0,0,0,0
DB3,3,test,5,1272900,0,0,0,0,0,0,0
DB3,3,test,5,1273000,0,0,0,0,0,0,0
DB3,3,test,5,1273100,0,0,0,0,0,0,0
DB3,3,test,5,1273200,0,0,0,0,0,0,0
DB3,3,test,5,1273300,0,0,0,0,0,0,0
DB3,3,test,5,1273400,0,0,0,0,0,0,0
DB3,3,test,5,1273500,0,0,0,0,0,0,0
DB3,3,test,5,1273600,0,0,0,0,0,0,0
DB3,3,test,5,1273700,0,0,0,0,0,0,0
DB3,3,test,5,1273800,0,0,0,0,0,0,0
DB3,3,test,5,1273900,0,0,0,0,0,0,0
DB3,3,test,5,1274000,0,0,0,0,0,0,0
DB3,3,test,5,1274100,0,0,0,0,0,0,0
DB3,3,test,5,1274200,0,0,0,0,0,0,0
DB3,3,test,5,1274300,0,0,0,0,0,0,0
DB3,3,test,5,1274400,0,0,0,0,0,0,0
DB3,3,test,5,1274500,0,0,0,0,0,0,0
DB3,3,test,5,1274600,0,0,0,0,0,0,0
DB3,3,test,5,1274700,0,0,0,0,0,0,0
DB3,3,test,5,1274800,0,0,0,0,0,0,0
DB3,3,test,5,1274900,0,0,0,0,0,0,0
DB3,3,test,5,1275000,0,0,0,0,0,0,0
DB3,3,test,5,1275100,0,0,0,0,0,0,0
DB3,3,test,5,1275200,0,0,0,0,0,0,0
DB3,3,test,5,1275300,0,0,0,0,0,0,0
DB3,3,test,5,1275400,0,0,0,0,0,0,0
DB3,3,test,5,1275500,0,0,0,0,0,0,0
DB3,3,test,5,1275600,0,0,0,0,0,0,0
DB3,3,test,5,1275700,0,0,0,0,0,0,0
DB3,3,test,5,1275800,0,0,0,0,0,0,0
DB3,3,test,5,1275900,0,0,0,0,0,0,0
DB3,3,test,5,1276000,0,0,0,0,0,0,0
DB3,3,test,5,1276100,0,10,10,0,0,0,0
DB3,3,test,5,1276200,0,1,4,9,0,0,0
DB3,3,test,5,1276300,0,2,9,9,9,10,0
DB3,3,test,5,1276400,0,1,9,9,9,10,0
DB3,3,test,5,1276500,0,1,9,9,0,10,0
DB3,3,test,6,1280000,0,0,0,0,0,0,0
DB3,3,test,6,1280100,0,0,0,0,0,0,0
DB3,3,test,6,1280200,0,0,0,10,0,0,0
DB3,3,test,6,1280300,0,0,0,0,0,0,0
DB3,3,test,6,1280400,0,0,0,0,0,0,0
DB3,3,test,6,1280500,0,0,0,0,0,0,0
DB3,3,test,6,1280600,0,0,0,0,0,0,0
DB3,3,test,6,1280700,0,0,0,0,0,0,0
DB3,3,test,6,1280800,0,0,0,0,0,0,0
DB3,3,test,6,1280900,0,0,0,0,0,0,0
DB3,3,test,6,1281000,0,0,0,0,0,0,0
DB3,3,test,6,1281100,0,0,0,0,0,0,0
DB3,3,test,6,1281200,0,0,0,0,0,0,0
DB3,3,test,6,1281300,0,0,0,0,0,0,0
DB3,3,test,6,1281400,0,0,0,0,0,0,0
DB3,3,test,6,1281500,0,0,0,0,0,0,0
DB3,3,test,6,1281600,0,0,0,0,0,0,0
DB3,3,test,6,1281700,0,0,0,0,0,0,0
DB3,3,test,6,1281800,0,0,0,0,0,0,0
DB3,3,test,6,1281900,0,0,0,0,0,0,0
DB3,3,test,6,1282000,0,0,0,0,0,0,0
DB3,3,test,6,1282100,0,0,0,0,0,0,0
DB3,3,test,6,1282200,0,0,0,0,0,0,0
DB3,3,test,6,1282300,0,0,0,0,0,0,0
DB3,3,test,6,1282400,0,0,0,0,0,0,0
DB3,3,test,6,1282500,0,0,0,0,0,0,0
DB3,3,test,6,1282600,0,0,0,0,0,0,0
DB3,3,test,6,1282700,0,0,0,0,0,0,0
DB3,3,test,6,1282800,0,0,0,0,0,0,0
DB3,3,test,6,1282900,0,0,0,0,0,0,0
DB3,3,test,6,1283000,0,0,0,0,0,0,0
DB3,3,test,6,1283100,0,0,0,0,0,0,0
DB3,3,test,6,1283200,0,0,0,0,0,0,0
DB3,3,test,6,1283300,0,0,0,0,0,0,0
DB3,3,test,6,1283400,0,0,0,0,0,0,0
DB3,3,test,6,1283500,0,0,0,0,0,0,0
DB3,3,test,6,1283600,0,0,0,0,0,0,0
DB3,3,test,6,1283700,0,0,0,0,0,0,0
DB3,3,test,6,1283800,0,0,0,0,0,0,0
DB3,3,test,6,1283900,0,0,0,0,0,0,0
DB3,3,test,6,1284000,0,0,0,0,0,0,0
DB3,3,test,6,1284100,0,0,0,0,0,0,0
DB3,3,test,4,1315700,0,3,10,10,0,0,0
DB3,3,test,4,1315800,0,3,0,10,0,0,0
DB3,3,test,4,1315900,0,0,0,0,0,0,0
DB3,3,test,4,1316000,0,0,0,0,0,0,0
DB3,3,test,4,1316100,0,0,0,0,0,0,0
DB3,3,test,4,1316200,0,0,0,0,0,0,0
DB3,3,test,4,1316300,0,0,0,0,0,0,0
DB3,3,test,4,1316400,0,0,0,0,0,0,0
DB3,3,test,4,1316500,0,0,0,0,0,0,0
DB3,3,test,4,1316600,0,0,0,0,0,0,0
DB3,3,test,4,1316700,0,0,0,0,0,0,0
DB3,3,test,4,1316800,0,0,0,0,0,0,0
DB3,3,test,4,1316900,0,0,0,0,0,0,0
DB3,3,test,4,1317000,0,0,0,0,0,0,0
DB3,3,test,4,1317100,0,0,0,0,0,0,0
DB3,3,test,4,1317200,0,0,0,0,0,0,0
DB3,3,test,4,1317300,0,0,0,0,0,0,0
DB3,3,test,4,1317400,0,0,0,0,0,0,0
DB3,3,test,4,1317500,0,0,0,0,0,0,0
DB3,3,test,4,1317600,0,0,0,0,0,0,0
DB3,3,test,4,1317700,0,0,0,0,0,0,0
DB3,3,test,4,1317800,0,0,0,0,0,0,0
DB3,3,test,4,1317900,0,0,0,0,0,0,0
DB3,3,test,4,1318000,0,0,0,0,0,0,0
DB3,3,test,4,1318100,0,0,0,0,0,0,0
DB3,3,test,4,1318200,0,0,0,0,0,0,0
DB3,3,test,4,1318300,0,0,0,0,0,0,0
DB3,3,test,4,1318400,0,0,0,0,0,0,0
DB3,3,test,4,1318500,0,0,0,0,0,0,0
DB3,3,test,4,1318600,0,0,0,0,0,0,0
DB3,3,test,4,1318700,0,0,0,0,0,0,0
DB3,3,test,4,1318800,0,0,0,0,0,0,0
DB3,3,test,4,1318900,0,0,0,0,0,0,0
DB3,3,test,4,1319000,0,0,0,0,0,0,0
DB3,3,test,4,1319100,0,0,0,0,0,0,0
DB3,3,test,4,1319200,0,0,0,0,0,0,0
DB3,3,test,4,1319300,0,0,0,0,0,0,0
DB3,3,test,4,1319400,0,0,0,0,0,0,0
DB3,3,test,4,1319500,0,0,0,0,0,0,0
DB3,3,test,4,1319600,0,0,0,0,0,0,0
DB3,3,test,4,1319700,0,0,0,0,0,0,0
DB3,3,test,4,1319800,0,0,10,0,0,0,0
DB3,3,test,4,1319900,0,10,10,10,0,0,0
DB3,3,test,4,1320000,0,10,10,10,0,0,0
DB3,3,test,5,1324500,0,0,0,0,0,0,0
DB3,3,test,5,1324600,0,0,0,0,0,0,0
DB3,3,test,5,1324700,0,0,0,0,0,0,0
DB3,3,test,5,1324800,0,0,0,0,0,0,0
DB3,3,test,5,1324900,0,0,0,0,0,0,0
DB3,3,test,5,1325000,0,0,0,0,0,0,0
DB3,3,test,5,1325100,0,0,0,0,0,0,0
DB3,3,test,5,1325200,0,0,0,0,0,0,0
DB3,3,test,5,1325300,0,0,0,0,0,0,0
DB3,3,test,5,1325400,0,0,0,0,0,0,0
DB3,3,test,5,1325500,0,0,0,0,0,0,0
DB3,3,test,5,1325600,0,0,0,0,0,0,0
DB3,3,test,5,1325700,0,0,0,0,0,0,0
DB3,3,test,5,1325800,0,0,0,0,0,0,0
DB3,3,test,5,1325900,0,0,0,0,0,0,0
DB3,3,test,5,1326000,0,0,0,0,0,0,0
DB3,3,test,5,1326100,0,0,0,0,0,0,0
DB3,3,test,5,1326200,0,0,0,0,0,0,0
DB3,3,test,5,1326300,0,0,0,0,0,0,0
DB3,3,test,5,1326400,0,0,0,0,0,0,0
DB3,3,test,5,1326500,0,0,0,0,0,0,0
DB3,3,test,5,1326600,0,0,0,0,0,0,0
DB3,3,test,5,1326700,0,0,0,0,0,0,0
DB3,3,test,5,1326800,0,0,0,0,0,0,0
DB3,3,test,5,1326900,0,0,0,0,0,0,0
DB3,3,test,5,1327000,0,0,0,0,0,0,0
DB3,3,test,5,1327100,0,0,0,0,0,0,0
DB3,3,test,5,1327200,0,0,0,0,0,0,0
DB3,3,test,5,1327300,0,0,0,0,0,0,0
DB3,3,test,5,1327400,0,0,0,0,0,0,0
DB3,3,test,5,1327500,0,0,0,0,0,0,0
DB3,3,test,5,1327600,0,0,0,0,0,0,0
DB3,3,test,5,1327700,0,0,0,0,0,0,0
DB3,3,test,5,1327800,0,0,0,0,0,0,0
DB3,3,test,5,1327900,0,0,0,0,0,0,0
DB3,3,test,5,1328000,0,0,0,0,0,0,0
DB3,3,test,5,1328100,0,0,0,0,0,0,0
DB3,3,test,5,1328200,0,0,0,0,0,0,0
DB3,3,test,5,1328300,0,0,0,0,0,0,0
DB3,3,test,5,1328400,0,0,0,0,0,0,0
DB3,3,test,5,1328500,0,0,0,0,0,0,0
DB3,3,test,5,1328600,0,0,0,0,0,0,0
DB3,3,test,5,1328700,0,0,0,0,0,0,0
DB3,3,test,5,1328800,0,0,0,0,0,0,0
DB3,3,test,5,1328900,0,0,0,0,0,0,0
DB3,3,test,5,1329000,0,0,0,0,0,0,0
DB3,3,test,5,1329100,0,10,10,10,0,0,0
DB3,3,test,5,1329200,0,10,10,0,0,0,0
DB3,3,test,5,1329300,0,11,0,0,0,0,0
DB3,3,test,5,1329400,0,0,0,0,0,0,0
DB3,3,test,6,1333100,0,4,11,10,0,0,0
DB3,3,test,6,1333200,0,4,11,10,0,0,0
DB3,3,test,6,1333300,0,0,11,0,0,0,0
DB3,3,test,6,1333400,0,0,0,0,0,0,0
DB3,3,test,6,1333500,0,11,0,0,0,0,0
DB3,3,test,6,1333600,0,0,0,0,0,0,0
DB3,3,test,6,1333700,0,0,0,0,0,0,0
DB3,3,test,6,1333800,0,0,0,0,0,0,0
DB3,3,test,6,1333900,0,0,0,0,0,0,0
DB3,3,test,6,1334000,0,0,0,0,0,0,0
DB3,3,test,6,1334100,0,0,0,0,0,0,0
DB3,3,test,6,1334200,0,0,0,0,0,0,0
DB3,3,test,6,1334300,0,11,0,0,0,0,0
DB3,3,test,6,1334400,0,0,0,0,0,0,0
DB3,3,test,6,1334500,0,0,0,0,0,0,0
DB3,3,test,6,1334600,0,0,0,0,0,0,0
DB3,3,test,6,1334700,0,11,0,0,0,0,0
DB3,3,test,6,1334800,0,11,0,0,0,0,0
DB3,3,test,6,1334900,0,10,0,0,0,0,0
DB3,3,test,6,1335000,0,0,0,0,0,0,0
DB3,3,test,6,1335100,0,0,0,0,0,0,0
DB3,3,test,6,1335200,0,0,0,0,0,0,0
DB3,3,test,6,1335300,0,0,0,0,0,0,0
DB3,3,test,6,1335400,0,0,0,0,0,0,0
DB3,3,test,6,1335500,0,0,0,0,0,0,0
DB3,3,test,6,1335600,0,0,0,0,0,0,0
DB3,3,test,6,1335700,0,0,0,0,0,0,0
DB3,3,test,6,1335800,0,0,0,0,0,0,0
DB3,3,test,6,1335900,0,3,7,7,0,0,0
DB3,3,test,6,1336000,0,3,0,0,0,0,0
DB3,3,test,6,1336100,0,3,0,0,0,0,0
DB3,3,test,6,1336200,0,0,0,0,0,0,0
DB3,3,test,6,1336300,0,0,0,0,0,0,0
DB3,3,test,6,1336400,0,0,0,0,0,0,0
DB3,3,test,6,1336500,0,0,0,0,0,0,0
DB3,3,test,6,1336600,0,0,0,0,0,0,0
DB3,3,test,6,1336700,0,0,0,0,0,0,0
DB3,3,test,6,1336800,0,0,0,0,0,0,0
DB3,3,test,6,1336900,0,0,0,0,0,0,0
DB3,3,test,6,1337000,0,0,0,0,0,0,0
DB3,3,test,6,1337100,0,0,0,0,0,0,0
DB3,3,test,6,1337200,0,3,0,0,0,0,0
DB3,3,test,6,1337300,0,3,7,7,0,0,0
DB3,3,test,6,1337400,0,3,7,7,0,0,0
DB3,3,test,6,1337500,0,0,0,0,0,0,0
DB3,3,test,6,1337600,0,0,0,0,0,0,0
DB3,3,test,6,1337700,0,3,0,10,0,0,0
DB3,3,test,6,1337800,0,3,7,7,0,0,0
DB3,3,test,6,1337900,0,3,7,7,0,0,0
DB3,3,test,4,1369400,0,0,0,0,0,0,0
DB3,3,test,4,1369500,0,0,0,0,0,0,0
DB3,3,test,4,1369600,0,0,0,0,0,0,0
DB3,3,test,4,1369700,0,0,0,0,0,0,0
DB3,3,test,4,1369800,0,0,0,0,0,0,0
DB3,3,test,4,1369900,0,0,0,0,0,0,0
DB3,3,test,4,1370000,0,0,0,0,0,0,0
DB3,3,test,4,1370100,0,0,0,0,0,0,0
DB3,3,test,4,1370200,0,0,0,0,0,0,0
DB3,3,test,4,1370300,0,0,0,0,0,0,0
DB3,3,test,4,1370400,0,0,0,0,0,0,0
DB3,3,test,4,1370500,0,0,0,0,0,0,0
DB3,3,test,4,1370600,0,0,0,0,0,0,0
DB3,3,test,4,1370700,0,0,0,0,0,0,0
DB3,3,test,4,1370800,0,0,0,0,0,0,0
DB3,3,test,4,1370900,0,0,0,0,0,0,0
DB3,3,test,4,1371000,0,0,0,0,0,0,0
DB3,3,test,4,1371100,0,0,0,0,0,0,0
DB3,3,test,4,1371200,0,0,0,0,0,0,0
DB3,3,test,4,1371300,0,0,0,0,0,0,0
DB3,3,test,4,1371400,0,0,0,0,0,0,0
DB3,3,test,4,1371500,0,0,0,0,0,0,0
DB3,3,test,4,1371600,0,0,0,0,0,0,0
DB3,3,test,4,1371700,0,0,0,0,0,0,0
DB3,3,test,4,1371800,0,0,0,0,0,0,0
DB3,3,test,4,1371900,0,0,0,0,0,0,0
DB3,3,test,4,1372000,0,0,0,0,0,0,0
DB3,3,test,4,1372100,0,0,0,0,0,0,0
DB3,3,test,4,1372200,0,0,0,0,0,0,0
DB3,3,test,4,1372300,0,0,0,0,0,0,0
DB3,3,test,4,1372400,0,0,0,0,0,0,0
DB3,3,test,4,1372500,0,0,0,0,0,0,0
DB3,3,test,4,1372600,0,0,0,0,0,0,0
DB3,3,test,4,1372700,0,0,0,0,0,0,0
DB3,3,test,4,1372800,0,0,0,0,0,0,0
DB3,3,test,4,1372900,0,0,0,0,0,0,0
DB3,3,test,4,1373000,0,0,0,0,0,0,0
DB3,3,test,4,1373100,0,0,0,0,0,0,0
DB3,3,test,4,1373200,0,0,0,0,0,0,0
DB3,3,test,4,1373300,0,0,0,0,0,0,0
DB3,3,test,4,1373400,0,0,0,0,0,0,0
DB3,3,test,4,1373500,0,0,0,0,0,0,0
DB3,3,test,4,1373600,0,0,0,0,0,0,0
DB3,3,test,4,1373700,0,5,8,10,0,0,0
DB3,3,test,4,1373800,0,5,10,10,0,0,0
DB3,3,test,5,1377100,0,0,0,0,0,0,0
DB3,3,test,5,1377200,0,10,10,0,0,0,0
DB3,3,test,5,1377300,0,0,10,0,0,0,0
DB3,3,test,5,1377400,0,0,0,0,0,0,0
DB3,3,test,5,1377500,0,0,0,0,0,0,0
DB3,3,test,5,1377600,0,0,0,0,0,0,0
DB3,3,test,5,1377700,0,0,0,0,0,0,0
DB3,3,test,5,1377800,0,0,0,0,0,0,0
DB3,3,test,5,1377900,0,0,0,0,0,0,0
DB3,3,test,5,1378000,0,0,0,0,0,0,0
DB3,3,test,5,1378100,0,0,0,0,0,0,0
DB3,3,test,5,1378200,0,0,0,0,0,0,0
DB3,3,test,5,1378300,0,0,0,0,0,0,0
DB3,3,test,5,1378400,0,0,0,0,0,0,0
DB3,3,test,5,1378500,0,0,0,0,0,0,0
DB3,3,test,5,1378600,0,0,0,0,0,0,0
DB3,3,test,5,1378700,0,0,0,0,0,0,0
DB3,3,test,5,1378800,0,0,0,0,0,0,0
DB3,3,test,5,1378900,0,0,0,0,0,0,0
DB3,3,test,5,1379000,0,0,0,0,0,0,0
DB3,3,test,5,1379100,0,0,0,0,0,0,0
DB3,3,test,5,1379200,0,0,0,0,0,0,0
DB3,3,test,5,1379300,0,0,0,0,0,0,0
DB3,3,test,5,1379400,0,0,0,0,0,0,0
DB3,3,test,5,1379500,0,0,0,0,0,0,0
DB3,3,test,5,1379600,0,0,0,0,0,0,0
DB3,3,test,5,1379700,0,0,0,0,0,0,0
DB3,3,test,5,1379800,0,0,0,0,0,0,0
DB3,3,test,5,1379900,0,0,0,0,0,0,0
DB3,3,test,5,1380000,0,0,0,0,0,0,0
DB3,3,test,5,1380100,0,0,0,0,0,0,0
DB3,3,test,5,1380200,0,0,0,0,0,0,0
DB3,3,test,5,1380300,0,0,0,0,0,0,0
DB3,3,test,5,1380400,0,0,0,0,0,0,0
DB3,3,test,5,1380500,0,0,0,0,0,0,0
DB3,3,test,5,1380600,0,0,0,0,0,0,0
DB3,3,test,5,1380700,0,0,0,0,0,0,0
DB3,3,test,5,1380800,0,0,0,0,0,0,0
DB3,3,test,5,1380900,0,0,0,0,0,0,0
DB3,3,test,5,1381000,0,0,0,0,0,0,0
DB3,3,test,5,1381100,0,0,0,0,0,0,0
DB3,3,test,5,1381200,0,0,0,0,0,0,0
DB3,3,test,5,1381300,0,0,0,0,0,0,0
DB3,3,test,5,1381400,0,0,0,0,0,0,0
DB3,3,test,5,1381500,0,0,0,0,0,0,0
DB3,3,test,5,1381600,0,0,0,0,0,0,0
DB3,3,test,5,1381700,0,0,0,0,0,0,0
DB3,3,test,5,1381800,0,0,0,0,0,0,0
DB3,3,test,5,1381900,0,0,0,0,0,0,0
DB3,3,test,5,1382000,0,0,0,0,0,0,0
DB3,3,test,5,1382100,0,0,0,0,0,0,0
DB3,3,test,5,1382200,0,0,0,0,0,0,0
DB3,3,test,5,1382300,0,0,0,0,0,0,0
DB3,3,test,5,1382400,0,0,0,0,0,0,0
DB3,3,test,5,1382500,0,0,0,0,0,0,0
DB3,3,test,5,1382600,0,0,0,0,0,0,0
DB3,3,test,6,1386900,0,0,0,0,0,0,0
DB3,3,test,6,1387000,0,0,0,0,0,0,0
DB3,3,test,6,1387100,0,0,0,0,0,0,0
DB3,3,test,6,1387200,0,0,0,0,0,0,0
DB3,3,test,6,1387300,0,0,0,0,0,0,0
DB3,3,test,6,1387400,0,0,0,0,0,0,0
DB3,3,test,6,1387500,0,0,0,0,0,0,0
DB3,3,test,6,1387600,0,0,0,0,0,0,0
DB3,3,test,6,1387700,0,0,0,0,0,0,0
DB3,3,test,6,1387800,0,0,0,0,0,0,0
DB3,3,test,6,1387900,0,0,0,0,0,0,0
DB3,3,test,6,1388000,0,0,0,0,0,0,0
DB3,3,test,6,1388100,0,0,0,0,0,0,0
DB3,3,test,6,1388200,0,0,0,0,0,0,0
DB3,3,test,6,1388300,0,0,0,0,0,0,0
DB3,3,test,6,1388400,0,0,0,0,0,0,0
DB3,3,test,6,1388500,0,0,0,0,0,0,0
DB3,3,test,6,1388600,0,0,0,0,0,0,0
DB3,3,test,6,1388700,0,0,0,0,0,0,0
DB3,3,test,6,1388800,0,0,0,0,0,0,0
DB3,3,test,6,1388900,0,0,0,0,0,0,0
DB3,3,test,6,1389000,0,0,0,0,0,0,0
DB3,3,test,6,1389100,0,0,0,10,0,0,0
DB3,3,test,6,1389200,0,0,0,0,0,0,0
DB3,3,test,6,1389300,0,0,0,0,0,0,0
DB3,3,test,6,1389400,0,0,0,0,0,0,0
DB3,3,test,6,1389500,0,0,0,0,0,0,0
DB3,3,test,6,1389600,0,0,0,0,0,0,0
DB3,3,test,6,1389700,0,0,0,0,0,0,0
DB3,3,test,6,1389800,0,0,0,0,0,0,0
DB3,3,test,6,1389900,0,0,0,0,0,0,0
DB3,3,test,6,1390000,0,0,0,0,0,0,0
DB3,3,test,6,1390100,0,3,0,0,0,0,0
DB3,3,test,6,1390200,0,3,0,10,0,0,0
DB3,3,test,6,1390300,0,0,0,0,0,0,0
DB3,3,test,6,1390400,0,0,0,0,0,0,0
DB3,3,test,6,1390500,0,0,0,0,0,0,0
DB3,3,test,6,1390600,0,0,0,0,0,0,0
DB3,3,test,6,1390700,0,0,0,0,0,0,0
DB3,3,test,6,1390800,0,0,0,0,0,0,0
DB3,3,test,6,1390900,0,0,0,0,0,0,0
DB3,3,test,6,1391000,0,0,0,0,0,0,0
DB3,3,test,6,1391100,0,0,0,0,0,0,0
DB3,3,test,6,1391200,0,0,0,0,0,0,0
DB3,3,test,6,1391300,0,0,0,0,0,0,0
DB3,3,test,6,1391400,0,0,0,0,0,0,0
DB3,3,test,4,1425400,0,0,0,0,0,0,0
DB3,3,test,4,1425500,0,0,0,0,0,0,0
DB3,3,test,4,1425600,0,0,0,0,0,0,0
DB3,3,test,4,1425700,0,0,0,0,0,0,0
DB3,3,test,4,1425800,0,0,0,0,0,0,0
DB3,3,test,4,1425900,0,0,0,0,0,0,0
DB3,3,test,4,1426000,0,0,0,0,0,0,0
DB3,3,test,4,1426100,0,0,0,0,0,0,0
DB3,3,test,4,1426200,0,0,0,0,0,0,0
DB3,3,test,4,1426300,0,0,0,0,0,0,0
DB3,3,test,4,1426400,0,0,0,0,0,0,0
DB3,3,test,4,1426500,0,0,0,0,0,0,0
DB3,3,test,4,1426600,0,0,0,0,0,0,0
DB3,3,test,4,1426700,0,0,0,0,0,0,0
DB3,3,test,4,1426800,0,0,0,0,0,0,0
DB3,3,test,4,1426900,0,0,0,0,0,0,0
DB3,3,test,4,1427000,0,0,0,0,0,0,0
DB3,3,test,4,1427100,0,0,0,0,0,0,0
DB3,3,test,4,1427200,0,0,0,0,0,0,0
DB3,3,test,4,1427300,0,0,0,0,0,0,0
DB3,3,test,4,1427400,0,0,0,0,0,0,0
DB3,3,test,4,1427500,0,0,0,0,0,0,0
DB3,3,test,4,1427600,0,0,0,0,0,0,0
DB3,3,test,4,1427700,0,0,0,0,0,0,0
DB3,3,test,4,1427800,0,0,0,0,0,0,0
DB3,3,test,4,1427900,0,0,0,0,0,0,0
DB3,3,test,4,1428000,0,0,0,0,0,0,0
DB3,3,test,4,1428100,0,0,0,0,0,0,0
DB3,3,test,4,1428200,0,0,0,0,0,0,0
DB3,3,test,4,1428300,0,0,0,0,0,0,0
DB3,3,test,4,1428400,0,0,0,0,0,0,0
DB3,3,test,4,1428500,0,0,0,0,0,0,0
DB3,3,test,4,1428600,0,0,0,0,0,0,0
DB3,3,test,4,1428700,0,0,0,0,0,0,0
DB3,3,test,4,1428800,0,0,0,0,0,0,0
DB3,3,test,4,1428900,0,0,0,0,0,0,0
DB3,3,test,4,1429000,0,0,0,0,0,0,0
DB3,3,test,4,1429100,0,0,0,0,0,0,0
DB3,3,test,4,1429200,0,0,0,0,0,0,0
DB3,3,test,4,1429300,0,0,0,0,0,0,0
DB3,3,test,4,1429400,0,0,0,0,0,0,0
DB3,3,test,4,1429500,0,0,0,0,0,0,0
DB3,3,test,4,1429600,0,0,0,0,0,0,0
DB3,3,test,4,1429700,0,0,0,0,0,0,0
DB3,3,test,4,1429800,0,0,0,0,0,0,0
DB3,3,test,4,1429900,0,0,0,0,0,0,0
DB3,3,test,4,1430000,0,5,10,10,0,0,0
DB3,3,test,4,1430100,0,4,10,10,10,0,0
DB3,3,test,4,1430200,0,4,10,10,10,10,0
DB3,3,test,5,1434400,0,10,10,10,0,0,0
DB3,3,test,5,1434500,0,10,10,10,0,0,0
DB3,3,test,5,1434600,0,0,0,0,0,0,0
DB3,3,test,5,1434700,0,0,0,0,0,0,0
DB3,3,test,5,1434800,0,0,0,0,0,0,0
DB3,3,test,5,1434900,0,0,0,0,0,0,0
DB3,3,test,5,1435000,0,0,0,0,0,0,0
DB3,3,test,5,1435100,0,0,0,0,0,0,0
DB3,3,test,5,1435200,0,3,0,10,0,0,0
DB3,3,test,5,1435300,0,3,0,10,0,0,0
DB3,3,test,5,1435400,0,0,0,0,0,0,0
DB3,3,test,5,1435500,0,0,0,0,0,0,0
DB3,3,test,5,1435600,0,0,0,0,0,0,0
DB3,3,test,5,1435700,0,0,0,0,0,0,0
DB3,3,test,5,1435800,0,0,0,0,0,0,0
DB3,3,test,5,1435900,0,0,0,0,0,0,0
DB3,3,test,5,1436000,0,0,0,0,0,0,0
DB3,3,test,5,1436100,0,0,0,0,0,0,0
DB3,3,test,5,1436200,0,0,0,0,0,0,0
DB3,3,test,5,1436300,0,0,0,0,0,0,0
DB3,3,test,5,1436400,0,0,0,0,0,0,0
DB3,3,test,5,1436500,0,0,0,0,0,0,0
DB3,3,test,5,1436600,0,0,0,0,0,0,0
DB3,3,test,5,1436700,0,0,0,0,0,0,0
DB3,3,test,5,1436800,0,0,0,0,0,0,0
DB3,3,test,5,1436900,0,0,0,0,0,0,0
DB3,3,test,5,1437000,0,0,0,0,0,0,0
DB3,3,test,5,1437100,0,0,0,0,0,0,0
DB3,3,test,5,1437200,0,0,0,0,0,0,0
DB3,3,test,5,1437300,0,0,0,0,0,0,0
DB3,3,test,5,1437400,0,0,0,0,0,0,0
DB3,3,test,5,1437500,0,0,0,0,0,0,0
DB3,3,test,5,1437600,0,10,4,0,0,0,0
DB3,3,test,5,1437700,0,10,9,0,0,0,0
DB3,3,test,5,1437800,0,0,0,0,0,0,0
DB3,3,test,5,1437900,0,0,0,0,0,0,0
DB3,3,test,5,1438000,0,0,0,0,0,0,0
DB3,3,test,5,1438100,0,0,0,0,0,0,0
DB3,3,test,5,1438200,0,0,0,0,0,0,0
DB3,3,test,5,1438300,0,0,0,0,0,0,0
DB3,3,test,5,1438400,0,10,10,10,0,0,0
DB3,3,test,5,1438500,0,10,10,10,0,0,0
DB3,3,test,5,1438600,0,0,0,0,0,0,0
DB3,3,test,5,1438700,0,0,0,0,0,0,0
DB3,3,test,5,1438800,0,10,10,10,0,0,0
DB3,3,test,6,1443200,0,11,0,0,0,0,0
DB3,3,test,6,1443300,0,0,0,0,0,0,0
DB3,3,test,6,1443400,0,0,0,0,0,0,0
DB3,3,test,6,1443500,0,0,0,0,0,0,0
DB3,3,test,6,1443600,0,0,0,0,0,0,0
DB3,3,test,6,1443700,0,0,0,0,0,0,0
DB3,3,test,6,1443800,0,0,0,0,0,0,0
DB3,3,test,6,1443900,0,0,0,0,0,0,0
DB3,3,test,6,1444000,0,0,0,0,0,0,0
DB3,3,test,6,1444100,0,0,0,0,0,0,0
DB3,3,test,6,1444200,0,0,0,0,0,0,0
DB3,3,test,6,1444300,0,0,0,0,0,0,0
DB3,3,test,6,1444400,0,0,0,0,0,0,0
DB3,3,test,6,1444500,0,0,0,0,0,0,0
DB3,3,test,6,1444600,0,0,0,0,0,0,0
DB3,3,test,6,1444700,0,0,0,0,0,0,0
DB3,3,test,6,1444800,0,0,0,0,0,0,0
DB3,3,test,6,1444900,0,0,0,0,0,0,0
DB3,3,test,6,1445000,0,0,0,0,0,0,0
DB3,3,test,6,1445100,0,0,0,0,0,0,0
DB3,3,test,6,1445200,0,0,0,0,0,0,0
DB3,3,test,6,1445300,0,0,0,0,0,0,0
DB3,3,test,6,1445400,0,0,0,0,0,0,0
DB3,3,test,6,1445500,0,0,0,0,0,0,0
DB3,3,test,6,1445600,0,0,0,0,0,0,0
DB3,3,test,6,1445700,0,0,0,0,0,0,0
DB3,3,test,6,1445800,0,0,0,0,0,0,0
DB3,3,test,6,1445900,0,0,0,0,0,0,0
DB3,3,test,6,1446000,0,0,0,0,0,0,0
DB3,3,test,6,1446100,0,0,0,0,0,0,0
DB3,3,test,6,1446200,0,0,0,0,0,0,0
DB3,3,test,6,1446300,0,0,0,0,0,0,0
DB3,3,test,6,1446400,0,0,0,0,0,0,0
DB3,3,test,6,1446500,0,0,0,0,0,0,0
DB3,3,test,6,1446600,0,0,0,0,0,0,0
DB3,3,test,6,1446700,0,0,0,0,0,0,0
DB3,3,test,6,1446800,0,0,0,0,0,0,0
DB3,3,test,6,1446900,0,0,0,0,0,0,0
DB3,3,test,6,1447000,0,0,0,0,0,0,0
DB3,3,test,6,1447100,0,0,0,0,0,0,0
DB3,3,test,6,1447200,0,10,10,0,0,0,0
DB3,3,test,6,1447300,0,10,10,10,0,0,0
DB3,3,test,6,1447400,0,10,10,10,0,0,0
DB3,3,test,6,1447500,0,5,10,10,0,0,0
DB3,3,test,4,1478000,0,11,10,0,0,0,0
DB3,3,test,4,1478100,0,11,10,0,0,0,0
DB3,3,test,4,1478200,0,0,0,0,0,0,0
DB3,3,test,4,1478300,0,0,0,0,0,0,0
DB3,3,test,4,1478400,0,0,0,0,0,0,0
DB3,3,test,4,1478500,0,0,0,0,0,0,0
DB3,3,test,4,1478600,0,0,0,0,0,0,0
DB3,3,test,4,1478700,0,0,0,0,0,0,0
DB3,3,test,4,1478800,0,0,0,0,0,0,0
DB3,3,test,4,1478900,0,0,0,0,0,0,0
DB3,3,test,4,1479000,0,0,0,0,0,0,0
DB3,3,test,4,1479100,0,0,0,0,0,0,0
DB3,3,test,4,1479200,0,0,0,0,0,0,0
DB3,3,test,4,1479300,0,0,0,0,0,0,0
DB3,3,test,4,1479400,0,0,0,0,0,0,0
DB3,3,test,4,1479500,0,0,0,0,0,0,0
DB3,3,test,4,1479600,0,0,0,0,0,0,0
DB3,3,test,4,1479700,0,0,0,0,0,0,0
DB3,3,test,4,1479800,0,0,0,0,0,0,0
DB3,3,test,4,1479900,0,0,0,0,0,0,0
DB3,3,test,4,1480000,0,0,0,0,0,0,0
DB3,3,test,4,1480100,0,0,0,0,0,0,0
DB3,3,test,4,1480200,0,0,0,0,0,0,0
DB3,3,test,4,1480300,0,0,0,0,0,0,0
DB3,3,test,4,1480400,0,0,0,0,0,0,0
DB3,3,test,4,1480500,0,0,0,0,0,0,0
DB3,3,test,4,1480600,0,0,0,0,0,0,0
DB3,3,test,4,1480700,0,0,0,0,0,0,0
DB3,3,test,4,1480800,0,0,0,0,0,0,0
DB3,3,test,4,1480900,0,0,0,0,0,0,0
DB3,3,test,4,1481000,0,0,0,0,0,0,0
DB3,3,test,4,1481100,0,0,0,0,0,0,0
DB3,3,test,4,1481200,0,0,0,0,0,0,0
DB3,3,test,4,1481300,0,0,0,0,0,0,0
DB3,3,test,4,1481400,0,0,0,0,0,0,0
DB3,3,test,4,1481500,0,0,0,0,0,0,0
DB3,3,test,4,1481600,0,5,0,10,0,0,0
DB3,3,test,4,1481700,0,5,0,10,0,0,0
DB3,3,test,4,1481800,0,0,0,0,0,0,0
DB3,3,test,4,1481900,0,0,0,0,0,0,0
DB3,3,test,4,1482000,0,0,0,0,0,0,0
DB3,3,test,4,1482100,0,0,0,0,0,0,0
DB3,3,test,4,1482200,0,0,0,0,0,0,0
DB3,3,test,4,1482300,0,0,0,0,0,0,0
DB3,3,test,4,1482400,0,0,0,0,0,0,0
DB3,3,test,4,1482500,0,0,0,0,0,0,0
DB3,3,test,4,1482600,0,0,0,0,0,0,0
DB3,3,test,4,1482700,0,0,0,0,0,0,0
DB3,3,test,4,1482800,0,5,10,10,0,0,0
DB3,3,test,4,1482900,0,5,10,10,0,0,0
DB3,3,test,4,1483000,0,5,10,10,0,0,0
DB3,3,test,5,1486600,0,10,10,10,0,0,0
DB3,3,test,5,1486700,0,0,0,0,0,0,0
DB3,3,test,5,1486800,0,0,0,0,0,0,0
DB3,3,test,5,1486900,0,0,0,0,0,0,0
DB3,3,test,5,1487000,0,0,0,0,0,0,0
DB3,3,test,5,1487100,0,0,0,0,0,0,0
DB3,3,test,5,1487200,0,0,0,0,0,0,0
DB3,3,test,5,1487300,0,0,0,0,0,0,0
DB3,3,test,5,1487400,0,0,10,0,0,0,0
DB3,3,test,5,1487500,0,0,0,0,0,0,0
DB3,3,test,5,1487600,0,0,0,0,0,0,0
DB3,3,test,5,1487700,0,0,0,0,0,0,0
DB3,3,test,5,1487800,0,0,0,0,0,0,0
DB3,3,test,5,1487900,0,0,10,0,0,0,0
DB3,3,test,5,1488000,0,0,0,0,0,0,0
DB3,3,test,5,1488100,0,0,0,0,0,0,0
DB3,3,test,5,1488200,0,0,0,0,0,0,0
DB3,3,test,5,1488300,0,0,0,0,0,0,0
DB3,3,test,5,1488400,0,0,0,0,0,0,0
DB3,3,test,5,1488500,0,0,0,0,0,0,0
DB3,3,test,5,1488600,0,0,0,0,0,0,0
DB3,3,test,5,1488700,0,0,0,0,0,0,0
DB3,3,test,5,1488800,0,0,0,0,0,0,0
DB3,3,test,5,1488900,0,0,0,0,0,0,0
DB3,3,test,5,1489000,0,0,0,0,0,0,0
DB3,3,test,5,1489100,0,0,0,0,0,0,0
DB3,3,test,5,1489200,0,0,0,0,0,0,0
DB3,3,test,5,1489300,0,0,0,0,0,0,0
DB3,3,test,5,1489400,0,0,0,0,0,0,0
DB3,3,test,5,1489500,0,0,0,0,0,0,0
DB3,3,test,5,1489600,0,0,0,0,0,0,0
DB3,3,test,5,1489700,0,0,0,0,0,0,0
DB3,3,test,5,1489800,0,10,10,10,0,0,0
DB3,3,test,5,1489900,0,10,0,0,0,0,0
DB3,3,test,5,1490000,0,0,0,0,0,0,0
DB3,3,test,5,1490100,0,0,0,0,0,0,0
DB3,3,test,5,1490200,0,0,0,0,0,0,0
DB3,3,test,5,1490300,0,0,0,0,0,0,0
DB3,3,test,5,1490400,0,0,0,0,0,0,0
DB3,3,test,5,1490500,0,0,0,0,0,0,0
DB3,3,test,5,1490600,0,0,0,0,0,0,0
DB3,3,test,5,1490700,0,0,0,0,0,0,0
DB3,3,test,5,1490800,0,0,0,0,0,0,0
DB3,3,test,5,1490900,0,0,0,0,0,0,0
DB3,3,test,5,1491000,0,0,0,0,0,0,0
DB3,3,test,5,1491100,0,0,0,0,0,0,0
DB3,3,test,5,1491200,0,0,0,0,0,0,0
DB3,3,test,5,1491300,0,0,0,0,0,0,0
DB3,3,test,5,1491400,0,10,10,10,0,0,0
DB3,3,test,5,1491500,0,10,10,10,0,0,0
DB3,3,test,5,1491600,0,0,0,10,0,0,0
DB3,3,test,5,1491700,0,10,10,10,0,0,0
DB3,3,test,5,1491800,0,5,10,10,0,0,0
DB3,3,test,6,1496200,0,10,10,10,0,0,0
DB3,3,test,6,1496300,0,0,0,0,0,0,0
DB3,3,test,6,1496400,0,0,0,0,0,0,0
DB3,3,test,6,1496500,0,0,0,0,0,0,0
DB3,3,test,6,1496600,0,0,0,0,0,0,0
DB3,3,test,6,1496700,0,0,0,0,0,0,0
DB3,3,test,6,1496800,0,0,0,0,0,0,0
DB3,3,test,6,1496900,0,0,0,0,0,0,0
DB3,3,test,6,1497000,0,0,0,0,0,0,0
DB3,3,test,6,1497100,0,0,0,0,0,0,0
DB3,3,test,6,1497200,0,0,0,0,0,0,0
DB3,3,test,6,1497300,0,0,0,0,0,0,0
DB3,3,test,6,1497400,0,0,0,0,0,0,0
DB3,3,test,6,1497500,0,0,0,0,0,0,0
DB3,3,test,6,1497600,0,0,0,0,0,0,0
DB3,3,test,6,1497700,0,0,0,0,0,0,0
DB3,3,test,6,1497800,0,0,0,0,0,0,0
DB3,3,test,6,1497900,0,0,0,0,0,0,0
DB3,3,test,6,1498000,0,0,0,0,0,0,0
DB3,3,test,6,1498100,0,0,0,0,0,0,0
DB3,3,test,6,1498200,0,0,0,0,0,0,0
DB3,3,test,6,1498300,0,0,0,0,0,0,0
DB3,3,test,6,1498400,0,0,0,0,0,0,0
DB3,3,test,6,1498500,0,0,0,0,0,0,0
DB3,3,test,6,1498600,0,0,0,0,0,0,0
DB3,3,test,6,1498700,0,0,0,0,0,0,0
DB3,3,test,6,1498800,0,0,0,0,0,0,0
DB3,3,test,6,1498900,0,0,0,0,0,0,0
DB3,3,test,6,1499000,0,0,0,0,0,0,0
DB3,3,test,6,1499100,0,0,0,0,0,0,0
DB3,3,test,6,1499200,0,0,0,0,0,0,0
DB3,3,test,6,1499300,0,0,0,0,0,0,0
DB3,3,test,6,1499400,0,0,0,0,0,0,0
DB3,3,test,6,1499500,0,0,0,0,0,0,0
DB3,3,test,6,1499600,0,0,0,0,0,0,0
DB3,3,test,6,1499700,0,0,0,0,0,0,0
DB3,3,test,6,1499800,0,0,0,0,0,0,0
DB3,3,test,6,1499900,0,0,0,0,0,0,0
DB3,3,test,6,1500000,0,0,0,0,0,0,0
DB3,3,test,6,1500100,0,0,0,0,0,0,0
DB3,3,test,6,1500200,0,0,0,0,0,0,0
DB3,3,test,6,1500300,0,0,0,0,0,0,0
DB3,3,test,6,1500400,0,10,0,10,0,0,0
DB3,3,test,6,1500500,0,10,10,10,0,0,0
DB3,3,test,6,1500600,0,10,10,10,0,0,0
DB3,3,test,6,1500700,0,10,10,10,0,0,0
DB3,3,test,4,1531500,0,0,0,0,0,0,0
DB3,3,test,4,1531600,0,0,0,0,0,0,0
DB3,3,test,4,1531700,0,0,0,0,0,0,0
DB3,3,test,4,1531800,0,0,0,0,0,0,0
DB3,3,test,4,1531900,0,0,0,0,0,0,0
DB3,3,test,4,1532000,0,0,0,0,0,0,0
DB3,3,test,4,1532100,0,0,0,0,0,0,0
DB3,3,test,4,1532200,0,0,0,0,0,0,0
DB3,3,test,4,1532300,0,0,0,0,0,0,0
DB3,3,test,4,1532400,0,0,0,0,0,0,0
DB3,3,test,4,1532500,0,0,0,0,0,0,0
DB3,3,test,4,1532600,0,0,0,0,0,0,0
DB3,3,test,4,1532700,0,0,0,0,0,0,0
DB3,3,test,4,1532800,0,0,0,0,0,0,0
DB3,3,test,4,1532900,0,0,0,0,0,0,0
DB3,3,test,4,1533000,0,0,0,0,0,0,0
DB3,3,test,4,1533100,0,0,0,0,0,0,0
DB3,3,test,4,1533200,0,0,0,0,0,0,0
DB3,3,test,4,1533300,0,0,0,0,0,0,0
DB3,3,test,4,1533400,0,0,0,0,0,0,0
DB3,3,test,4,1533500,0,10,0,0,0,0,0
DB3,3,test,4,1533600,0,11,10,10,0,0,0
DB3,3,test,4,1533700,0,0,0,0,0,0,0
DB3,3,test,4,1533800,0,0,0,0,0,0,0
DB3,3,test,4,1533900,0,0,0,0,0,0,0
DB3,3,test,4,1534000,0,0,0,0,0,0,0
DB3,3,test,4,1534100,0,0,0,0,0,0,0
DB3,3,test,4,1534200,0,0,0,0,0,0,0
DB3,3,test,4,1534300,0,0,0,0,0,0,0
DB3,3,test,4,1534400,0,0,0,0,0,0,0
DB3,3,test,4,1534500,0,0,0,0,0,0,0
DB3,3,test,4,1534600,0,0,0,0,0,0,0
DB3,3,test,4,1534700,0,0,0,0,0,0,0
DB3,3,test,4,1534800,0,0,0,0,0,0,0
DB3,3,test,4,1534900,0,0,0,0,0,0,0
DB3,3,test,4,1535000,0,0,0,0,0,0,0
DB3,3,test,4,1535100,0,0,0,0,0,0,0
DB3,3,test,4,1535200,0,0,0,0,0,0,0
DB3,3,test,4,1535300,0,0,0,0,0,0,0
DB3,3,test,4,1535400,0,0,0,0,0,0,0
DB3,3,test,4,1535500,0,0,0,0,0,0,0
DB3,3,test,4,1535600,0,0,0,0,0,0,0
DB3,3,test,4,1535700,0,0,0,0,0,0,0
DB3,3,test,4,1535800,0,0,0,0,0,0,0
DB3,3,test,4,1535900,0,5,10,10,0,0,0
DB3,3,test,4,1536000,0,5,10,10,10,10,10
DB3,3,test,4,1536100,0,5,10,10,10,0,0
DB3,3,test,4,1536200,0,10,10,10,0,0,0
DB3,3,test,4,1536300,0,0,0,0,0,0,0
DB3,3,test,5,1539500,0,10,10,10,10,0,0
DB3,3,test,5,1539600,0,10,10,10,10,10,0
DB3,3,test,5,1539700,0,5,11,10,10,4,0
DB3,3,test,5,1539800,0,4,11,9,9,0,0
DB3,3,test,5,1539900,0,5,10,10,0,0,0
DB3,3,test,5,1540000,0,0,0,0,0,0,0
DB3,3,test,5,1540100,0,0,0,0,0,0,0
DB3,3,test,5,1540200,0,0,0,0,0,0,0
DB3,3,test,5,1540300,0,0,0,0,0,0,0
DB3,3,test,5,1540400,0,0,0,0,0,0,0
DB3,3,test,5,1540500,0,0,0,0,0,0,0
DB3,3,test,5,1540600,0,0,0,0,0,0,0
DB3,3,test,5,1540700,0,0,0,0,0,0,0
DB3,3,test,5,1540800,0,0,0,0,0,0,0
DB3,3,test,5,1540900,0,0,0,0,0,0,0
DB3,3,test,5,1541000,0,0,0,0,0,0,0
DB3,3,test,5,1541100,0,0,0,0,0,0,0
DB3,3,test,5,1541200,0,0,0,0,0,0,0
DB3,3,test,5,1541300,0,0,0,0,0,0,0
DB3,3,test,5,1541400,0,0,0,0,0,0,0
DB3,3,test,5,1541500,0,0,0,0,0,0,0
DB3,3,test,5,1541600,0,0,0,0,0,0,0
DB3,3,test,5,1541700,0,0,0,0,0,0,0
DB3,3,test,5,1541800,0,0,0,0,0,0,0
DB3,3,test,5,1541900,0,0,0,0,0,0,0
DB3,3,test,5,1542000,0,0,0,0,0,0,0
DB3,3,test,5,1542100,0,0,0,0,0,0,0
DB3,3,test,5,1542200,0,0,0,0,0,0,0
DB3,3,test,5,1542300,0,0,0,0,0,0,0
DB3,3,test,5,1542400,0,0,0,0,0,0,0
DB3,3,test,5,1542500,0,0,0,0,0,0,0
DB3,3,test,5,1542600,0,0,0,0,0,0,0
DB3,3,test,5,1542700,0,0,0,0,0,0,0
DB3,3,test,5,1542800,0,0,0,0,0,0,0
DB3,3,test,5,1542900,0,0,0,0,0,0,0
DB3,3,test,5,1543000,0,0,0,0,0,0,0
DB3,3,test,5,1543100,0,0,0,0,0,0,0
DB3,3,test,5,1543200,0,0,0,0,0,0,0
DB3,3,test,5,1543300,0,0,0,0,0,0,0
DB3,3,test,5,1543400,0,0,0,0,0,0,0
DB3,3,test,5,1543500,0,0,0,0,0,0,0
DB3,3,test,5,1543600,0,0,0,0,0,0,0
DB3,3,test,5,1543700,0,0,0,0,0,0,0
DB3,3,test,5,1543800,0,0,0,0,0,0,0
DB3,3,test,5,1543900,0,0,0,0,0,0,0
DB3,3,test,5,1544000,0,0,0,0,0,0,0
DB3,3,test,5,1544100,0,0,0,0,0,0,0
DB3,3,test,5,1544200,0,0,0,0,0,0,0
DB3,3,test,5,1544300,0,0,0,0,0,0,0
DB3,3,test,5,1544400,0,0,0,0,0,0,0
DB3,3,test,5,1544500,0,0,0,0,0,0,0
DB3,3,test,5,1544600,0,0,0,0,0,0,0
DB3,3,test,5,1544700,0,0,0,0,0,0,0
DB3,3,test,5,1544800,0,0,0,0,0,0,0
DB3,3,test,5,1544900,0,0,0,0,0,0,0
DB3,3,test,5,1545000,0,0,0,0,0,0,0
DB3,3,test,5,1545100,0,10,10,0,0,0,0
DB3,3,test,6,1548900,0,4,9,0,0,10,0
DB3,3,test,6,1549000,0,10,9,0,0,0,0
DB3,3,test,6,1549100,0,5,9,9,0,0,0
DB3,3,test,6,1549200,0,1,0,0,0,0,0
DB3,3,test,6,1549300,0,0,0,0,0,0,0
DB3,3,test,6,1549400,0,0,0,0,0,0,0
DB3,3,test,6,1549500,0,0,0,0,0,0,0
DB3,3,test,6,1549600,0,0,0,0,0,0,0
DB3,3,test,6,1549700,0,0,0,0,0,0,0
DB3,3,test,6,1549800,0,0,0,0,0,0,0
DB3,3,test,6,1549900,0,0,0,0,0,0,0
DB3,3,test,6,1550000,0,0,0,0,0,0,0
DB3,3,test,6,1550100,0,0,0,0,0,0,0
DB3,3,test,6,1550200,0,0,0,0,0,0,0
DB3,3,test,6,1550300,0,0,0,0,0,0,0
DB3,3,test,6,1550400,0,0,0,0,0,0,0
DB3,3,test,6,1550500,0,0,0,0,0,0,0
DB3,3,test,6,1550600,0,0,0,0,0,0,0
DB3,3,test,6,1550700,0,0,0,0,0,0,0
DB3,3,test,6,1550800,0,0,0,0,0,0,0
DB3,3,test,6,1550900,0,0,0,0,0,0,0
DB3,3,test,6,1551000,0,0,0,0,0,0,0
DB3,3,test,6,1551100,0,0,0,0,0,0,0
DB3,3,test,6,1551200,0,0,0,0,0,0,0
DB3,3,test,6,1551300,0,0,0,0,0,0,0
DB3,3,test,6,1551400,0,0,0,0,0,0,0
DB3,3,test,6,1551500,0,0,0,0,0,0,0
DB3,3,test,6,1551600,0,0,0,0,0,0,0
DB3,3,test,6,1551700,0,0,0,0,0,0,0
DB3,3,test,6,1551800,0,0,0,0,0,0,0
DB3,3,test,6,1551900,0,0,0,0,0,0,0
DB3,3,test,6,1552000,0,0,0,0,0,0,0
DB3,3,test,6,1552100,0,0,0,0,0,0,0
DB3,3,test,6,1552200,0,0,0,0,0,0,0
DB3,3,test,6,1552300,0,0,0,0,0,0,0
DB3,3,test,6,1552400,0,0,0,0,0,0,0
DB3,3,test,6,1552500,0,0,0,0,0,0,0
DB3,3,test,6,1552600,0,0,0,0,0,0,0
DB3,3,test,6,1552700,0,0,0,0,0,0,0
DB3,3,test,6,1552800,0,0,0,0,0,0,0
DB3,3,test,6,1552900,0,0,0,0,0,0,0
DB3,3,test,6,1553000,0,0,0,0,0,0,0
DB3,3,test,6,1553100,0,0,0,0,0,0,0
DB3,3,test,6,1553200,0,0,0,0,0,0,0
DB3,3,test,6,1553300,0,0,0,0,0,0,0
DB3,3,test,6,1553400,0,0,0,0,0,0,0
DB3,3,test,6,1553500,0,10,0,0,0,0,0
DB3,3,test,6,1553600,0,5,10,10,0,0,0
DB3,3,test,6,1553700,0,4,11,11,0,0,0
DB3,3,test,6,1553800,0,4,11,11,0,0,0
DB3,3,test,4,1584400,0,10,10,9,0,10,0
DB3,3,test,4,1584500,0,10,10,0,0,0,0
DB3,3,test,4,1584600,0,0,0,0,0,0,0
DB3,3,test,4,1584700,0,0,0,0,0,0,0
DB3,3,test,4,1584800,0,0,0,0,0,0,0
DB3,3,test,4,1584900,0,0,0,0,0,0,0
DB3,3,test,4,1585000,0,0,0,0,0,0,0
DB3,3,test,4,1585100,0,0,0,0,0,0,0
DB3,3,test,4,1585200,0,0,0,0,0,0,0
DB3,3,test,4,1585300,0,10,10,10,0,0,0
DB3,3,test,4,1585400,0,0,0,0,0,0,0
DB3,3,test,4,1585500,0,0,0,0,0,0,0
DB3,3,test,4,1585600,0,0,0,0,0,0,0
DB3,3,test,4,1585700,0,0,0,0,0,0,0
DB3,3,test,4,1585800,0,0,0,0,0,0,0
DB3,3,test,4,1585900,0,0,0,0,0,0,0
DB3,3,test,4,1586000,0,0,0,0,0,0,0
DB3,3,test,4,1586100,0,0,0,0,0,0,0
DB3,3,test,4,1586200,0,0,0,0,0,0,0
DB3,3,test,4,1586300,0,0,0,0,0,0,0
DB3,3,test,4,1586400,0,0,0,0,0,0,0
DB3,3,test,4,1586500,0,0,0,0,0,0,0
DB3,3,test,4,1586600,0,0,0,0,0,0,0
DB3,3,test,4,1586700,0,3,0,10,0,0,0
DB3,3,test,4,1586800,0,0,0,10,0,0,0
DB3,3,test,4,1586900,0,10,10,10,0,0,0
DB3,3,test,4,1587000,0,0,0,0,0,0,0
DB3,3,test,4,1587100,0,0,0,0,0,0,0
DB3,3,test,4,1587200,0,0,0,0,0,0,0
DB3,3,test,4,1587300,0,10,0,0,0,0,0
DB3,3,test,4,1587400,0,10,10,10,0,0,0
DB3,3,test,4,1587500,0,0,0,0,0,0,0
DB3,3,test,4,1587600,0,0,0,0,0,0,0
DB3,3,test,4,1587700,0,0,0,0,0,0,0
DB3,3,test,4,1587800,0,0,0,0,0,0,0
DB3,3,test,4,1587900,0,0,0,0,0,0,0
DB3,3,test,4,1588000,0,10,0,10,0,0,0
DB3,3,test,4,1588100,0,5,0,10,0,0,0
DB3,3,test,4,1588200,0,5,0,0,0,0,0
DB3,3,test,4,1588300,0,0,0,0,0,0,0
DB3,3,test,4,1588400,0,0,0,0,0,0,0
DB3,3,test,4,1588500,0,0,0,0,0,0,0
DB3,3,test,4,1588600,0,0,0,0,0,0,0
DB3,3,test,4,1588700,0,0,0,0,0,0,0
DB3,3,test,4,1588800,0,10,10,0,0,0,0
DB3,3,test,4,1588900,0,10,10,10,0,0,0
DB3,3,test,4,1589100,10,5,10,10,10,10,10
DB3,3,test,4,1589200,10,5,10,10,10,0,0
DB3,3,test,4,1589300,10,10,10,10,0,0,0
DB3,3,test,4,1589400,10,10,10,0,0,0,0
DB3,3,test,4,1589500,10,10,10,10,0,0,0
DB3,3,test,4,1589600,10,5,10,10,10,10,10
DB3,3,test,4,1589700,10,10,10,10,10,10,10
DB3,3,test,4,1589800,10,8,10,10,10,10,10
DB3,3,test,4,1589900,10,10,10,10,10,10,10
DB3,3,test,4,1590000,10,10,10,10,10,10,10
DB3,3,test,4,1590100,10,10,10,10,10,9,10
DB3,3,test,4,1590200,10,2,5,10,10,5,5
DB3,3,test,4,1590300,10,2,5,10,10,5,5
DB3,3,test,4,1590400,10,2,10,8,8,2,5
DB3,3,test,4,1590500,10,2,10,10,10,2,10
DB3,3,test,4,1590600,10,2,10,10,10,8,10
DB3,3,test,4,1590700,10,2,6,10,10,2,10
DB3,3,test,4,1590800,10,10,8,10,10,10,10
DB3,3,test,4,1590900,10,10,10,10,10,9,10
DB3,3,test,4,1591000,10,2,10,10,10,2,10
DB3,3,test,4,1591100,10,2,10,10,10,6,10
DB3,3,test,4,1591200,10,2,10,10,10,6,10
DB3,3,test,4,1591300,10,2,2,10,10,2,10
DB3,3,test,4,1591400,10,2,8,10,10,2,10
DB3,3,test,4,1591500,10,5,8,10,10,8,10
DB3,3,test,4,1591600,10,2,6,10,10,8,10
DB3,3,test,4,1591700,10,2,10,10,10,8,10
DB3,3,test,4,1591800,10,10,10,10,10,10,10
DB3,3,test,4,1591900,10,10,10,10,10,10,10
DB3,3,test,4,1592000,10,10,10,10,10,10,10
DB3,3,test,4,1592100,10,10,10,10,10,10,10
DB3,3,test,4,1592200,10,10,10,10,10,10,10
DB3,3,test,4,1592300,10,10,10,10,10,10,10
DB3,3,test,4,1592400,10,10,10,10,10,10,10
DB3,3,test,4,1592500,10,2,10,10,10,8,10
DB3,3,test,4,1592600,10,10,10,10,10,10,10
DB3,3,test,4,1592700,10,10,10,10,10,10,10
DB3,3,test,4,1592800,10,10,9,10,10,4,10
DB3,3,test,4,1592900,10,10,9,8,8,4,10
DB3,3,test,4,1593000,10,10,8,8,8,8,10
DB3,3,test,4,1593100,10,5,8,8,8,8,10
DB3,3,test,4,1593200,10,10,9,8,8,8,9
DB3,3,test,4,1593300,10,10,9,9,9,9,9
DB3,3,test,5,1593500,0,4,0,10,0,0,0
DB3,3,test,5,1593600,0,0,0,0,0,0,0
DB3,3,test,5,1593700,0,0,0,0,0,0,0
DB3,3,test,5,1593800,0,0,0,0,0,0,0
DB3,3,test,5,1593900,0,0,0,0,0,0,0
DB3,3,test,5,1594000,0,0,0,0,0,0,0
DB3,3,test,5,1594100,0,0,0,0,0,0,0
DB3,3,test,5,1594200,0,0,0,0,0,0,0
DB3,3,test,5,1594300,0,0,0,0,0,0,0
DB3,3,test,5,1594400,0,0,0,0,0,0,0
DB3,3,test,5,1594500,0,0,0,0,0,0,0
DB3,3,test,5,1594600,0,0,0,0,0,0,0
DB3,3,test,5,1594700,0,0,0,0,0,0,0
DB3,3,test,5,1594800,0,0,0,0,0,0,0
DB3,3,test,5,1594900,0,0,0,0,0,0,0
DB3,3,test,5,1595000,0,0,0,0,0,0,0
DB3,3,test,5,1595100,0,0,0,0,0,0,0
DB3,3,test,5,1595200,0,3,0,0,0,0,0
DB3,3,test,5,1595300,0,3,0,0,0,0,0
DB3,3,test,5,1595400,0,0,0,0,0,0,0
DB3,3,test,5,1595500,0,0,0,0,0,0,0
DB3,3,test,5,1595600,0,0,0,0,0,0,0
DB3,3,test,5,1595700,0,3,0,10,0,0,0
DB3,3,test,5,1595800,0,3,0,10,0,0,0
DB3,3,test,5,1595900,0,3,0,0,0,0,0
DB3,3,test,5,1596000,0,0,0,0,0,0,0
DB3,3,test,5,1596100,0,0,0,0,0,0,0
DB3,3,test,5,1596200,0,0,0,0,0,0,0
DB3,3,test,5,1596300,0,0,0,0,0,0,0
DB3,3,test,5,1596400,0,0,0,0,0,0,0
DB3,3,test,5,1596500,0,0,0,0,0,0,0
DB3,3,test,5,1596600,0,0,0,0,0,0,0
DB3,3,test,5,1596700,0,0,0,0,0,0,0
DB3,3,test,5,1596800,0,0,0,0,0,0,0
DB3,3,test,5,1596900,0,0,0,0,0,0,0
DB3,3,test,5,1597000,0,0,0,0,0,0,0
DB3,3,test,5,1597100,0,0,0,0,0,0,0
DB3,3,test,5,1597200,0,0,0,0,0,0,0
DB3,3,test,5,1597300,0,10,0,10,0,0,0
DB3,3,test,5,1597400,0,10,10,10,0,0,0
DB3,3,test,5,1597500,0,0,0,0,0,0,0
DB3,3,test,5,1597600,0,0,0,0,0,0,0
DB3,3,test,5,1597700,0,0,0,0,0,0,0
DB3,3,test,5,1597800,0,10,10,10,0,0,0
DB3,3,test,5,1597900,0,10,10,0,0,0,0
DB3,3,test,5,1598000,0,0,0,0,0,0,0
DB3,3,test,5,1598100,0,10,0,0,0,0,0
DB3,3,test,5,1598200,0,10,10,0,0,0,0
DB3,3,test,5,1598300,0,0,0,0,0,0,0
DB3,3,test,5,1598400,0,5,10,10,0,0,0
DB3,3,test,5,1598700,10,10,10,10,10,10,10
DB3,3,test,5,1598800,10,10,10,10,10,10,10
DB3,3,test,5,1598900,10,10,10,10,10,10,10
DB3,3,test,5,1599000,10,10,10,10,10,10,10
DB3,3,test,5,1599100,10,10,10,10,10,10,10
DB3,3,test,5,1599200,10,10,10,10,10,10,10
DB3,3,test,5,1599300,10,10,10,10,10,10,10
DB3,3,test,5,1599400,10,2,10,10,10,9,10
DB3,3,test,5,1599500,10,5,9,9,9,8,9
DB3,3,test,5,1599600,10,10,9,9,9,9,9
DB3,3,test,5,1599700,10,10,9,9,9,10,9
DB3,3,test,5,1599800,10,10,10,9,9,10,10
DB3,3,test,5,1599900,10,10,10,9,9,9,0
DB3,3,test,5,1600000,10,10,10,10,10,10,0
DB3,3,test,5,1600100,10,10,10,10,10,10,10
DB3,3,test,5,1600200,10,9,10,10,10,6,10
DB3,3,test,5,1600300,10,10,8,10,10,8,10
DB3,3,test,5,1600400,10,10,8,10,10,8,10
DB3,3,test,5,1600500,10,10,10,10,10,10,10
DB3,3,test,5,1600600,10,10,10,10,10,10,10
DB3,3,test,5,1600700,10,2,10,10,10,2,10
DB3,3,test,5,1600800,10,2,10,10,10,6,10
DB3,3,test,5,1600900,10,10,8,10,10,8,10
DB3,3,test,5,1601000,10,10,10,10,10,10,10
DB3,3,test,5,1601100,10,10,8,10,10,8,10
DB3,3,test,5,1601200,10,10,7,10,10,10,10
DB3,3,test,5,1601300,10,9,6,10,10,4,10
DB3,3,test,5,1601400,10,10,4,10,10,4,0
DB3,3,test,5,1601500,10,5,10,10,10,0,10
DB3,3,test,5,1601600,10,10,8,10,10,10,10
DB3,3,test,5,1601700,10,10,10,8,8,8,8
DB3,3,test,5,1601800,10,8,8,8,8,8,8
DB3,3,test,5,1601900,10,10,8,8,8,10,8
DB3,3,test,5,1602000,10,10,8,8,8,9,10
DB3,3,test,5,1602100,10,2,9,8,8,11,9
DB3,3,test,5,1602200,10,11,11,11,11,11,0
DB3,3,test,5,1602300,10,11,11,0,0,0,0
DB3,3,test,6,1602500,0,0,0,0,0,0,0
DB3,3,test,6,1602600,0,0,0,0,0,0,0
DB3,3,test,6,1602700,0,0,0,0,0,0,0
DB3,3,test,6,1602800,0,0,0,0,0,0,0
DB3,3,test,6,1602900,0,0,0,0,0,0,0
DB3,3,test,6,1603000,0,0,0,0,0,0,0
DB3,3,test,6,1603100,0,0,0,0,0,0,0
DB3,3,test,6,1603200,0,0,0,0,0,0,0
DB3,3,test,6,1603300,0,0,0,0,0,0,0
DB3,3,test,6,1603400,0,0,0,0,0,0,0
DB3,3,test,6,1603500,0,0,0,0,0,0,0
DB3,3,test,6,1603600,0,0,0,0,0,0,0
DB3,3,test,6,1603700,0,0,0,0,0,0,0
DB3,3,test,6,1603800,0,0,0,0,0,0,0
DB3,3,test,6,1603900,0,0,0,0,0,0,0
DB3,3,test,6,1604000,0,0,0,0,0,0,0
DB3,3,test,6,1604100,0,0,0,0,0,0,0
DB3,3,test,6,1604200,0,0,0,0,0,0,0
DB3,3,test,6,1604300,0,0,0,0,0,0,0
DB3,3,test,6,1604400,0,0,0,0,0,0,0
DB3,3,test,6,1604500,0,0,0,0,0,0,0
DB3,3,test,6,1604600,0,0,0,0,0,0,0
DB3,3,test,6,1604700,0,0,0,0,0,0,0
DB3,3,test,6,1604800,0,0,0,0,0,0,0
DB3,3,test,6,1604900,0,0,0,0,0,0,0
DB3,3,test,6,1605000,0,0,0,0,0,0,0
DB3,3,test,6,1605100,0,0,0,0,0,0,0
DB3,3,test,6,1605200,0,0,0,0,0,0,0
DB3,3,test,6,1605300,0,0,0,0,0,0,0
DB3,3,test,6,1605400,0,0,0,0,0,0,0
DB3,3,test,6,1605500,0,0,0,0,0,0,0
DB3,3,test,6,1605600,0,0,0,0,0,0,0
DB3,3,test,6,1605700,0,0,0,0,0,0,0
DB3,3,test,6,1605800,0,0,0,0,0,0,0
DB3,3,test,6,1605900,0,0,0,0,0,0,0
DB3,3,test,6,1606000,0,0,0,0,0,0,0
DB3,3,test,6,1606100,0,0,0,0,0,0,0
DB3,3,test,6,1606200,0,0,0,0,0,0,0
DB3,3,test,6,1606300,0,0,0,0,0,0,0
DB3,3,test,6,1606400,0,0,0,0,0,0,0
DB3,3,test,6,1606500,0,0,0,0,0,0,0
DB3,3,test,6,1606600,0,0,0,0,0,0,0
DB3,3,test,6,1606700,0,0,0,0,0,0,0
DB3,3,test,6,1606800,0,5,0,0,0,0,0
DB3,3,test,6,1606900,0,5,10,10,0,0,0
DB3,3,test,6,1607100,10,5,4,10,10,10,10
DB3,3,test,6,1607200,10,10,10,10,0,0,0
DB3,3,test,6,1607300,10,0,0,0,0,0,0
DB3,3,test,6,1607400,10,0,0,0,0,0,0
DB3,3,test,6,1607500,10,0,0,0,0,0,0
DB3,3,test,6,1607600,10,5,10,10,0,0,0
DB3,3,test,6,1607700,10,5,10,10,0,0,0
DB3,3,test,6,1607800,10,10,4,10,10,10,0
DB3,3,test,6,1607900,10,10,8,9,9,10,0
DB3,3,test,6,1608000,10,10,9,9,9,10,0
DB3,3,test,6,1608100,10,10,4,9,9,10,0
DB3,3,test,6,1608200,10,10,4,9,9,9,0
DB3,3,test,6,1608300,10,10,4,9,9,10,10
DB3,3,test,6,1608400,10,10,10,10,10,9,10
DB3,3,test,6,1608500,10,10,10,10,10,9,10
DB3,3,test,6,1608600,10,10,9,9,9,9,10
DB3,3,test,6,1608700,10,10,8,9,9,8,10
DB3,3,test,6,1608800,10,10,8,8,8,8,10
DB3,3,test,6,1608900,10,10,8,9,9,9,10
DB3,3,test,6,1609000,10,10,8,10,10,8,10
DB3,3,test,6,1609100,10,10,8,10,10,8,10
DB3,3,test,6,1609200,10,4,8,8,8,8,10
DB3,3,test,6,1609300,10,10,8,8,8,8,10
DB3,3,test,6,1609400,10,10,8,10,10,9,10
DB3,3,test,6,1609500,10,10,8,10,10,8,10
DB3,3,test,6,1609600,10,3,2,10,10,2,10
DB3,3,test,6,1609700,10,4,8,8,8,2,10
DB3,3,test,6,1609800,10,4,8,9,9,2,10
DB3,3,test,6,1609900,10,10,8,10,10,2,10
DB3,3,test,6,1610000,10,10,8,10,10,9,10
DB3,3,test,6,1610100,10,2,6,10,10,9,10
DB3,3,test,6,1610200,10,10,4,10,10,10,10
DB3,3,test,6,1610300,10,10,10,10,10,10,0
DB3,3,test,6,1610400,10,10,0,10,10,0,0
DB3,3,test,4,1641700,0,0,0,0,0,0,0
DB3,3,test,4,1641800,0,0,0,0,0,0,0
DB3,3,test,4,1641900,0,0,0,0,0,0,0
DB3,3,test,4,1642000,0,0,0,0,0,0,0
DB3,3,test,4,1642100,0,0,0,0,0,0,0
DB3,3,test,4,1642200,0,0,0,0,0,0,0
DB3,3,test,4,1642300,0,0,0,0,0,0,0
DB3,3,test,4,1642400,0,0,0,0,0,0,0
DB3,3,test,4,1642500,0,0,0,0,0,0,0
DB3,3,test,4,1642600,0,0,0,0,0,0,0
DB3,3,test,4,1642700,0,0,0,0,0,0,0
DB3,3,test,4,1642800,0,0,0,0,0,0,0
DB3,3,test,4,1642900,0,0,0,0,0,0,0
DB3,3,test,4,1643000,0,0,0,0,0,0,0
DB3,3,test,4,1643100,0,0,0,0,0,0,0
DB3,3,test,4,1643200,0,0,0,0,0,0,0
DB3,3,test,4,1643300,0,0,0,0,0,0,0
DB3,3,test,4,1643400,0,0,0,0,0,0,0
DB3,3,test,4,1643500,0,0,0,0,0,0,0
DB3,3,test,4,1643600,0,0,0,0,0,0,0
DB3,3,test,4,1643700,0,0,0,0,0,0,0
DB3,3,test,4,1643800,0,1,0,0,0,0,0
DB3,3,test,4,1643900,0,0,0,0,0,0,0
DB3,3,test,4,1644000,0,0,0,0,0,0,0
DB3,3,test,4,1644100,0,0,0,0,0,0,0
DB3,3,test,4,1644200,0,0,0,0,0,0,0
DB3,3,test,4,1644300,0,0,0,0,0,0,0
DB3,3,test,4,1644400,0,0,0,0,0,0,0
DB3,3,test,4,1644500,0,0,0,0,0,0,0
DB3,3,test,4,1644600,0,1,0,0,0,0,0
DB3,3,test,4,1644700,0,0,0,0,0,0,0
DB3,3,test,4,1644800,0,0,0,0,0,0,0
DB3,3,test,4,1644900,0,0,0,0,0,0,0
DB3,3,test,4,1645000,0,0,0,0,0,0,0
DB3,3,test,4,1645100,0,0,0,0,0,0,0
DB3,3,test,4,1645200,0,0,0,0,0,0,0
DB3,3,test,4,1645300,0,0,0,0,0,0,0
DB3,3,test,4,1645400,0,0,0,0,0,0,0
DB3,3,test,4,1645500,0,0,0,0,0,0,0
DB3,3,test,4,1645600,0,0,0,0,0,0,0
DB3,3,test,4,1645700,0,0,0,0,0,0,0
DB3,3,test,4,1645800,0,10,0,0,0,0,0
DB3,3,test,5,1650000,0,10,10,10,0,0,0
DB3,3,test,5,1650100,0,0,10,0,0,0,0
DB3,3,test,5,1650200,0,0,0,0,0,0,0
DB3,3,test,5,1650300,0,0,0,0,0,0,0
DB3,3,test,5,1650400,0,0,0,0,0,0,0
DB3,3,test,5,1650500,0,0,0,0,0,0,0
DB3,3,test,5,1650600,0,0,0,0,0,0,0
DB3,3,test,5,1650700,0,0,0,0,0,0,0
DB3,3,test,5,1650800,0,0,0,0,0,0,0
DB3,3,test,5,1650900,0,0,0,0,0,0,0
DB3,3,test,5,1651000,0,0,0,0,0,0,0
DB3,3,test,5,1651100,0,0,0,0,0,0,0
DB3,3,test,5,1651200,0,0,0,0,0,0,0
DB3,3,test,5,1651300,0,0,0,0,0,0,0
DB3,3,test,5,1651400,0,0,0,0,0,0,0
DB3,3,test,5,1651500,0,0,0,0,0,0,0
DB3,3,test,5,1651600,0,0,0,0,0,0,0
DB3,3,test,5,1651700,0,0,0,0,0,0,0
DB3,3,test,5,1651800,0,0,0,0,0,0,0
DB3,3,test,5,1651900,0,0,0,0,0,0,0
DB3,3,test,5,1652000,0,0,0,0,0,0,0
DB3,3,test,5,1652100,0,0,0,0,0,0,0
DB3,3,test,5,1652200,0,0,0,0,0,0,0
DB3,3,test,5,1652300,0,0,0,0,0,0,0
DB3,3,test,5,1652400,0,0,0,0,0,0,0
DB3,3,test,5,1652500,0,10,10,10,0,0,0
DB3,3,test,5,1652600,0,10,0,10,0,0,0
DB3,3,test,5,1652700,0,0,0,0,0,0,0
DB3,3,test,5,1652800,0,0,0,0,0,0,0
DB3,3,test,5,1652900,0,0,0,0,0,0,0
DB3,3,test,5,1653000,0,0,0,0,0,0,0
DB3,3,test,5,1653100,0,0,0,0,0,0,0
DB3,3,test,5,1653200,0,0,0,0,0,0,0
DB3,3,test,5,1653300,0,0,0,0,0,0,0
DB3,3,test,5,1653400,0,0,0,0,0,0,0
DB3,3,test,5,1653500,0,10,4,10,0,0,0
DB3,3,test,5,1653600,0,10,4,10,10,0,0
DB3,3,test,5,1653700,0,10,10,0,0,0,0
DB3,3,test,5,1653800,0,0,0,0,0,0,0
DB3,3,test,5,1653900,0,0,0,0,0,0,0
DB3,3,test,5,1654000,0,0,0,0,0,0,0
DB3,3,test,5,1654100,0,0,0,0,0,0,0
DB3,3,test,5,1654200,0,0,0,0,0,0,0
DB3,3,test,5,1654300,0,0,0,0,0,0,0
DB3,3,test,5,1654400,0,0,0,0,0,0,0
DB3,3,test,5,1654500,0,0,0,0,0,0,0
DB3,3,test,5,1654600,0,0,0,0,0,0,0
DB3,3,test,5,1654700,0,0,0,0,0,0,0
DB3,3,test,6,1658700,0,10,10,10,0,0,0
DB3,3,test,6,1658800,0,4,9,10,0,0,0
DB3,3,test,6,1658900,0,0,0,0,0,0,0
DB3,3,test,6,1659000,0,0,0,0,0,0,0
DB3,3,test,6,1659100,0,0,0,0,0,0,0
DB3,3,test,6,1659200,0,0,0,0,0,0,0
DB3,3,test,6,1659300,0,0,0,0,0,0,0
DB3,3,test,6,1659400,0,0,0,0,0,0,0
DB3,3,test,6,1659500,0,0,0,0,0,0,0
DB3,3,test,6,1659600,0,0,0,0,0,0,0
DB3,3,test,6,1659700,0,0,0,0,0,0,0
DB3,3,test,6,1659800,0,0,0,0,0,0,0
DB3,3,test,6,1659900,0,0,0,0,0,0,0
DB3,3,test,6,1660000,0,0,0,0,0,0,0
DB3,3,test,6,1660100,0,0,0,0,0,0,0
DB3,3,test,6,1660200,0,0,0,0,0,0,0
DB3,3,test,6,1660300,0,0,0,0,0,0,0
DB3,3,test,6,1660400,0,0,0,0,0,0,0
DB3,3,test,6,1660500,0,0,0,0,0,0,0
DB3,3,test,6,1660600,0,0,0,0,0,0,0
DB3,3,test,6,1660700,0,0,0,0,0,0,0
DB3,3,test,6,1660800,0,0,0,0,0,0,0
DB3,3,test,6,1660900,0,0,0,0,0,0,0
DB3,3,test,6,1661000,0,0,0,0,0,0,0
DB3,3,test,6,1661100,0,0,0,0,0,0,0
DB3,3,test,6,1661200,0,0,0,0,0,0,0
DB3,3,test,6,1661300,0,0,0,0,0,0,0
DB3,3,test,6,1661400,0,0,0,0,0,0,0
DB3,3,test,6,1661500,0,0,0,0,0,0,0
DB3,3,test,6,1661600,0,0,0,0,0,0,0
DB3,3,test,6,1661700,0,0,0,0,0,0,0
DB3,3,test,6,1661800,0,0,0,0,0,0,0
DB3,3,test,6,1661900,0,0,0,0,0,0,0
DB3,3,test,6,1662000,0,0,0,0,0,0,0
DB3,3,test,6,1662100,0,0,0,0,0,0,0
DB3,3,test,6,1662200,0,0,0,0,0,0,0
DB3,3,test,6,1662300,0,0,0,0,0,0,0
DB3,3,test,6,1662400,0,0,0,0,0,0,0
DB3,3,test,6,1662500,0,0,0,0,0,0,0
DB3,3,test,6,1662600,0,10,10,10,0,0,0
DB3,3,test,6,1662700,0,10,0,0,0,0,0
DB3,3,test,6,1662800,0,0,0,0,0,0,0
DB3,3,test,6,1662900,0,0,0,0,0,0,0
DB3,3,test,6,1663000,0,0,0,0,0,0,0
DB3,3,test,6,1663100,0,0,0,0,0,0,0
DB3,3,test,6,1663200,0,0,0,0,0,0,0
DB3,3,test,6,1663300,0,0,0,0,0,0,0
DB3,3,test,6,1663400,0,0,0,0,0,0,0
DB3,3,test,6,1663500,0,0,0,0,0,0,0
DB3,3,test,6,1663600,0,0,0,0,0,0,0
DB3,3,test,4,1697600,0,0,0,0,0,0,0
DB3,3,test,4,1697700,0,0,0,0,0,0,0
DB3,3,test,4,1697800,0,0,0,0,0,0,0
DB3,3,test,4,1697900,0,0,0,0,0,0,0
DB3,3,test,4,1698000,0,0,0,0,0,0,0
DB3,3,test,4,1698100,0,0,0,0,0,0,0
DB3,3,test,4,1698200,0,0,0,0,0,0,0
DB3,3,test,4,1698300,0,0,0,0,0,0,0
DB3,3,test,4,1698400,0,0,0,0,0,0,0
DB3,3,test,4,1698500,0,0,0,0,0,0,0
DB3,3,test,4,1698600,0,0,0,0,0,0,0
DB3,3,test,4,1698700,0,0,0,0,0,0,0
DB3,3,test,4,1698800,0,0,0,0,0,0,0
DB3,3,test,4,1698900,0,0,0,0,0,0,0
DB3,3,test,4,1699000,0,0,0,0,0,0,0
DB3,3,test,4,1699100,0,0,0,0,0,0,0
DB3,3,test,4,1699200,0,0,0,0,0,0,0
DB3,3,test,4,1699300,0,0,0,0,0,0,0
DB3,3,test,4,1699400,0,0,0,0,0,0,0
DB3,3,test,4,1699500,0,0,0,0,0,0,0
DB3,3,test,4,1699600,0,0,0,0,0,0,0
DB3,3,test,4,1699700,0,0,0,0,0,0,0
DB3,3,test,4,1699800,0,0,0,0,0,0,0
DB3,3,test,4,1699900,0,0,0,0,0,0,0
DB3,3,test,4,1700000,0,0,0,0,0,0,0
DB3,3,test,4,1700100,0,0,0,0,0,0,0
DB3,3,test,4,1700200,0,0,0,0,0,0,0
DB3,3,test,4,1700300,0,0,0,0,0,0,0
DB3,3,test,4,1700400,0,0,0,0,0,0,0
DB3,3,test,4,1700500,0,0,0,0,0,0,0
DB3,3,test,4,1700600,0,0,0,0,0,0,0
DB3,3,test,4,1700700,0,0,0,0,0,0,0
DB3,3,test,4,1700800,0,0,0,0,0,0,0
DB3,3,test,4,1700900,0,0,0,0,0,0,0
DB3,3,test,4,1701000,0,0,0,0,0,0,0
DB3,3,test,4,1701100,0,0,0,0,0,0,0
DB3,3,test,4,1701200,0,0,0,0,0,0,0
DB3,3,test,4,1701300,0,0,0,0,0,0,0
DB3,3,test,4,1701400,0,0,0,0,0,0,0
DB3,3,test,4,1701500,0,0,0,0,0,0,0
DB3,3,test,4,1701600,0,0,0,0,0,0,0
DB3,3,test,4,1701700,0,0,0,0,0,0,0
DB3,3,test,4,1701800,0,0,0,0,0,0,0
DB3,3,test,4,1701900,0,0,0,0,0,0,0
DB3,3,test,4,1702000,0,0,0,0,0,0,0
DB3,3,test,4,1702100,0,0,0,0,0,0,0
DB3,3,test,4,1702200,0,10,10,0,0,0,0
DB3,3,test,4,1702300,0,10,10,0,0,0,0
DB3,3,test,5,1706400,0,0,0,0,0,0,0
DB3,3,test,5,1706500,0,0,0,0,0,0,0
DB3,3,test,5,1706600,0,0,0,0,0,0,0
DB3,3,test,5,1706700,0,0,0,0,0,0,0
DB3,3,test,5,1706800,0,0,0,0,0,0,0
DB3,3,test,5,1706900,0,0,0,0,0,0,0
DB3,3,test,5,1707000,0,0,0,0,0,0,0
DB3,3,test,5,1707100,0,0,0,0,0,0,0
DB3,3,test,5,1707200,0,0,0,0,0,0,0
DB3,3,test,5,1707300,0,0,0,0,0,0,0
DB3,3,test,5,1707400,0,0,0,0,0,0,0
DB3,3,test,5,1707500,0,0,0,0,0,0,0
DB3,3,test,5,1707600,0,0,0,0,0,0,0
DB3,3,test,5,1707700,0,0,0,0,0,0,0
DB3,3,test,5,1707800,0,0,0,0,0,0,0
DB3,3,test,5,1707900,0,0,0,0,0,0,0
DB3,3,test,5,1708000,0,0,0,0,0,0,0
DB3,3,test,5,1708100,0,0,0,0,0,0,0
DB3,3,test,5,1708200,0,0,0,0,0,0,0
DB3,3,test,5,1708300,0,0,0,0,0,0,0
DB3,3,test,5,1708400,0,0,0,0,0,0,0
DB3,3,test,5,1708500,0,0,0,0,0,0,0
DB3,3,test,5,1708600,0,0,0,0,0,0,0
DB3,3,test,5,1708700,0,0,0,0,0,0,0
DB3,3,test,5,1708800,0,0,0,0,0,0,0
DB3,3,test,5,1708900,0,0,0,0,0,0,0
DB3,3,test,5,1709000,0,0,0,0,0,0,0
DB3,3,test,5,1709100,0,0,0,0,0,0,0
DB3,3,test,5,1709200,0,0,0,0,0,0,0
DB3,3,test,5,1709300,0,0,0,0,0,0,0
DB3,3,test,5,1709400,0,0,0,0,0,0,0
DB3,3,test,5,1709500,0,0,0,0,0,0,0
DB3,3,test,5,1709600,0,0,0,0,0,0,0
DB3,3,test,5,1709700,0,0,0,0,0,0,0
DB3,3,test,5,1709800,0,0,0,0,0,0,0
DB3,3,test,5,1709900,0,0,0,0,0,0,0
DB3,3,test,5,1710000,0,0,0,0,0,0,0
DB3,3,test,5,1710100,0,0,0,0,0,0,0
DB3,3,test,5,1710200,0,0,0,0,0,0,0
DB3,3,test,5,1710300,0,0,0,0,0,0,0
DB3,3,test,5,1710400,0,0,0,0,0,0,0
DB3,3,test,5,1710500,0,0,0,0,0,0,0
DB3,3,test,5,1710600,0,0,0,0,0,0,0
DB3,3,test,5,1710700,0,0,0,0,0,0,0
DB3,3,test,5,1710800,0,0,0,0,0,0,0
DB3,3,test,5,1710900,0,0,0,0,0,0,0
DB3,3,test,5,1711000,0,0,0,0,0,0,0
DB3,3,test,6,1715300,0,0,0,0,0,0,0
DB3,3,test,6,1715400,0,0,0,0,0,0,0
DB3,3,test,6,1715500,0,0,0,0,0,0,0
DB3,3,test,6,1715600,0,0,0,0,0,0,0
DB3,3,test,6,1715700,0,0,0,0,0,0,0
DB3,3,test,6,1715800,0,0,0,0,0,0,0
DB3,3,test,6,1715900,0,0,0,0,0,0,0
DB3,3,test,6,1716000,0,0,0,0,0,0,0
DB3,3,test,6,1716100,0,0,0,0,0,0,0
DB3,3,test,6,1716200,0,0,0,0,0,0,0
DB3,3,test,6,1716300,0,0,0,0,0,0,0
DB3,3,test,6,1716400,0,0,0,0,0,0,0
DB3,3,test,6,1716500,0,0,0,0,0,0,0
DB3,3,test,6,1716600,0,0,0,0,0,0,0
DB3,3,test,6,1716700,0,0,0,0,0,0,0
DB3,3,test,6,1716800,0,0,0,0,0,0,0
DB3,3,test,6,1716900,0,0,0,0,0,0,0
DB3,3,test,6,1717000,0,0,0,0,0,0,0
DB3,3,test,6,1717100,0,0,0,0,0,0,0
DB3,3,test,6,1717200,0,0,0,0,0,0,0
DB3,3,test,6,1717300,0,0,0,0,0,0,0
DB3,3,test,6,1717400,0,0,0,0,0,0,0
DB3,3,test,6,1717500,0,0,0,0,0,0,0
DB3,3,test,6,1717600,0,0,0,0,0,0,0
DB3,3,test,6,1717700,0,0,0,0,0,0,0
DB3,3,test,6,1717800,0,0,0,0,0,0,0
DB3,3,test,6,1717900,0,0,0,0,0,0,0
DB3,3,test,6,1718000,0,0,0,0,0,0,0
DB3,3,test,6,1718100,0,0,0,0,0,0,0
DB3,3,test,6,1718200,0,0,0,0,0,0,0
DB3,3,test,6,1718300,0,0,0,0,0,0,0
DB3,3,test,6,1718400,0,0,0,0,0,0,0
DB3,3,test,6,1718500,0,0,0,0,0,0,0
DB3,3,test,6,1718600,0,0,0,0,0,0,0
DB3,3,test,6,1718700,0,0,0,0,0,0,0
DB3,3,test,6,1718800,0,0,0,0,0,0,0
DB3,3,test,6,1718900,0,0,0,0,0,0,0
DB3,3,test,6,1719000,0,0,0,0,0,0,0
DB3,3,test,6,1719100,0,0,0,0,0,0,0
DB3,3,test,6,1719200,0,0,0,0,0,0,0
DB3,3,test,6,1719300,0,0,0,0,0,0,0
DB3,3,test,6,1719400,0,0,0,0,0,0,0
DB3,3,test,6,1719500,0,0,0,0,0,0,0
DB3,3,test,6,1719600,0,0,0,0,0,0,0
DB3,3,test,6,1719700,0,0,0,0,0,0,0
DB3,3,test,4,1754300,0,0,0,0,0,0,0
DB3,3,test,4,1754400,0,0,0,0,0,0,0
DB3,3,test,4,1754500,0,10,0,0,0,0,0
DB3,3,test,4,1754600,0,0,0,0,0,0,0
DB3,3,test,4,1754700,0,0,0,0,0,0,0
DB3,3,test,4,1754800,0,0,0,0,0,0,0
DB3,3,test,4,1754900,0,0,0,0,0,0,0
DB3,3,test,4,1755000,0,0,0,0,0,0,0
DB3,3,test,4,1755100,0,0,0,0,0,0,0
DB3,3,test,4,1755200,0,0,0,0,0,0,0
DB3,3,test,4,1755300,0,0,0,0,0,0,0
DB3,3,test,4,1755400,0,0,0,0,0,0,0
DB3,3,test,4,1755500,0,0,0,0,0,0,0
DB3,3,test,4,1755600,0,0,0,0,0,0,0
DB3,3,test,4,1755700,0,0,0,0,0,0,0
DB3,3,test,4,1755800,0,0,0,0,0,0,0
DB3,3,test,4,1755900,0,0,0,0,0,0,0
DB3,3,test,4,1756000,0,0,0,0,0,0,0
DB3,3,test,4,1756100,0,0,0,0,0,0,0
DB3,3,test,4,1756200,0,0,0,0,0,0,0
DB3,3,test,4,1756300,0,0,0,0,0,0,0
DB3,3,test,4,1756400,0,10,8,0,0,0,0
DB3,3,test,4,1756500,0,0,0,0,0,0,0
DB3,3,test,4,1756600,0,0,0,0,0,0,0
DB3,3,test,4,1756700,0,0,0,0,0,0,0
DB3,3,test,4,1756800,0,0,0,0,0,0,0
DB3,3,test,4,1756900,0,0,0,0,0,0,0
DB3,3,test,4,1757000,0,0,0,0,0,0,0
DB3,3,test,4,1757100,0,10,0,10,0,0,0
DB3,3,test,4,1757200,0,0,10,10,0,0,0
DB3,3,test,4,1757300,0,3,4,10,0,0,0
DB3,3,test,4,1757400,0,3,4,0,0,0,0
DB3,3,test,4,1757500,0,0,0,0,0,0,0
DB3,3,test,4,1757600,0,0,4,0,0,0,0
DB3,3,test,4,1757700,0,3,7,10,0,0,0
DB3,3,test,4,1757800,0,3,7,10,0,0,0
DB3,3,test,4,1757900,0,3,4,10,0,0,0
DB3,3,test,4,1758000,0,4,10,10,0,10,0
DB3,3,test,4,1758100,0,4,4,0,0,0,0
DB3,3,test,5,1762800,0,10,10,10,0,0,0
DB3,3,test,5,1762900,0,0,0,0,0,0,0
DB3,3,test,5,1763000,0,0,0,0,0,0,0
DB3,3,test,5,1763100,0,0,0,0,0,0,0
DB3,3,test,5,1763200,0,0,0,0,0,0,0
DB3,3,test,5,1763300,0,0,0,0,0,0,0
DB3,3,test,5,1763400,0,0,0,0,0,0,0
DB3,3,test,5,1763500,0,0,0,0,0,0,0
DB3,3,test,5,1763600,0,0,0,0,0,0,0
DB3,3,test,5,1763700,0,0,0,0,0,0,0
DB3,3,test,5,1763800,0,0,0,0,0,0,0
DB3,3,test,5,1763900,0,0,0,0,0,0,0
DB3,3,test,5,1764000,0,0,0,0,0,0,0
DB3,3,test,5,1764100,0,0,0,0,0,0,0
DB3,3,test,5,1764200,0,0,0,0,0,0,0
DB3,3,test,5,1764300,0,0,0,0,0,0,0
DB3,3,test,5,1764400,0,0,0,0,0,0,0
DB3,3,test,5,1764500,0,0,0,0,0,0,0
DB3,3,test,5,1764600,0,0,0,0,0,0,0
DB3,3,test,5,1764700,0,0,0,0,0,0,0
DB3,3,test,5,1764800,0,0,0,0,0,0,0
DB3,3,test,5,1764900,0,0,0,0,0,0,0
DB3,3,test,5,1765000,0,0,0,0,0,0,0
DB3,3,test,5,1765100,0,0,0,0,0,0,0
DB3,3,test,5,1765200,0,0,0,0,0,0,0
DB3,3,test,5,1765300,0,0,0,0,0,0,0
DB3,3,test,5,1765400,0,0,0,0,0,0,0
DB3,3,test,5,1765500,0,0,0,0,0,0,0
DB3,3,test,5,1765600,0,0,0,0,0,0,0
DB3,3,test,5,1765700,0,0,0,0,0,0,0
DB3,3,test,5,1765800,0,0,0,0,0,0,0
DB3,3,test,5,1765900,0,0,0,0,0,0,0
DB3,3,test,5,1766000,0,0,0,0,0,0,0
DB3,3,test,5,1766100,0,0,0,0,0,0,0
DB3,3,test,5,1766200,0,0,0,0,0,0,0
DB3,3,test,5,1766300,0,0,0,0,0,0,0
DB3,3,test,5,1766400,0,0,0,0,0,0,0
DB3,3,test,5,1766500,0,0,0,0,0,0,0
DB3,3,test,5,1766600,0,0,0,0,0,0,0
DB3,3,test,5,1766700,0,0,0,0,0,0,0
DB3,3,test,5,1766800,0,0,0,0,0,0,0
DB3,3,test,5,1766900,0,3,0,0,0,0,0
DB3,3,test,5,1767000,0,3,0,0,0,0,0
DB3,3,test,5,1767100,0,3,0,0,0,0,0
DB3,3,test,5,1767200,0,0,0,0,0,0,0
DB3,3,test,5,1767300,0,0,0,0,0,0,0
DB3,3,test,5,1767400,0,0,0,0,0,0,0
DB3,3,test,5,1767500,0,0,0,0,0,0,0
DB3,3,test,5,1767600,0,0,0,0,0,0,0
DB3,3,test,5,1767700,0,0,0,0,0,0,0
DB3,3,test,6,1771900,0,5,11,11,0,11,0
DB3,3,test,6,1772000,0,11,0,0,0,0,0
DB3,3,test,6,1772100,0,0,0,0,0,0,0
DB3,3,test,6,1772200,0,0,0,0,0,0,0
DB3,3,test,6,1772300,0,0,0,0,0,0,0
DB3,3,test,6,1772400,0,0,0,0,0,0,0
DB3,3,test,6,1772500,0,0,0,0,0,0,0
DB3,3,test,6,1772600,0,0,0,0,0,0,0
DB3,3,test,6,1772700,0,0,0,0,0,0,0
DB3,3,test,6,1772800,0,0,0,0,0,0,0
DB3,3,test,6,1772900,0,0,0,0,0,0,0
DB3,3,test,6,1773000,0,0,0,0,0,0,0
DB3,3,test,6,1773100,0,0,0,0,0,0,0
DB3,3,test,6,1773200,0,0,0,0,0,0,0
DB3,3,test,6,1773300,0,0,0,0,0,0,0
DB3,3,test,6,1773400,0,0,0,0,0,0,0
DB3,3,test,6,1773500,0,0,0,0,0,0,0
DB3,3,test,6,1773600,0,0,0,0,0,0,0
DB3,3,test,6,1773700,0,0,0,0,0,0,0
DB3,3,test,6,1773800,0,0,0,0,0,0,0
DB3,3,test,6,1773900,0,0,0,0,0,0,0
DB3,3,test,6,1774000,0,0,0,0,0,0,0
DB3,3,test,6,1774100,0,0,0,0,0,0,0
DB3,3,test,6,1774200,0,0,0,0,0,0,0
DB3,3,test,6,1774300,0,0,0,0,0,0,0
DB3,3,test,6,1774400,0,0,0,0,0,0,0
DB3,3,test,6,1774500,0,0,0,0,0,0,0
DB3,3,test,6,1774600,0,0,0,0,0,0,0
DB3,3,test,6,1774700,0,0,0,0,0,0,0
DB3,3,test,6,1774800,0,0,0,0,0,0,0
DB3,3,test,6,1774900,0,0,0,0,0,0,0
DB3,3,test,6,1775000,0,0,0,0,0,0,0
DB3,3,test,6,1775100,0,0,0,0,0,0,0
DB3,3,test,6,1775200,0,0,0,0,0,0,0
DB3,3,test,6,1775300,0,0,0,0,0,0,0
DB3,3,test,6,1775400,0,0,0,0,0,0,0
DB3,3,test,6,1775500,0,0,0,0,0,0,0
DB3,3,test,6,1775600,0,0,0,0,0,0,0
DB3,3,test,6,1775700,0,0,0,0,0,0,0
DB3,3,test,6,1775800,0,0,0,0,0,0,0
DB3,3,test,6,1775900,0,0,0,0,0,0,0
DB3,3,test,6,1776000,0,0,0,0,0,0,0
DB3,3,test,6,1776100,0,5,0,0,0,0,0
DB3,3,test,4,1810500,0,3,7,7,0,0,0
DB3,3,test,4,1810600,0,0,0,7,0,0,0
DB3,3,test,4,1810700,0,0,0,0,0,0,0
DB3,3,test,4,1810800,0,0,0,0,0,0,0
DB3,3,test,4,1810900,0,0,0,0,0,0,0
DB3,3,test,4,1811000,0,0,0,0,0,0,0
DB3,3,test,4,1811100,0,0,0,0,0,0,0
DB3,3,test,4,1811200,0,0,0,0,0,0,0
DB3,3,test,4,1811300,0,0,0,0,0,0,0
DB3,3,test,4,1811400,0,0,0,0,0,0,0
DB3,3,test,4,1811500,0,0,0,0,0,0,0
DB3,3,test,4,1811600,0,0,0,0,0,0,0
DB3,3,test,4,1811700,0,0,0,0,0,0,0
DB3,3,test,4,1811800,0,0,0,0,0,0,0
DB3,3,test,4,1811900,0,0,0,0,0,0,0
DB3,3,test,4,1812000,0,0,0,0,0,0,0
DB3,3,test,4,1812100,0,0,0,0,0,0,0
DB3,3,test,4,1812200,0,0,0,0,0,0,0
DB3,3,test,4,1812300,0,0,0,0,0,0,0
DB3,3,test,4,1812400,0,0,0,0,0,0,0
DB3,3,test,4,1812500,0,0,0,0,0,0,0
DB3,3,test,4,1812600,0,0,0,0,0,0,0
DB3,3,test,4,1812700,0,0,0,0,0,0,0
DB3,3,test,4,1812800,0,0,0,0,0,0,0
DB3,3,test,4,1812900,0,0,0,0,0,0,0
DB3,3,test,4,1813000,0,0,0,0,0,0,0
DB3,3,test,4,1813100,0,0,0,0,0,0,0
DB3,3,test,4,1813200,0,0,0,0,0,0,0
DB3,3,test,4,1813300,0,0,0,0,0,0,0
DB3,3,test,4,1813400,0,0,0,0,0,0,0
DB3,3,test,4,1813500,0,0,0,0,0,0,0
DB3,3,test,4,1813600,0,0,0,0,0,0,0
DB3,3,test,4,1813700,0,0,0,0,0,0,0
DB3,3,test,4,1813800,0,0,0,0,0,0,0
DB3,3,test,4,1813900,0,0,0,0,0,0,0
DB3,3,test,4,1814000,0,0,0,0,0,0,0
DB3,3,test,4,1814100,0,0,0,0,0,0,0
DB3,3,test,4,1814200,0,0,0,0,0,0,0
DB3,3,test,4,1814300,0,0,0,0,0,0,0
DB3,3,test,4,1814400,0,0,0,0,0,0,0
DB3,3,test,4,1814500,0,0,0,0,0,0,0
DB3,3,test,4,1814600,0,0,0,0,0,0,0
DB3,3,test,4,1814700,0,0,0,0,0,0,0
DB3,3,test,4,1814800,0,0,0,0,0,0,0
DB3,3,test,4,1814900,0,0,0,0,0,0,0
DB3,3,test,4,1815000,0,0,0,0,0,0,0
DB3,3,test,4,1815100,0,0,0,0,0,0,0
DB3,3,test,4,1815200,0,0,0,0,0,0,0
DB3,3,test,4,1815300,0,0,0,0,0,0,0
DB3,3,test,4,1815400,0,0,0,0,0,0,0
DB3,3,test,4,1815500,0,0,0,0,0,0,0
DB3,3,test,4,1815600,0,0,0,0,0,0,0
DB3,3,test,4,1815700,0,0,0,0,0,0,0
DB3,3,test,4,1815800,0,11,11,11,0,0,0
DB3,3,test,4,1815900,0,11,11,0,0,0,0
DB3,3,test,4,1816000,0,11,0,0,0,0,0
DB3,3,test,4,1816100,0,11,0,0,0,11,0
DB3,3,test,4,1816300,11,5,8,8,8,11,0
DB3,3,test,4,1816400,11,11,11,8,8,11,11
DB3,3,test,4,1816500,11,11,11,11,11,11,11
DB3,3,test,4,1816600,11,4,8,11,11,11,11
DB3,3,test,4,1816700,11,11,11,11,11,11,11
DB3,3,test,4,1816800,11,11,11,11,11,11,11
DB3,3,test,4,1816900,11,11,11,11,11,11,11
DB3,3,test,4,1817000,11,11,11,11,11,11,11
DB3,3,test,4,1817100,11,11,11,11,11,11,11
DB3,3,test,4,1817200,11,4,11,11,11,11,11
DB3,3,test,4,1817300,11,4,11,11,11,11,11
DB3,3,test,4,1817400,11,11,11,11,11,11,11
DB3,3,test,4,1817500,11,11,11,11,11,11,11
DB3,3,test,4,1817600,11,9,11,11,11,11,8
DB3,3,test,4,1817700,11,4,8,11,11,11,8
DB3,3,test,4,1817800,11,11,11,11,11,11,11
DB3,3,test,4,1817900,11,10,8,11,11,11,11
DB3,3,test,4,1818000,11,5,8,8,8,8,11
DB3,3,test,4,1818100,11,8,8,11,11,8,8
DB3,3,test,4,1818200,11,9,7,11,11,8,11
DB3,3,test,4,1818300,11,5,11,11,11,4,11
DB3,3,test,4,1818400,11,5,4,8,8,4,11
DB3,3,test,5,1818700,0,11,11,10,0,0,0
DB3,3,test,5,1818800,0,11,0,0,0,0,0
DB3,3,test,5,1818900,0,0,0,0,0,0,0
DB3,3,test,5,1819000,0,0,0,0,0,0,0
DB3,3,test,5,1819100,0,0,0,0,0,0,0
DB3,3,test,5,1819200,0,0,0,0,0,0,0
DB3,3,test,5,1819300,0,0,0,0,0,0,0
DB3,3,test,5,1819400,0,0,0,0,0,0,0
DB3,3,test,5,1819500,0,0,0,0,0,0,0
DB3,3,test,5,1819600,0,0,0,0,0,0,0
DB3,3,test,5,1819700,0,0,0,0,0,0,0
DB3,3,test,5,1819800,0,0,0,0,0,0,0
DB3,3,test,5,1819900,0,0,0,0,0,0,0
DB3,3,test,5,1820000,0,0,0,0,0,0,0
DB3,3,test,5,1820100,0,0,0,0,0,0,0
DB3,3,test,5,1820200,0,0,0,0,0,0,0
DB3,3,test,5,1820300,0,0,0,0,0,0,0
DB3,3,test,5,1820400,0,0,0,0,0,0,0
DB3,3,test,5,1820500,0,0,0,0,0,0,0
DB3,3,test,5,1820600,0,0,0,0,0,0,0
DB3,3,test,5,1820700,0,0,0,0,0,0,0
DB3,3,test,5,1820800,0,0,0,0,0,0,0
DB3,3,test,5,1820900,0,0,0,0,0,0,0
DB3,3,test,5,1821000,0,0,0,0,0,0,0
DB3,3,test,5,1821100,0,0,0,0,0,0,0
DB3,3,test,5,1821200,0,0,0,0,0,0,0
DB3,3,test,5,1821300,0,0,0,0,0,0,0
DB3,3,test,5,1821400,0,0,0,0,0,0,0
DB3,3,test,5,1821500,0,0,0,0,0,0,0
DB3,3,test,5,1821600,0,0,0,0,0,0,0
DB3,3,test,5,1821700,0,0,0,0,0,0,0
DB3,3,test,5,1821800,0,0,0,0,0,0,0
DB3,3,test,5,1821900,0,0,0,0,0,0,0
DB3,3,test,5,1822000,0,0,0,0,0,0,0
DB3,3,test,5,1822100,0,0,0,0,0,0,0
DB3,3,test,5,1822200,0,0,0,0,0,0,0
DB3,3,test,5,1822300,0,0,0,0,0,0,0
DB3,3,test,5,1822400,0,0,0,0,0,0,0
DB3,3,test,5,1822500,0,0,0,0,0,0,0
DB3,3,test,5,1822600,0,0,0,0,0,0,0
DB3,3,test,5,1822700,0,0,0,0,0,0,0
DB3,3,test,5,1822800,0,0,0,0,0,0,0
DB3,3,test,5,1822900,0,0,0,0,0,0,0
DB3,3,test,5,1823000,0,0,0,0,0,0,0
DB3,3,test,5,1823100,0,0,0,0,0,0,0
DB3,3,test,5,1823200,0,0,0,0,0,0,0
DB3,3,test,5,1823300,0,0,0,0,0,0,0
DB3,3,test,5,1823400,0,0,0,0,0,0,0
DB3,3,test,5,1823500,0,0,0,0,0,0,0
DB3,3,test,5,1823600,0,0,0,0,0,0,0
DB3,3,test,5,1823700,0,11,0,0,0,0,0
DB3,3,test,5,1823800,0,11,10,0,0,0,0
DB3,3,test,5,1824100,11,11,11,11,11,11,11
DB3,3,test,5,1824200,11,11,11,11,11,11,0
DB3,3,test,5,1824300,11,11,11,11,11,11,4
DB3,3,test,5,1824400,11,11,11,11,11,11,11
DB3,3,test,5,1824500,11,11,11,11,11,11,11
DB3,3,test,5,1824600,11,11,11,11,11,11,11
DB3,3,test,5,1824700,11,11,11,11,11,11,11
DB3,3,test,5,1824800,11,2,11,11,11,11,11
DB3,3,test,5,1824900,11,2,9,8,8,9,11
DB3,3,test,5,1825000,11,2,10,8,8,9,11
DB3,3,test,5,1825100,11,2,6,8,8,6,11
DB3,3,test,5,1825200,11,2,9,8,8,9,11
DB3,3,test,5,1825300,11,10,11,11,11,11,11
DB3,3,test,5,1825400,11,10,9,11,11,9,11
DB3,3,test,5,1825500,11,2,9,8,8,9,11
DB3,3,test,5,1825600,11,2,9,8,8,9,8
DB3,3,test,5,1825700,11,10,8,8,8,11,11
DB3,3,test,5,1825800,11,11,11,11,11,11,11
DB3,3,test,5,1825900,11,11,11,11,11,11,11
DB3,3,test,5,1826000,11,11,8,8,8,11,11
DB3,3,test,5,1826100,11,4,11,11,11,11,11
DB3,3,test,5,1826200,11,11,11,11,11,11,11
DB3,3,test,5,1826300,11,10,8,11,11,11,8
DB3,3,test,5,1826400,11,10,8,8,8,9,8
DB3,3,test,5,1826500,11,10,8,8,8,8,8
DB3,3,test,5,1826600,11,10,8,11,11,8,8
DB3,3,test,5,1826700,11,4,8,11,11,11,10
DB3,3,test,5,1826800,11,4,8,11,11,11,8
DB3,3,test,5,1826900,11,2,2,11,11,11,11
DB3,3,test,5,1827000,11,11,11,11,11,11,0
DB3,3,test,5,1827100,11,5,11,11,11,0,0
DB3,3,test,5,1827200,11,5,11,11,11,8,10
DB3,3,test,5,1827300,11,7,11,11,11,8,10
DB3,3,test,5,1827400,11,7,9,11,11,8,11
DB3,3,test,5,1827500,11,5,9,8,8,8,11
DB3,3,test,5,1827600,11,5,9,11,11,8,11
DB3,3,test,5,1827700,11,4,11,11,11,8,10
DB3,3,test,5,1827800,11,4,10,11,11,11,0
DB3,3,test,5,1827900,11,4,11,10,0,0,0
DB3,3,test,5,1828000,11,0,0,9,0,0,0
DB3,3,test,5,1828100,11,0,0,9,0,0,0
DB3,3,test,5,1828200,11,3,0,10,0,0,0
DB3,3,test,6,1828400,0,0,0,0,0,0,0
DB3,3,test,6,1828500,0,0,0,0,0,0,0
DB3,3,test,6,1828600,0,0,0,0,0,0,0
DB3,3,test,6,1828700,0,0,0,0,0,0,0
DB3,3,test,6,1828800,0,0,0,0,0,0,0
DB3,3,test,6,1828900,0,0,0,0,0,0,0
DB3,3,test,6,1829000,0,0,0,0,0,0,0
DB3,3,test,6,1829100,0,0,0,0,0,0,0
DB3,3,test,6,1829200,0,0,0,0,0,0,0
DB3,3,test,6,1829300,0,0,0,0,0,0,0
DB3,3,test,6,1829400,0,0,0,0,0,0,0
DB3,3,test,6,1829500,0,0,0,0,0,0,0
DB3,3,test,6,1829600,0,0,0,0,0,0,0
DB3,3,test,6,1829700,0,0,0,0,0,0,0
DB3,3,test,6,1829800,0,0,0,0,0,0,0
DB3,3,test,6,1829900,0,0,0,0,0,0,0
DB3,3,test,6,1830000,0,0,0,0,0,0,0
DB3,3,test,6,1830100,0,0,0,0,0,0,0
DB3,3,test,6,1830200,0,0,0,0,0,0,0
DB3,3,test,6,1830300,0,0,0,0,0,0,0
DB3,3,test,6,1830400,0,0,0,0,0,0,0
DB3,3,test,6,1830500,0,0,0,0,0,0,0
DB3,3,test,6,1830600,0,0,0,0,0,0,0
DB3,3,test,6,1830700,0,0,0,0,0,0,0
DB3,3,test,6,1830800,0,0,0,0,0,0,0
DB3,3,test,6,1830900,0,0,0,0,0,0,0
DB3,3,test,6,1831000,0,0,0,0,0,0,0
DB3,3,test,6,1831100,0,0,0,0,0,0,0
DB3,3,test,6,1831200,0,0,0,0,0,0,0
DB3,3,test,6,1831300,0,0,0,0,0,0,0
DB3,3,test,6,1831400,0,0,0,0,0,0,0
DB3,3,test,6,1831500,0,0,0,0,0,0,0
DB3,3,test,6,1831600,0,0,0,0,0,0,0
DB3,3,test,6,1831700,0,0,0,0,0,0,0
DB3,3,test,6,1831800,0,0,0,0,0,0,0
DB3,3,test,6,1831900,0,0,0,0,0,0,0
DB3,3,test,6,1832000,0,0,0,0,0,0,0
DB3,3,test,6,1832100,0,0,0,0,0,0,0
DB3,3,test,6,1832200,0,0,0,0,0,0,0
DB3,3,test,6,1832300,0,0,0,0,0,0,0
DB3,3,test,6,1832400,0,0,0,0,0,0,0
DB3,3,test,6,1832500,0,0,0,0,0,0,0
DB3,3,test,6,1832600,0,0,0,0,0,0,0
DB3,3,test,6,1832900,11,11,0,0,0,0,0
DB3,3,test,6,1833000,11,10,9,9,9,11,0
DB3,3,test,6,1833100,11,2,11,11,11,11,4
DB3,3,test,6,1833200,11,2,11,11,11,11,11
DB3,3,test,6,1833300,11,2,9,11,11,11,11
DB3,3,test,6,1833400,11,2,9,11,11,11,11
DB3,3,test,6,1833500,11,11,11,11,11,11,9
DB3,3,test,6,1833600,11,11,11,11,11,11,11
DB3,3,test,6,1833700,11,2,8,11,11,11,11
DB3,3,test,6,1833800,11,2,8,8,8,9,8
DB3,3,test,6,1833900,11,4,8,8,8,8,8
DB3,3,test,6,1834000,11,10,8,8,8,8,11
DB3,3,test,6,1834100,11,10,8,11,11,11,8
DB3,3,test,6,1834200,11,10,8,11,11,11,8
DB3,3,test,6,1834300,11,10,8,11,11,11,8
DB3,3,test,6,1834400,11,2,11,11,11,11,11
DB3,3,test,6,1834500,11,2,8,11,11,11,8
DB3,3,test,6,1834600,11,4,8,11,11,8,8
DB3,3,test,6,1834700,11,4,11,11,11,11,8
DB3,3,test,6,1834800,11,4,8,8,8,11,8
DB3,3,test,6,1834900,11,4,8,8,8,8,8
DB3,3,test,6,1835000,11,2,6,10,10,8,8
DB3,3,test,6,1835100,11,2,7,11,11,2,8
DB3,3,test,6,1835200,11,4,8,11,11,8,10
DB3,3,test,6,1835300,11,4,8,11,11,8,8
DB3,3,test,6,1835400,11,9,6,11,11,11,8
DB3,3,test,6,1835500,11,9,6,11,11,8,8
DB3,3,test,6,1835600,11,4,8,8,8,8,8
DB3,3,test,6,1835700,11,4,7,8,8,8,8
DB3,3,test,6,1835800,11,4,8,8,8,8,8
DB3,3,test,6,1835900,11,2,2,11,11,2,8
DB3,3,test,6,1836000,11,2,7,11,11,11,0
DB3,3,test,6,1836100,11,5,11,11,11,10,0
DB3,3,test,6,1836200,11,5,8,11,11,4,11
DB3,3,test,6,1836300,11,10,8,11,11,8,8
DB3,3,test,6,1836400,11,10,8,11,11,8,8
DB3,3,test,6,1836500,11,5,10,11,11,8,11
DB3,3,test,6,1836600,11,10,11,11,11,8,11
DB3,3,test,4,1866700,0,3,4,10,0,0,0
DB3,3,test,4,1866800,0,10,10,10,0,0,0
DB3,3,test,4,1866900,0,10,0,10,0,0,0
DB3,3,test,4,1867000,0,0,0,0,0,0,0
DB3,3,test,4,1867100,0,0,0,0,0,0,0
DB3,3,test,4,1867200,0,0,0,0,0,0,0
DB3,3,test,4,1867300,0,0,0,0,0,0,0
DB3,3,test,4,1867400,0,0,0,0,0,0,0
DB3,3,test,4,1867500,0,0,0,0,0,0,0
DB3,3,test,4,1867600,0,0,0,0,0,0,0
DB3,3,test,4,1867700,0,0,0,0,0,0,0
DB3,3,test,4,1867800,0,0,0,0,0,0,0
DB3,3,test,4,1867900,0,0,0,0,0,0,0
DB3,3,test,4,1868000,0,0,0,0,0,0,0
DB3,3,test,4,1868100,0,0,0,0,0,0,0
DB3,3,test,4,1868200,0,0,0,0,0,0,0
DB3,3,test,4,1868300,0,0,0,0,0,0,0
DB3,3,test,4,1868400,0,0,0,0,0,0,0
DB3,3,test,4,1868500,0,0,0,0,0,0,0
DB3,3,test,4,1868600,0,0,0,0,0,0,0
DB3,3,test,4,1868700,0,0,0,0,0,0,0
DB3,3,test,4,1868800,0,0,0,0,0,0,0
DB3,3,test,4,1868900,0,0,0,0,0,0,0
DB3,3,test,4,1869000,0,0,0,0,0,0,0
DB3,3,test,4,1869100,0,0,0,0,0,0,0
DB3,3,test,4,1869200,0,0,0,0,0,0,0
DB3,3,test,4,1869300,0,0,0,0,0,0,0
DB3,3,test,4,1869400,0,0,0,0,0,0,0
DB3,3,test,4,1869500,0,0,0,0,0,0,0
DB3,3,test,4,1869600,0,0,0,0,0,0,0
DB3,3,test,4,1869700,0,0,0,0,0,0,0
DB3,3,test,4,1869800,0,0,0,0,0,0,0
DB3,3,test,4,1869900,0,0,0,0,0,0,0
DB3,3,test,4,1870000,0,0,0,0,0,0,0
DB3,3,test,4,1870100,0,0,0,0,0,0,0
DB3,3,test,4,1870200,0,0,0,0,0,0,0
DB3,3,test,4,1870300,0,0,0,0,0,0,0
DB3,3,test,4,1870400,0,0,0,0,0,0,0
DB3,3,test,4,1870500,0,0,0,0,0,0,0
DB3,3,test,4,1870600,0,0,0,0,0,0,0
DB3,3,test,4,1870700,0,0,0,0,0,0,0
DB3,3,test,4,1870800,0,0,0,0,0,0,0
DB3,3,test,4,1870900,0,0,0,0,0,0,0
DB3,3,test,4,1871000,0,0,0,0,0,0,0
DB3,3,test,4,1871100,0,0,0,0,0,0,0
DB3,3,test,4,1871200,0,3,0,0,0,0,0
DB3,3,test,4,1871300,0,3,0,0,0,0,0
DB3,3,test,4,1871400,0,0,0,0,0,0,0
DB3,3,test,4,1871500,0,0,0,0,0,0,0
DB3,3,test,4,1871600,0,0,0,0,0,0,0
DB3,3,test,4,1871700,0,10,10,10,0,0,0
DB3,3,test,4,1871800,0,10,10,10,0,10,0
DB3,3,test,4,1871900,0,10,10,10,10,10,0
DB3,3,test,5,1875700,0,10,0,0,0,0,0
DB3,3,test,5,1875800,0,0,0,0,0,0,0
DB3,3,test,5,1875900,0,0,0,0,0,0,0
DB3,3,test,5,1876000,0,0,0,0,0,0,0
DB3,3,test,5,1876100,0,0,0,0,0,0,0
DB3,3,test,5,1876200,0,0,0,0,0,0,0
DB3,3,test,5,1876300,0,0,0,0,0,0,0
DB3,3,test,5,1876400,0,0,0,0,0,0,0
DB3,3,test,5,1876500,0,0,0,0,0,0,0
DB3,3,test,5,1876600,0,0,0,0,0,0,0
DB3,3,test,5,1876700,0,0,0,0,0,0,0
DB3,3,test,5,1876800,0,0,0,0,0,0,0
DB3,3,test,5,1876900,0,0,0,0,0,0,0
DB3,3,test,5,1877000,0,0,0,0,0,0,0
DB3,3,test,5,1877100,0,0,0,0,0,0,0
DB3,3,test,5,1877200,0,0,0,0,0,0,0
DB3,3,test,5,1877300,0,0,0,0,0,0,0
DB3,3,test,5,1877400,0,0,0,0,0,0,0
DB3,3,test,5,1877500,0,0,0,0,0,0,0
DB3,3,test,5,1877600,0,0,0,0,0,0,0
DB3,3,test,5,1877700,0,0,0,0,0,0,0
DB3,3,test,5,1877800,0,0,0,0,0,0,0
DB3,3,test,5,1877900,0,0,0,0,0,0,0
DB3,3,test,5,1878000,0,0,0,0,0,0,0
DB3,3,test,5,1878100,0,0,0,0,0,0,0
DB3,3,test,5,1878200,0,0,0,0,0,0,0
DB3,3,test,5,1878300,0,0,0,0,0,0,0
DB3,3,test,5,1878400,0,0,0,0,0,0,0
DB3,3,test,5,1878500,0,0,0,0,0,0,0
DB3,3,test,5,1878600,0,0,0,0,0,0,0
DB3,3,test,5,1878700,0,0,0,0,0,0,0
DB3,3,test,5,1878800,0,0,0,0,0,0,0
DB3,3,test,5,1878900,0,0,0,0,0,0,0
DB3,3,test,5,1879000,0,0,0,0,0,0,0
DB3,3,test,5,1879100,0,10,0,0,0,0,0
DB3,3,test,5,1879200,0,10,10,0,0,0,0
DB3,3,test,5,1879300,0,0,0,0,0,0,0
DB3,3,test,5,1879400,0,0,0,0,0,0,0
DB3,3,test,5,1879500,0,0,0,0,0,0,0
DB3,3,test,5,1879600,0,0,0,0,0,0,0
DB3,3,test,5,1879700,0,0,0,0,0,0,0
DB3,3,test,5,1879800,0,0,0,0,0,0,0
DB3,3,test,5,1879900,0,0,0,0,0,0,0
DB3,3,test,5,1880000,0,0,0,0,0,0,0
DB3,3,test,5,1880100,0,0,0,0,0,0,0
DB3,3,test,5,1880200,0,0,0,0,0,0,0
DB3,3,test,5,1880300,0,10,8,0,0,0,0
DB3,3,test,5,1880400,0,10,9,9,0,10,0
DB3,3,test,5,1880500,0,4,9,10,0,10,0
DB3,3,test,6,1884500,0,0,0,0,0,0,0
DB3,3,test,6,1884600,0,0,0,0,0,0,0
DB3,3,test,6,1884700,0,0,0,0,0,0,0
DB3,3,test,6,1884800,0,0,0,0,0,0,0
DB3,3,test,6,1884900,0,0,0,0,0,0,0
DB3,3,test,6,1885000,0,0,0,0,0,0,0
DB3,3,test,6,1885100,0,0,0,0,0,0,0
DB3,3,test,6,1885200,0,0,0,0,0,0,0
DB3,3,test,6,1885300,0,0,0,0,0,0,0
DB3,3,test,6,1885400,0,0,0,0,0,0,0
DB3,3,test,6,1885500,0,0,0,0,0,0,0
DB3,3,test,6,1885600,0,0,0,0,0,0,0
DB3,3,test,6,1885700,0,0,0,0,0,0,0
DB3,3,test,6,1885800,0,0,0,0,0,0,0
DB3,3,test,6,1885900,0,0,0,0,0,0,0
DB3,3,test,6,1886000,0,0,0,0,0,0,0
DB3,3,test,6,1886100,0,0,0,0,0,0,0
DB3,3,test,6,1886200,0,0,0,0,0,0,0
DB3,3,test,6,1886300,0,0,0,0,0,0,0
DB3,3,test,6,1886400,0,0,0,0,0,0,0
DB3,3,test,6,1886500,0,0,0,0,0,0,0
DB3,3,test,6,1886600,0,0,0,0,0,0,0
DB3,3,test,6,1886700,0,0,0,0,0,0,0
DB3,3,test,6,1886800,0,0,0,0,0,0,0
DB3,3,test,6,1886900,0,0,0,0,0,0,0
DB3,3,test,6,1887000,0,0,0,0,0,0,0
DB3,3,test,6,1887100,0,0,0,0,0,0,0
DB3,3,test,6,1887200,0,0,0,0,0,0,0
DB3,3,test,6,1887300,0,0,0,0,0,0,0
DB3,3,test,6,1887400,0,0,0,0,0,0,0
DB3,3,test,6,1887500,0,0,0,0,0,0,0
DB3,3,test,6,1887600,0,0,0,0,0,0,0
DB3,3,test,6,1887700,0,0,0,0,0,0,0
DB3,3,test,6,1887800,0,0,0,0,0,0,0
DB3,3,test,6,1887900,0,0,0,0,0,0,0
DB3,3,test,6,1888000,0,0,0,0,0,0,0
DB3,3,test,6,1888100,0,0,0,0,0,0,0
DB3,3,test,6,1888200,0,0,0,0,0,0,0
DB3,3,test,6,1888300,0,3,0,0,0,0,0
DB3,3,test,6,1888400,0,3,0,0,0,0,0
DB3,3,test,6,1888500,0,0,0,0,0,0,0
DB3,3,test,6,1888600,0,0,0,0,0,0,0
DB3,3,test,6,1888700,0,0,0,0,0,0,0
DB3,3,test,6,1888800,0,0,0,0,0,0,0
DB3,3,test,6,1888900,0,3,0,0,0,0,0
DB3,3,test,6,1889000,0,3,0,0,0,0,0
DB3,3,test,6,1889100,0,0,0,0,0,0,0
DB3,3,test,4,1923300,0,0,0,0,0,0,0
DB3,3,test,4,1923400,0,0,0,0,0,0,0
DB3,3,test,4,1923500,0,0,0,0,0,0,0
DB3,3,test,4,1923600,0,0,0,0,0,0,0
DB3,3,test,4,1923700,0,0,0,0,0,0,0
DB3,3,test,4,1923800,0,0,0,0,0,0,0
DB3,3,test,4,1923900,0,0,0,0,0,0,0
DB3,3,test,4,1924000,0,0,0,0,0,0,0
DB3,3,test,4,1924100,0,0,0,0,0,0,0
DB3,3,test,4,1924200,0,0,0,0,0,0,0
DB3,3,test,4,1924300,0,0,0,0,0,0,0
DB3,3,test,4,1924400,0,0,0,0,0,0,0
DB3,3,test,4,1924500,0,0,0,0,0,0,0
DB3,3,test,4,1924600,0,0,0,0,0,0,0
DB3,3,test,4,1924700,0,0,0,0,0,0,0
DB3,3,test,4,1924800,0,0,0,0,0,0,0
DB3,3,test,4,1924900,0,0,0,0,0,0,0
DB3,3,test,4,1925000,0,0,0,0,0,0,0
DB3,3,test,4,1925100,0,0,0,0,0,0,0
DB3,3,test,4,1925200,0,0,0,0,0,0,0
DB3,3,test,4,1925300,0,0,0,0,0,0,0
DB3,3,test,4,1925400,0,0,0,0,0,0,0
DB3,3,test,4,1925500,0,0,0,0,0,0,0
DB3,3,test,4,1925600,0,0,0,0,0,0,0
DB3,3,test,4,1925700,0,0,0,0,0,0,0
DB3,3,test,4,1925800,0,0,0,0,0,0,0
DB3,3,test,4,1925900,0,0,0,0,0,0,0
DB3,3,test,4,1926000,0,0,0,0,0,0,0
DB3,3,test,4,1926100,0,0,0,0,0,0,0
DB3,3,test,4,1926200,0,0,0,0,0,0,0
DB3,3,test,4,1926300,0,0,0,0,0,0,0
DB3,3,test,4,1926400,0,0,0,0,0,0,0
DB3,3,test,4,1926500,0,0,0,0,0,0,0
DB3,3,test,4,1926600,0,0,0,0,0,0,0
DB3,3,test,4,1926700,0,0,0,0,0,0,0
DB3,3,test,4,1926800,0,0,0,0,0,0,0
DB3,3,test,4,1926900,0,0,0,0,0,0,0
DB3,3,test,4,1927000,0,0,0,0,0,0,0
DB3,3,test,4,1927100,0,0,0,0,0,0,0
DB3,3,test,4,1927200,0,0,0,0,0,0,0
DB3,3,test,4,1927300,0,0,0,0,0,0,0
DB3,3,test,4,1927400,0,0,0,0,0,0,0
DB3,3,test,4,1927500,0,0,0,0,0,0,0
DB3,3,test,4,1927600,0,0,0,0,0,0,0
DB3,3,test,4,1927700,0,11,0,0,0,0,0
DB3,3,test,4,1927800,0,4,11,0,0,11,0
DB3,3,test,4,1927900,0,4,11,11,0,11,0
DB3,3,test,5,1932300,0,0,0,0,0,0,0
DB3,3,test,5,1932400,0,0,0,0,0,0,0
DB3,3,test,5,1932500,0,0,0,0,0,0,0
DB3,3,test,5,1932600,0,0,0,0,0,0,0
DB3,3,test,5,1932700,0,0,0,0,0,0,0
DB3,3,test,5,1932800,0,0,0,0,0,0,0
DB3,3,test,5,1932900,0,0,0,0,0,0,0
DB3,3,test,5,1933000,0,0,0,0,0,0,0
DB3,3,test,5,1933100,0,0,0,0,0,0,0
DB3,3,test,5,1933200,0,0,0,0,0,0,0
DB3,3,test,5,1933300,0,0,0,0,0,0,0
DB3,3,test,5,1933400,0,0,0,0,0,0,0
DB3,3,test,5,1933500,0,0,0,0,0,0,0
DB3,3,test,5,1933600,0,0,0,0,0,0,0
DB3,3,test,5,1933700,0,0,0,0,0,0,0
DB3,3,test,5,1933800,0,0,0,0,0,0,0
DB3,3,test,5,1933900,0,0,0,0,0,0,0
DB3,3,test,5,1934000,0,0,0,0,0,0,0
DB3,3,test,5,1934100,0,0,0,0,0,0,0
DB3,3,test,5,1934200,0,0,0,0,0,0,0
DB3,3,test,5,1934300,0,0,0,0,0,0,0
DB3,3,test,5,1934400,0,0,0,0,0,0,0
DB3,3,test,5,1934500,0,0,0,0,0,0,0
DB3,3,test,5,1934600,0,0,0,0,0,0,0
DB3,3,test,5,1934700,0,0,0,0,0,0,0
DB3,3,test,5,1934800,0,0,0,0,0,0,0
DB3,3,test,5,1934900,0,0,0,0,0,0,0
DB3,3,test,5,1935000,0,0,0,0,0,0,0
DB3,3,test,5,1935100,0,0,0,0,0,0,0
DB3,3,test,5,1935200,0,0,0,0,0,0,0
DB3,3,test,5,1935300,0,0,0,0,0,0,0
DB3,3,test,5,1935400,0,0,0,0,0,0,0
DB3,3,test,5,1935500,0,0,0,0,0,0,0
DB3,3,test,5,1935600,0,0,0,0,0,0,0
DB3,3,test,5,1935700,0,0,0,0,0,0,0
DB3,3,test,5,1935800,0,0,0,0,0,0,0
DB3,3,test,5,1935900,0,0,0,0,0,0,0
DB3,3,test,5,1936000,0,0,0,0,0,0,0
DB3,3,test,5,1936100,0,0,0,0,0,0,0
DB3,3,test,5,1936200,0,0,0,0,0,0,0
DB3,3,test,5,1936300,0,0,0,0,0,0,0
DB3,3,test,5,1936400,0,0,0,10,0,0,0
DB3,3,test,5,1936500,0,3,0,10,0,0,0
DB3,3,test,5,1936600,0,3,0,10,0,0,0
DB3,3,test,5,1936700,0,3,0,10,0,0,0
DB3,3,test,5,1936800,0,0,0,0,0,0,0
DB3,3,test,5,1936900,0,0,0,10,0,0,0
DB3,3,test,6,1941100,0,0,0,10,0,0,0
DB3,3,test,6,1941200,0,0,0,10,0,0,0
DB3,3,test,6,1941300,0,3,0,10,0,0,0
DB3,3,test,6,1941400,0,0,0,0,0,0,0
DB3,3,test,6,1941500,0,0,0,0,0,0,0
DB3,3,test,6,1941600,0,0,0,0,0,0,0
DB3,3,test,6,1941700,0,0,0,0,0,0,0
DB3,3,test,6,1941800,0,0,0,0,0,0,0
DB3,3,test,6,1941900,0,0,0,0,0,0,0
DB3,3,test,6,1942000,0,0,0,0,0,0,0
DB3,3,test,6,1942100,0,0,0,0,0,0,0
DB3,3,test,6,1942200,0,0,0,0,0,0,0
DB3,3,test,6,1942300,0,0,0,0,0,0,0
DB3,3,test,6,1942400,0,0,0,0,0,0,0
DB3,3,test,6,1942500,0,0,0,0,0,0,0
DB3,3,test,6,1942600,0,0,0,0,0,0,0
DB3,3,test,6,1942700,0,0,0,0,0,0,0
DB3,3,test,6,1942800,0,0,0,0,0,0,0
DB3,3,test,6,1942900,0,0,0,0,0,0,0
DB3,3,test,6,1943000,0,0,0,0,0,0,0
DB3,3,test,6,1943100,0,0,0,0,0,0,0
DB3,3,test,6,1943200,0,0,0,0,0,0,0
DB3,3,test,6,1943300,0,0,0,0,0,0,0
DB3,3,test,6,1943400,0,0,0,0,0,0,0
DB3,3,test,6,1943500,0,5,0,10,0,0,0
DB3,3,test,6,1943600,0,4,0,10,0,0,0
DB3,3,test,6,1943700,0,0,0,0,0,0,0
DB3,3,test,6,1943800,0,0,0,0,0,0,0
DB3,3,test,6,1943900,0,0,0,0,0,0,0
DB3,3,test,6,1944000,0,0,0,0,0,0,0
DB3,3,test,6,1944100,0,0,0,0,0,0,0
DB3,3,test,6,1944200,0,0,0,0,0,0,0
DB3,3,test,6,1944300,0,0,0,0,0,0,0
DB3,3,test,6,1944400,0,0,0,0,0,0,0
DB3,3,test,6,1944500,0,0,0,0,0,0,0
DB3,3,test,6,1944600,0,0,0,0,0,0,0
DB3,3,test,6,1944700,0,0,0,0,0,0,0
DB3,3,test,6,1944800,0,0,0,0,0,0,0
DB3,3,test,6,1944900,0,0,0,0,0,0,0
DB3,3,test,6,1945000,0,0,0,0,0,0,0
DB3,3,test,6,1945100,0,0,0,0,0,0,0
DB3,3,test,6,1945200,0,0,0,0,0,0,0
DB3,3,test,6,1945300,0,4,11,10,0,0,0
DB3,3,test,6,1945400,0,4,11,11,0,0,0
DB3,3,test,6,1945500,0,4,11,11,0,0,0
DB3,3,test,6,1945600,0,4,11,11,0,0,0
DB3,3,test,6,1945700,0,4,11,11,0,11,0
DB3,3,test,4,1980200,0,3,10,0,0,0,0
DB3,3,test,4,1980300,0,0,0,0,0,0,0
DB3,3,test,4,1980400,0,0,0,10,0,0,0
DB3,3,test,4,1980500,0,0,0,10,0,0,0
DB3,3,test,4,1980600,0,0,0,0,0,0,0
DB3,3,test,4,1980700,0,0,0,0,0,0,0
DB3,3,test,4,1980800,0,0,0,0,0,0,0
DB3,3,test,4,1980900,0,0,0,0,0,0,0
DB3,3,test,4,1981000,0,0,0,0,0,0,0
DB3,3,test,4,1981100,0,0,0,0,0,0,0
DB3,3,test,4,1981200,0,0,0,0,0,0,0
DB3,3,test,4,1981300,0,0,0,0,0,0,0
DB3,3,test,4,1981400,0,0,0,0,0,0,0
DB3,3,test,4,1981500,0,0,0,0,0,0,0
DB3,3,test,4,1981600,0,0,0,0,0,0,0
DB3,3,test,4,1981700,0,0,0,0,0,0,0
DB3,3,test,4,1981800,0,0,0,0,0,0,0
DB3,3,test,4,1981900,0,0,0,0,0,0,0
DB3,3,test,4,1982000,0,0,0,0,0,0,0
DB3,3,test,4,1982100,0,0,0,0,0,0,0
DB3,3,test,4,1982200,0,0,0,0,0,0,0
DB3,3,test,4,1982300,0,0,0,0,0,0,0
DB3,3,test,4,1982400,0,0,0,0,0,0,0
DB3,3,test,4,1982500,0,0,0,0,0,0,0
DB3,3,test,4,1982600,0,0,0,0,0,0,0
DB3,3,test,4,1982700,0,0,0,0,0,0,0
DB3,3,test,4,1982800,0,0,0,0,0,0,0
DB3,3,test,4,1982900,0,0,0,0,0,0,0
DB3,3,test,4,1983000,0,0,0,0,0,0,0
DB3,3,test,4,1983100,0,0,0,0,0,0,0
DB3,3,test,4,1983200,0,0,0,0,0,0,0
DB3,3,test,4,1983300,0,0,0,0,0,0,0
DB3,3,test,4,1983400,0,0,0,0,0,0,0
DB3,3,test,4,1983500,0,0,0,0,0,0,0
DB3,3,test,4,1983600,0,0,0,0,0,0,0
DB3,3,test,4,1983700,0,0,0,0,0,0,0
DB3,3,test,4,1983800,0,0,0,0,0,0,0
DB3,3,test,4,1983900,0,0,0,10,0,0,0
DB3,3,test,5,1989000,0,0,7,7,0,0,0
DB3,3,test,5,1989100,0,3,0,10,0,0,0
DB3,3,test,5,1989200,0,0,0,0,0,0,0
DB3,3,test,5,1989300,0,0,0,0,0,0,0
DB3,3,test,5,1989400,0,0,0,0,0,0,0
DB3,3,test,5,1989500,0,0,0,0,0,0,0
DB3,3,test,5,1989600,0,0,0,0,0,0,0
DB3,3,test,5,1989700,0,0,0,0,0,0,0
DB3,3,test,5,1989800,0,0,0,0,0,0,0
DB3,3,test,5,1989900,0,0,0,0,0,0,0
DB3,3,test,5,1990000,0,3,0,0,0,0,0
DB3,3,test,5,1990100,0,0,0,0,0,0,0
DB3,3,test,5,1990200,0,0,0,0,0,0,0
DB3,3,test,5,1990300,0,0,0,0,0,0,0
DB3,3,test,5,1990400,0,0,0,0,0,0,0
DB3,3,test,5,1990500,0,0,0,0,0,0,0
DB3,3,test,5,1990600,0,0,0,0,0,0,0
DB3,3,test,5,1990700,0,0,0,0,0,0,0
DB3,3,test,5,1990800,0,0,0,0,0,0,0
DB3,3,test,5,1990900,0,0,0,0,0,0,0
DB3,3,test,5,1991000,0,3,0,0,0,0,0
DB3,3,test,5,1991100,0,3,0,0,0,0,0
DB3,3,test,5,1991200,0,0,0,0,0,0,0
DB3,3,test,5,1991300,0,0,0,0,0,0,0
DB3,3,test,5,1991400,0,0,0,0,0,0,0
DB3,3,test,5,1991500,0,0,0,0,0,0,0
DB3,3,test,5,1991600,0,0,0,0,0,0,0
DB3,3,test,5,1991700,0,0,0,0,0,0,0
DB3,3,test,5,1991800,0,0,0,0,0,0,0
DB3,3,test,5,1991900,0,0,0,0,0,0,0
DB3,3,test,5,1992000,0,0,0,0,0,0,0
DB3,3,test,5,1992100,0,0,0,0,0,0,0
DB3,3,test,5,1992200,0,0,0,0,0,0,0
DB3,3,test,5,1992300,0,0,0,0,0,0,0
DB3,3,test,5,1992400,0,0,0,0,0,0,0
DB3,3,test,5,1992500,0,0,0,10,0,0,0
DB3,3,test,5,1992600,0,0,0,10,0,0,0
DB3,3,test,5,1992700,0,0,0,0,0,0,0
DB3,3,test,5,1992800,0,4,11,0,0,0,0
DB3,3,test,5,1992900,0,4,9,0,0,0,0
DB3,3,test,5,1993000,0,11,0,0,0,0,0
DB3,3,test,6,1997700,0,0,7,7,0,0,0
DB3,3,test,6,1997800,0,0,0,10,0,0,0
DB3,3,test,6,1997900,0,0,0,0,0,0,0
DB3,3,test,6,1998000,0,0,0,0,0,0,0
DB3,3,test,6,1998100,0,0,0,0,0,0,0
DB3,3,test,6,1998200,0,0,0,0,0,0,0
DB3,3,test,6,1998300,0,0,0,0,0,0,0
DB3,3,test,6,1998400,0,0,0,0,0,0,0
DB3,3,test,6,1998500,0,0,0,0,0,0,0
DB3,3,test,6,1998600,0,0,0,0,0,0,0
DB3,3,test,6,1998700,0,0,0,0,0,0,0
DB3,3,test,6,1998800,0,0,0,0,0,0,0
DB3,3,test,6,1998900,0,0,0,0,0,0,0
DB3,3,test,6,1999000,0,0,0,0,0,0,0
DB3,3,test,6,1999100,0,0,0,0,0,0,0
DB3,3,test,6,1999200,0,0,0,10,0,0,0
DB3,3,test,6,1999300,0,3,3,10,0,0,0
DB3,3,test,6,1999400,0,10,4,0,0,0,0
DB3,3,test,6,1999500,0,0,0,0,0,0,0
DB3,3,test,6,1999600,0,0,0,10,0,0,0
DB3,3,test,6,1999700,0,3,0,0,0,0,0
DB3,3,test,6,1999800,0,3,0,10,0,0,0
DB3,3,test,6,1999900,0,3,0,10,0,0,0
DB3,3,test,6,2000000,0,3,0,7,0,0,0
DB3,3,test,6,2000100,0,3,0,0,0,0,0
DB3,3,test,6,2000200,0,3,0,10,0,0,0
DB3,3,test,6,2000300,0,3,0,10,0,0,0
DB3,3,test,6,2000400,0,3,0,10,0,0,0
DB3,3,test,6,2000500,0,3,0,10,0,0,0
DB3,3,test,6,2000600,0,3,0,0,0,0,0
DB3,3,test,6,2000700,0,3,0,0,0,0,0
DB3,3,test,6,2000800,0,3,0,10,0,0,0
DB3,3,test,6,2000900,0,3,0,10,0,0,0
DB3,3,test,6,2001000,0,3,0,0,0,0,0
DB3,3,test,6,2001100,0,3,0,0,0,0,0
DB3,3,test,6,2001200,0,0,0,0,0,0,0
DB3,3,test,6,2001300,0,3,0,10,0,0,0
DB3,3,test,6,2001400,0,3,0,10,0,0,0
DB3,3,test,6,2001500,0,3,0,0,0,0,0
DB3,3,test,6,2001600,0,3,7,10,0,0,0
DB3,3,test,6,2001700,0,0,0,10,0,0,0
DB3,3,test,6,2001800,0,0,0,0,0,0,0
DB3,3,test,6,2001900,0,0,0,0,0,0,0
DB3,3,test,4,2035600,0,11,11,9,0,11,0
DB3,3,test,4,2035700,0,10,9,9,0,10,0
DB3,3,test,4,2035800,0,10,10,0,0,0,0
DB3,3,test,4,2035900,0,10,10,0,0,0,0
DB3,3,test,4,2036000,0,10,0,0,0,0,0
DB3,3,test,4,2036100,0,10,0,0,0,0,0
DB3,3,test,4,2036200,0,10,0,10,0,0,0
DB3,3,test,4,2036300,0,10,10,10,0,0,0
DB3,3,test,4,2036400,0,10,10,10,0,0,0
DB3,3,test,4,2036500,0,10,0,0,0,0,0
DB3,3,test,4,2036600,0,0,0,0,0,0,0
DB3,3,test,4,2036700,0,10,0,0,0,0,0
DB3,3,test,4,2036800,0,0,0,0,0,0,0
DB3,3,test,4,2036900,0,0,0,0,0,0,0
DB3,3,test,4,2037000,0,0,0,0,0,0,0
DB3,3,test,4,2037100,0,0,0,0,0,0,0
DB3,3,test,4,2037200,0,0,0,0,0,0,0
DB3,3,test,4,2037300,0,0,0,0,0,0,0
DB3,3,test,4,2037400,0,0,0,0,0,0,0
DB3,3,test,4,2037500,0,0,0,0,0,0,0
DB3,3,test,4,2037600,0,0,0,0,0,0,0
DB3,3,test,4,2037700,0,0,0,0,0,0,0
DB3,3,test,4,2037800,0,0,0,0,0,0,0
DB3,3,test,4,2037900,0,0,0,0,0,0,0
DB3,3,test,4,2038000,0,0,0,0,0,0,0
DB3,3,test,4,2038100,0,0,0,0,0,0,0
DB3,3,test,4,2038200,0,0,0,0,0,0,0
DB3,3,test,4,2038300,0,0,0,0,0,0,0
DB3,3,test,4,2038400,0,0,0,0,0,0,0
DB3,3,test,4,2038500,0,0,0,0,0,0,0
DB3,3,test,4,2038600,0,0,0,0,0,0,0
DB3,3,test,4,2038700,0,0,0,0,0,0,0
DB3,3,test,4,2038800,0,0,0,0,0,0,0
DB3,3,test,4,2038900,0,0,0,0,0,0,0
DB3,3,test,4,2039000,0,0,0,0,0,0,0
DB3,3,test,4,2039100,0,0,0,0,0,0,0
DB3,3,test,4,2039200,0,0,0,0,0,0,0
DB3,3,test,4,2039300,0,0,0,0,0,0,0
DB3,3,test,4,2039400,0,0,0,0,0,0,0
DB3,3,test,4,2039500,0,0,0,0,0,0,0
DB3,3,test,4,2039600,0,0,0,0,0,0,0
DB3,3,test,4,2039700,0,0,0,0,0,0,0
DB3,3,test,4,2039800,0,0,0,0,0,0,0
DB3,3,test,4,2039900,0,0,0,0,0,0,0
DB3,3,test,4,2040000,0,0,0,0,0,0,0
DB3,3,test,4,2040100,0,0,0,0,0,0,0
DB3,3,test,4,2040200,0,0,0,10,0,0,0
DB3,3,test,4,2040300,0,5,9,10,0,11,0
DB3,3,test,5,2045200,0,10,4,0,0,0,0
DB3,3,test,5,2045300,0,10,0,0,0,0,0
DB3,3,test,5,2045400,0,0,0,0,0,0,0
DB3,3,test,5,2045500,0,0,0,0,0,0,0
DB3,3,test,5,2045600,0,0,0,0,0,0,0
DB3,3,test,5,2045700,0,0,0,0,0,0,0
DB3,3,test,5,2045800,0,0,0,0,0,0,0
DB3,3,test,5,2045900,0,0,0,0,0,0,0
DB3,3,test,5,2046000,0,0,0,0,0,0,0
DB3,3,test,5,2046100,0,0,0,0,0,0,0
DB3,3,test,5,2046200,0,0,0,0,0,0,0
DB3,3,test,5,2046300,0,0,0,0,0,0,0
DB3,3,test,5,2046400,0,0,0,0,0,0,0
DB3,3,test,5,2046500,0,0,0,0,0,0,0
DB3,3,test,5,2046600,0,0,0,0,0,0,0
DB3,3,test,5,2046700,0,0,0,0,0,0,0
DB3,3,test,5,2046800,0,0,0,0,0,0,0
DB3,3,test,5,2046900,0,0,0,0,0,0,0
DB3,3,test,5,2047000,0,0,0,0,0,0,0
DB3,3,test,5,2047100,0,0,0,0,0,0,0
DB3,3,test,5,2047200,0,0,0,0,0,0,0
DB3,3,test,5,2047300,0,0,0,0,0,0,0
DB3,3,test,5,2047400,0,0,0,0,0,0,0
DB3,3,test,5,2047500,0,0,0,0,0,0,0
DB3,3,test,5,2047600,0,0,0,0,0,0,0
DB3,3,test,5,2047700,0,0,0,0,0,0,0
DB3,3,test,5,2047800,0,0,0,0,0,0,0
DB3,3,test,5,2047900,0,0,0,0,0,0,0
DB3,3,test,5,2048000,0,0,0,0,0,0,0
DB3,3,test,5,2048100,0,0,0,0,0,0,0
DB3,3,test,5,2048200,0,0,0,0,0,0,0
DB3,3,test,5,2048300,0,0,0,0,0,0,0
DB3,3,test,5,2048400,0,0,0,0,0,0,0
DB3,3,test,5,2048500,0,0,0,0,0,0,0
DB3,3,test,5,2048600,0,0,0,0,0,0,0
DB3,3,test,5,2048700,0,0,0,0,0,0,0
DB3,3,test,5,2048800,0,0,0,0,0,0,0
DB3,3,test,5,2048900,0,0,0,0,0,0,0
DB3,3,test,5,2049000,0,0,0,0,0,0,0
DB3,3,test,5,2049100,0,0,0,0,0,0,0
DB3,3,test,5,2049200,0,0,0,0,0,0,0
DB3,3,test,5,2049300,0,0,0,0,0,0,0
DB3,3,test,5,2049400,0,0,0,0,0,0,0
DB3,3,test,5,2049500,0,0,0,0,0,0,0
DB3,3,test,5,2049600,0,0,0,0,0,0,0
DB3,3,test,5,2049700,0,0,0,0,0,0,0
DB3,3,test,5,2049800,0,0,0,0,0,0,0
DB3,3,test,5,2049900,0,0,0,0,0,0,0
DB3,3,test,5,2050000,0,0,0,0,0,0,0
DB3,3,test,5,2050100,0,0,0,0,0,0,0
DB3,3,test,6,2053700,0,11,0,0,0,0,0
DB3,3,test,6,2053800,0,10,0,10,0,0,0
DB3,3,test,6,2053900,0,10,0,0,0,0,0
DB3,3,test,6,2054000,0,10,0,10,0,0,0
DB3,3,test,6,2054100,0,10,0,0,0,0,0
DB3,3,test,6,2054200,0,0,0,0,0,0,0
DB3,3,test,6,2054300,0,0,0,0,0,0,0
DB3,3,test,6,2054400,0,0,0,0,0,0,0
DB3,3,test,6,2054500,0,0,0,0,0,0,0
DB3,3,test,6,2054600,0,0,0,0,0,0,0
DB3,3,test,6,2054700,0,0,0,0,0,0,0
DB3,3,test,6,2054800,0,0,0,0,0,0,0
DB3,3,test,6,2054900,0,0,0,0,0,0,0
DB3,3,test,6,2055000,0,0,0,0,0,0,0
DB3,3,test,6,2055100,0,0,0,0,0,0,0
DB3,3,test,6,2055200,0,0,0,0,0,0,0
DB3,3,test,6,2055300,0,0,0,0,0,0,0
DB3,3,test,6,2055400,0,0,0,0,0,0,0
DB3,3,test,6,2055500,0,0,0,0,0,0,0
DB3,3,test,6,2055600,0,0,0,0,0,0,0
DB3,3,test,6,2055700,0,0,0,0,0,0,0
DB3,3,test,6,2055800,0,0,0,0,0,0,0
DB3,3,test,6,2055900,0,0,0,0,0,0,0
DB3,3,test,6,2056000,0,0,0,0,0,0,0
DB3,3,test,6,2056100,0,0,0,0,0,0,0
DB3,3,test,6,2056200,0,0,0,0,0,0,0
DB3,3,test,6,2056300,0,0,0,0,0,0,0
DB3,3,test,6,2056400,0,0,0,0,0,0,0
DB3,3,test,6,2056500,0,0,0,0,0,0,0
DB3,3,test,6,2056600,0,0,0,0,0,0,0
DB3,3,test,6,2056700,0,0,0,0,0,0,0
DB3,3,test,6,2056800,0,0,0,0,0,0,0
DB3,3,test,6,2056900,0,0,0,0,0,0,0
DB3,3,test,6,2057000,0,0,0,0,0,0,0
DB3,3,test,6,2057100,0,0,0,0,0,0,0
DB3,3,test,6,2057200,0,0,0,0,0,0,0
DB3,3,test,6,2057300,0,0,0,0,0,0,0
DB3,3,test,6,2057400,0,0,0,0,0,0,0
DB3,3,test,6,2057500,0,0,0,0,0,0,0
DB3,3,test,6,2057600,0,0,0,0,0,0,0
DB3,3,test,6,2057700,0,0,0,0,0,0,0
DB3,3,test,6,2057800,0,0,0,0,0,0,0
DB3,3,test,6,2057900,0,0,0,0,0,0,0
DB3,3,test,6,2058000,0,0,0,0,0,0,0
DB3,3,test,6,2058100,0,0,0,0,0,0,0
DB3,3,test,6,2058200,0,0,0,0,0,0,0
DB3,3,test,6,2058300,0,0,0,0,0,0,0
DB3,3,test,6,2058400,0,0,0,0,0,0,0
DB3,3,test,6,2058500,0,0,0,0,0,0,0
DB3,3,test,6,2058600,0,0,0,0,0,0,0
DB3,3,test,6,2058700,0,0,0,0,0,0,0
DB3,3,test,6,2058800,0,0,0,0,0,0,0
DB3,3,test,6,2058900,0,0,0,0,0,0,0
DB3,3,test,6,2059000,0,0,0,0,0,0,0
DB3,3,test,6,2059100,0,0,0,0,0,0,0
DB3,3,test,6,2059200,0,0,0,0,0,0,0
DB3,3,test,4,2092500,0,4,11,11,0,11,0
DB3,3,test,4,2092600,0,11,11,11,0,0,0
DB3,3,test,4,2092700,0,11,0,0,0,0,0
DB3,3,test,4,2092800,0,11,11,0,0,0,0
DB3,3,test,4,2092900,0,11,0,0,0,0,0
DB3,3,test,4,2093000,0,11,0,0,0,0,0
DB3,3,test,4,2093100,0,0,0,0,0,0,0
DB3,3,test,4,2093200,0,0,0,0,0,0,0
DB3,3,test,4,2093300,0,0,0,0,0,0,0
DB3,3,test,4,2093400,0,0,0,0,0,0,0
DB3,3,test,4,2093500,0,0,0,0,0,0,0
DB3,3,test,4,2093600,0,0,0,0,0,0,0
DB3,3,test,4,2093700,0,0,0,0,0,0,0
DB3,3,test,4,2093800,0,0,0,0,0,0,0
DB3,3,test,4,2093900,0,0,0,0,0,0,0
DB3,3,test,4,2094000,0,0,0,0,0,0,0
DB3,3,test,4,2094100,0,0,0,0,0,0,0
DB3,3,test,4,2094200,0,0,0,0,0,0,0
DB3,3,test,4,2094300,0,0,0,0,0,0,0
DB3,3,test,4,2094400,0,0,0,0,0,0,0
DB3,3,test,4,2094500,0,0,0,0,0,0,0
DB3,3,test,4,2094600,0,0,0,0,0,0,0
DB3,3,test,4,2094700,0,0,0,0,0,0,0
DB3,3,test,4,2094800,0,0,0,0,0,0,0
DB3,3,test,4,2094900,0,0,0,0,0,0,0
DB3,3,test,4,2095000,0,0,0,0,0,0,0
DB3,3,test,4,2095100,0,0,0,0,0,0,0
DB3,3,test,4,2095200,0,0,0,0,0,0,0
DB3,3,test,4,2095300,0,0,0,0,0,0,0
DB3,3,test,4,2095400,0,0,0,0,0,0,0
DB3,3,test,4,2095500,0,0,0,0,0,0,0
DB3,3,test,4,2095600,0,0,0,0,0,0,0
DB3,3,test,4,2095700,0,0,0,0,0,0,0
DB3,3,test,4,2095800,0,0,0,0,0,0,0
DB3,3,test,4,2095900,0,0,0,0,0,0,0
DB3,3,test,4,2096000,0,0,0,0,0,0,0
DB3,3,test,4,2096100,0,0,0,0,0,0,0
DB3,3,test,4,2096200,0,0,0,0,0,0,0
DB3,3,test,4,2096300,0,0,0,0,0,0,0
DB3,3,test,4,2096400,0,0,0,0,0,0,0
DB3,3,test,4,2096500,0,0,0,0,0,0,0
DB3,3,test,4,2096600,0,0,0,0,0,0,0
DB3,3,test,4,2096700,0,0,0,0,0,0,0
DB3,3,test,4,2096800,0,0,0,0,0,0,0
DB3,3,test,4,2096900,0,0,0,0,0,0,0
DB3,3,test,4,2097000,0,0,0,0,0,0,0
DB3,3,test,5,2101300,0,10,0,10,0,0,0
DB3,3,test,5,2101400,0,10,4,10,0,0,0
DB3,3,test,5,2101500,0,11,11,10,0,0,0
DB3,3,test,5,2101600,0,11,11,0,0,0,0
DB3,3,test,5,2101700,0,11,11,11,0,0,0
DB3,3,test,5,2101800,0,11,0,11,0,0,0
DB3,3,test,5,2101900,0,11,0,0,0,0,0
DB3,3,test,5,2102000,0,0,0,0,0,0,0
DB3,3,test,5,2102100,0,0,0,0,0,0,0
DB3,3,test,5,2102200,0,0,0,0,0,0,0
DB3,3,test,5,2102300,0,0,0,0,0,0,0
DB3,3,test,5,2102400,0,0,0,0,0,0,0
DB3,3,test,5,2102500,0,0,0,0,0,0,0
DB3,3,test,5,2102600,0,0,0,0,0,0,0
DB3,3,test,5,2102700,0,0,0,0,0,0,0
DB3,3,test,5,2102800,0,0,0,0,0,0,0
DB3,3,test,5,2102900,0,0,0,0,0,0,0
DB3,3,test,5,2103000,0,0,0,0,0,0,0
DB3,3,test,5,2103100,0,0,0,0,0,0,0
DB3,3,test,5,2103200,0,0,0,0,0,0,0
DB3,3,test,5,2103300,0,0,0,0,0,0,0
DB3,3,test,5,2103400,0,0,0,0,0,0,0
DB3,3,test,5,2103500,0,0,0,0,0,0,0
DB3,3,test,5,2103600,0,0,0,0,0,0,0
DB3,3,test,5,2103700,0,0,0,0,0,0,0
DB3,3,test,5,2103800,0,0,0,0,0,0,0
DB3,3,test,5,2103900,0,0,0,0,0,0,0
DB3,3,test,5,2104000,0,0,0,0,0,0,0
DB3,3,test,5,2104100,0,0,0,0,0,0,0
DB3,3,test,5,2104200,0,0,0,0,0,0,0
DB3,3,test,5,2104300,0,0,0,0,0,0,0
DB3,3,test,5,2104400,0,0,0,0,0,0,0
DB3,3,test,5,2104500,0,0,0,0,0,0,0
DB3,3,test,5,2104600,0,0,0,0,0,0,0
DB3,3,test,5,2104700,0,0,0,0,0,0,0
DB3,3,test,5,2104800,0,0,0,0,0,0,0
DB3,3,test,5,2104900,0,0,0,0,0,0,0
DB3,3,test,5,2105000,0,0,0,0,0,0,0
DB3,3,test,5,2105100,0,0,0,0,0,0,0
DB3,3,test,5,2105200,0,0,0,0,0,0,0
DB3,3,test,5,2105300,0,0,0,0,0,0,0
DB3,3,test,5,2105400,0,0,0,0,0,0,0
DB3,3,test,5,2105500,0,0,0,0,0,0,0
DB3,3,test,5,2105600,0,0,0,0,0,0,0
DB3,3,test,5,2105700,0,0,0,0,0,0,0
DB3,3,test,5,2105800,0,0,0,0,0,0,0
DB3,3,test,5,2105900,0,0,0,0,0,0,0
DB3,3,test,5,2106000,0,0,0,0,0,0,0
DB3,3,test,5,2106100,0,0,0,0,0,0,0
DB3,3,test,5,2106200,0,0,0,0,0,0,0
DB3,3,test,5,2106300,0,0,0,0,0,0,0
DB3,3,test,5,2106400,0,0,0,0,0,0,0
DB3,3,test,6,2110200,0,11,11,11,0,11,0
DB3,3,test,6,2110300,0,11,11,11,0,0,0
DB3,3,test,6,2110400,0,11,0,0,0,0,0
DB3,3,test,6,2110500,0,11,0,0,0,0,0
DB3,3,test,6,2110600,0,0,0,0,0,0,0
DB3,3,test,6,2110700,0,0,0,0,0,0,0
DB3,3,test,6,2110800,0,0,0,0,0,0,0
DB3,3,test,6,2110900,0,0,0,0,0,0,0
DB3,3,test,6,2111000,0,0,0,0,0,0,0
DB3,3,test,6,2111100,0,0,0,0,0,0,0
DB3,3,test,6,2111200,0,0,0,0,0,0,0
DB3,3,test,6,2111300,0,0,0,0,0,0,0
DB3,3,test,6,2111400,0,0,0,0,0,0,0
DB3,3,test,6,2111500,0,0,0,0,0,0,0
DB3,3,test,6,2111600,0,3,0,10,0,0,0
DB3,3,test,6,2111700,0,3,0,10,0,0,0
DB3,3,test,6,2111800,0,0,0,0,0,0,0
DB3,3,test,6,2111900,0,0,0,0,0,0,0
DB3,3,test,6,2112000,0,0,0,0,0,0,0
DB3,3,test,6,2112100,0,0,0,0,0,0,0
DB3,3,test,6,2112200,0,0,0,0,0,0,0
DB3,3,test,6,2112300,0,0,0,0,0,0,0
DB3,3,test,6,2112400,0,0,0,0,0,0,0
DB3,3,test,6,2112500,0,3,0,0,0,0,0
DB3,3,test,6,2112600,0,0,0,0,0,0,0
DB3,3,test,6,2112700,0,0,0,0,0,0,0
DB3,3,test,6,2112800,0,0,0,0,0,0,0
DB3,3,test,6,2112900,0,0,0,0,0,0,0
DB3,3,test,6,2113000,0,0,0,0,0,0,0
DB3,3,test,6,2113100,0,0,0,0,0,0,0
DB3,3,test,6,2113200,0,0,0,0,0,0,0
DB3,3,test,6,2113300,0,0,0,0,0,0,0
DB3,3,test,6,2113400,0,0,0,0,0,0,0
DB3,3,test,6,2113500,0,0,0,0,0,0,0
DB3,3,test,6,2113600,0,0,0,0,0,0,0
DB3,3,test,6,2113700,0,0,0,0,0,0,0
DB3,3,test,6,2113800,0,0,0,0,0,0,0
DB3,3,test,6,2113900,0,0,0,0,0,0,0
DB3,3,test,6,2114000,0,0,0,0,0,0,0
DB3,3,test,6,2114100,0,0,0,0,0,0,0
DB3,3,test,6,2114200,0,0,0,0,0,0,0
DB3,3,test,6,2114300,0,0,0,0,0,0,0
DB3,3,test,6,2114400,0,0,0,0,0,0,0
DB3,3,test,6,2114500,0,0,0,0,0,0,0
DB3,3,test,6,2114600,0,0,0,0,0,0,0
DB3,3,test,6,2114700,0,0,0,0,0,0,0
DB3,3,test,6,2114800,0,0,0,0,0,0,0
DB3,3,test,6,2114900,0,0,0,0,0,0,0
DB3,3,test,6,2115000,0,0,0,0,0,0,0
DB3,3,test,6,2115100,0,0,0,0,0,0,0
DB3,3,test,6,2115200,0,0,0,0,0,0,0
DB3,3,test,4,2149100,0,10,0,0,0,0,0
DB3,3,test,4,2149200,0,10,0,0,0,0,0
DB3,3,test,4,2149300,0,0,0,0,0,0,0
DB3,3,test,4,2149400,0,0,0,0,0,0,0
DB3,3,test,4,2149500,0,0,0,0,0,0,0
DB3,3,test,4,2149600,0,0,0,0,0,0,0
DB3,3,test,4,2149700,0,4,10,0,0,0,0
DB3,3,test,4,2149800,0,10,10,10,0,0,0
DB3,3,test,4,2149900,0,10,0,0,0,0,0
DB3,3,test,4,2150000,0,0,0,0,0,0,0
DB3,3,test,4,2150100,0,0,0,0,0,0,0
DB3,3,test,4,2150200,0,0,0,0,0,0,0
DB3,3,test,4,2150300,0,0,0,0,0,0,0
DB3,3,test,4,2150400,0,0,0,0,0,0,0
DB3,3,test,4,2150500,0,0,0,0,0,0,0
DB3,3,test,4,2150600,0,0,0,0,0,0,0
DB3,3,test,4,2150700,0,0,0,0,0,0,0
DB3,3,test,4,2150800,0,0,0,0,0,0,0
DB3,3,test,4,2150900,0,0,0,0,0,0,0
DB3,3,test,4,2151000,0,0,0,0,0,0,0
DB3,3,test,4,2151100,0,0,0,0,0,0,0
DB3,3,test,4,2151200,0,0,0,0,0,0,0
DB3,3,test,4,2151300,0,0,0,0,0,0,0
DB3,3,test,4,2151400,0,0,0,0,0,0,0
DB3,3,test,4,2151500,0,0,0,0,0,0,0
DB3,3,test,4,2151600,0,0,0,0,0,0,0
DB3,3,test,4,2151700,0,0,0,0,0,0,0
DB3,3,test,4,2151800,0,0,0,0,0,0,0
DB3,3,test,4,2151900,0,0,0,0,0,0,0
DB3,3,test,4,2152000,0,0,0,0,0,0,0
DB3,3,test,4,2152100,0,0,0,0,0,0,0
DB3,3,test,4,2152200,0,0,0,0,0,0,0
DB3,3,test,4,2152300,0,0,0,0,0,0,0
DB3,3,test,4,2152400,0,0,0,0,0,0,0
DB3,3,test,4,2152500,0,0,0,0,0,0,0
DB3,3,test,4,2152600,0,0,0,0,0,0,0
DB3,3,test,4,2152700,0,0,0,0,0,0,0
DB3,3,test,4,2152800,0,0,0,0,0,0,0
DB3,3,test,4,2152900,0,0,0,0,0,0,0
DB3,3,test,4,2153000,0,0,0,0,0,0,0
DB3,3,test,4,2153100,0,3,7,0,0,0,0
DB3,3,test,4,2153200,0,3,7,0,0,0,0
DB3,3,test,4,2153300,0,0,0,0,0,0,0
DB3,3,test,4,2153400,0,0,0,0,0,0,0
DB3,3,test,4,2153500,0,0,0,0,0,0,0
DB3,3,test,4,2153600,0,0,0,0,0,0,0
DB3,3,test,4,2153700,0,0,0,0,0,0,0
DB3,3,test,4,2153800,0,0,0,0,0,0,0
DB3,3,test,5,2158600,0,10,0,0,0,0,0
DB3,3,test,5,2158700,0,0,0,0,0,0,0
DB3,3,test,5,2158800,0,0,10,0,0,0,0
DB3,3,test,5,2158900,0,10,10,0,0,0,0
DB3,3,test,5,2159000,0,0,0,0,0,0,0
DB3,3,test,5,2159100,0,0,0,0,0,0,0
DB3,3,test,5,2159200,0,0,0,0,0,0,0
DB3,3,test,5,2159300,0,0,0,0,0,0,0
DB3,3,test,5,2159400,0,0,0,0,0,0,0
DB3,3,test,5,2159500,0,0,0,0,0,0,0
DB3,3,test,5,2159600,0,0,0,0,0,0,0
DB3,3,test,5,2159700,0,0,0,0,0,0,0
DB3,3,test,5,2159800,0,0,0,0,0,0,0
DB3,3,test,5,2159900,0,0,0,0,0,0,0
DB3,3,test,5,2160000,0,0,0,0,0,0,0
DB3,3,test,5,2160100,0,0,0,0,0,0,0
DB3,3,test,5,2160200,0,0,0,0,0,0,0
DB3,3,test,5,2160300,0,0,0,0,0,0,0
DB3,3,test,5,2160400,0,0,0,0,0,0,0
DB3,3,test,5,2160500,0,0,0,0,0,0,0
DB3,3,test,5,2160600,0,0,0,0,0,0,0
DB3,3,test,5,2160700,0,0,0,0,0,0,0
DB3,3,test,5,2160800,0,0,0,0,0,0,0
DB3,3,test,5,2160900,0,0,0,0,0,0,0
DB3,3,test,5,2161000,0,0,0,0,0,0,0
DB3,3,test,5,2161100,0,0,0,0,0,0,0
DB3,3,test,5,2161200,0,0,0,0,0,0,0
DB3,3,test,5,2161300,0,0,0,0,0,0,0
DB3,3,test,5,2161400,0,0,0,0,0,0,0
DB3,3,test,5,2161500,0,0,0,0,0,0,0
DB3,3,test,5,2161600,0,0,0,0,0,0,0
DB3,3,test,5,2161700,0,0,0,0,0,0,0
DB3,3,test,5,2161800,0,0,0,0,0,0,0
DB3,3,test,5,2161900,0,0,0,0,0,0,0
DB3,3,test,5,2162000,0,0,0,0,0,0,0
DB3,3,test,5,2162100,0,0,0,0,0,0,0
DB3,3,test,5,2162200,0,0,0,0,0,0,0
DB3,3,test,5,2162300,0,0,0,0,0,0,0
DB3,3,test,5,2162400,0,0,0,0,0,0,0
DB3,3,test,5,2162500,0,0,0,0,0,0,0
DB3,3,test,5,2162600,0,0,0,0,0,0,0
DB3,3,test,6,2167400,0,0,0,0,0,0,0
DB3,3,test,6,2167500,0,0,0,0,0,0,0
DB3,3,test,6,2167600,0,10,10,0,0,0,0
DB3,3,test,6,2167700,0,10,10,0,0,0,0
DB3,3,test,6,2167800,0,0,0,0,0,0,0
DB3,3,test,6,2167900,0,0,0,0,0,0,0
DB3,3,test,6,2168000,0,0,0,0,0,0,0
DB3,3,test,6,2168100,0,0,0,0,0,0,0
DB3,3,test,6,2168200,0,0,0,0,0,0,0
DB3,3,test,6,2168300,0,0,0,0,0,0,0
DB3,3,test,6,2168400,0,0,0,0,0,0,0
DB3,3,test,6,2168500,0,0,0,0,0,0,0
DB3,3,test,6,2168600,0,0,0,0,0,0,0
DB3,3,test,6,2168700,0,0,0,0,0,0,0
DB3,3,test,6,2168800,0,0,0,0,0,0,0
DB3,3,test,6,2168900,0,0,0,0,0,0,0
DB3,3,test,6,2169000,0,0,0,0,0,0,0
DB3,3,test,6,2169100,0,0,0,0,0,0,0
DB3,3,test,6,2169200,0,0,0,0,0,0,0
DB3,3,test,6,2169300,0,0,0,0,0,0,0
DB3,3,test,6,2169400,0,0,0,0,0,0,0
DB3,3,test,6,2169500,0,0,0,0,0,0,0
DB3,3,test,6,2169600,0,0,0,0,0,0,0
DB3,3,test,6,2169700,0,0,0,0,0,0,0
DB3,3,test,6,2169800,0,0,0,0,0,0,0
DB3,3,test,6,2169900,0,0,0,0,0,0,0
DB3,3,test,6,2170000,0,0,0,0,0,0,0
DB3,3,test,6,2170100,0,0,0,0,0,0,0
DB3,3,test,6,2170200,0,0,0,0,0,0,0
DB3,3,test,6,2170300,0,0,0,0,0,0,0
DB3,3,test,6,2170400,0,0,0,0,0,0,0
DB3,3,test,6,2170500,0,0,0,0,0,0,0
DB3,3,test,6,2170600,0,0,0,0,0,0,0
DB3,3,test,6,2170700,0,0,0,0,0,0,0
DB3,3,test,6,2170800,0,0,0,0,0,0,0
DB3,3,test,6,2170900,0,0,0,0,0,0,0
DB3,3,test,6,2171000,0,0,0,0,0,0,0
DB3,3,test,6,2171100,0,0,0,0,0,0,0
DB3,3,test,6,2171200,0,0,0,0,0,0,0
DB3,3,test,6,2171300,0,0,0,0,0,0,0
DB3,3,test,6,2171400,0,10,10,10,0,0,0
DB3,3,test,6,2171500,0,10,10,9,9,11,0
DB3,3,test,6,2171600,0,4,9,9,9,8,0
DB3,3,test,4,2199600,0,10,0,0,0,0,0
DB3,3,test,4,2199700,0,0,0,0,0,0,0
DB3,3,test,4,2199800,0,0,0,0,0,0,0
DB3,3,test,4,2199900,0,0,0,0,0,0,0
DB3,3,test,4,2200000,0,10,0,0,0,0,0
DB3,3,test,4,2200100,0,10,0,0,0,0,0
DB3,3,test,4,2200200,0,10,0,0,0,0,0
DB3,3,test,4,2200300,0,10,10,0,0,0,0
DB3,3,test,4,2200400,0,10,0,0,0,0,0
DB3,3,test,4,2200500,0,10,0,0,0,0,0
DB3,3,test,4,2200600,0,0,0,0,0,0,0
DB3,3,test,4,2200700,0,0,0,0,0,0,0
DB3,3,test,4,2200800,0,0,0,0,0,0,0
DB3,3,test,4,2200900,0,0,0,0,0,0,0
DB3,3,test,4,2201000,0,0,0,0,0,0,0
DB3,3,test,4,2201100,0,0,0,0,0,0,0
DB3,3,test,4,2201200,0,0,0,0,0,0,0
DB3,3,test,4,2201300,0,0,0,0,0,0,0
DB3,3,test,4,2201400,0,0,0,0,0,0,0
DB3,3,test,4,2201500,0,0,0,0,0,0,0
DB3,3,test,4,2201600,0,0,0,0,0,0,0
DB3,3,test,4,2201700,0,0,0,0,0,0,0
DB3,3,test,4,2201800,0,0,0,0,0,0,0
DB3,3,test,4,2201900,0,0,0,0,0,0,0
DB3,3,test,4,2202000,0,0,0,0,0,0,0
DB3,3,test,4,2202100,0,0,0,0,0,0,0
DB3,3,test,4,2202200,0,0,0,0,0,0,0
DB3,3,test,4,2202300,0,0,0,0,0,0,0
DB3,3,test,4,2202400,0,0,0,0,0,0,0
DB3,3,test,4,2202500,0,0,0,0,0,0,0
DB3,3,test,4,2202600,0,0,0,0,0,0,0
DB3,3,test,4,2202700,0,0,0,0,0,0,0
DB3,3,test,4,2202800,0,0,0,0,0,0,0
DB3,3,test,4,2202900,0,0,0,0,0,0,0
DB3,3,test,4,2203000,0,0,0,0,0,0,0
DB3,3,test,4,2203100,0,0,0,0,0,0,0
DB3,3,test,4,2203200,0,0,0,0,0,0,0
DB3,3,test,4,2203300,0,0,0,0,0,0,0
DB3,3,test,4,2203400,0,0,0,0,0,0,0
DB3,3,test,4,2203500,0,0,0,0,0,0,0
DB3,3,test,4,2203600,0,0,0,0,0,0,0
DB3,3,test,4,2203700,0,0,0,0,0,0,0
DB3,3,test,5,2207300,0,10,0,10,0,0,0
DB3,3,test,5,2207400,0,11,0,10,0,0,0
DB3,3,test,5,2207500,0,10,0,10,0,0,0
DB3,3,test,5,2207600,0,11,0,10,0,0,0
DB3,3,test,5,2207700,0,11,0,6,0,0,0
DB3,3,test,5,2207800,0,0,0,0,0,0,0
DB3,3,test,5,2207900,0,11,0,6,0,0,0
DB3,3,test,5,2208000,0,11,0,6,0,0,0
DB3,3,test,5,2208100,0,0,0,6,0,0,0
DB3,3,test,5,2208200,0,0,0,0,0,0,0
DB3,3,test,5,2208300,0,11,0,7,0,0,0
DB3,3,test,5,2208400,0,11,0,7,0,0,0
DB3,3,test,5,2208500,0,11,0,6,0,0,0
DB3,3,test,5,2208600,0,11,0,7,0,0,0
DB3,3,test,5,2208700,0,11,0,6,0,0,0
DB3,3,test,5,2208800,0,11,0,6,0,0,0
DB3,3,test,5,2208900,0,11,0,6,0,0,0
DB3,3,test,5,2209000,0,0,0,0,0,0,0
DB3,3,test,5,2209100,0,11,0,10,0,0,0
DB3,3,test,5,2209200,0,11,0,6,0,0,0
DB3,3,test,5,2209300,0,11,0,5,0,0,0
DB3,3,test,5,2209400,0,11,0,6,0,0,0
DB3,3,test,5,2209500,0,0,0,0,0,0,0
DB3,3,test,5,2209600,0,11,0,10,0,0,0
DB3,3,test,5,2209700,0,11,0,6,0,0,0
DB3,3,test,5,2209800,0,11,0,6,0,0,0
DB3,3,test,5,2209900,0,11,0,6,0,0,0
DB3,3,test,5,2210000,0,11,0,10,0,0,0
DB3,3,test,5,2210100,0,0,0,0,0,0,0
DB3,3,test,5,2210200,0,0,0,0,0,0,0
DB3,3,test,5,2210300,0,11,0,6,0,0,0
DB3,3,test,5,2210400,0,11,0,0,0,0,0
DB3,3,test,5,2210500,0,10,0,0,0,0,0
DB3,3,test,5,2210600,0,10,10,10,0,0,0
DB3,3,test,5,2210700,0,10,10,10,0,10,0
DB3,3,test,5,2210800,0,10,4,5,0,10,0
DB3,3,test,5,2210900,0,10,10,9,9,10,0
DB3,3,test,5,2211000,0,5,4,8,8,4,0
DB3,3,test,5,2211100,0,10,10,4,4,11,0
DB3,3,test,5,2211200,0,10,10,4,0,10,0
DB3,3,test,5,2211300,0,10,4,4,0,4,0
DB3,3,test,5,2211400,0,10,4,4,0,4,0
DB3,3,test,5,2211500,0,10,10,10,0,10,0
DB3,3,test,5,2211600,0,10,10,10,0,0,0
DB3,3,test,5,2211700,0,10,10,9,0,0,0
DB3,3,test,5,2211800,0,10,10,0,0,0,0
DB3,3,test,5,2211900,0,10,10,0,0,0,0
DB3,3,test,5,2212000,0,10,10,9,0,0,0
DB3,3,test,5,2212100,0,10,10,9,0,10,0
DB3,3,test,5,2212200,0,10,10,0,0,0,0
DB3,3,test,5,2212300,0,10,10,0,0,10,0
DB3,3,test,5,2212400,0,10,10,9,0,0,0
DB3,3,test,5,2212500,0,10,10,9,0,0,0
DB3,3,test,5,2212600,0,10,4,9,0,0,0
DB3,3,test,5,2212700,0,10,4,0,0,0,0
DB3,3,test,6,2215400,0,10,11,10,0,0,0
DB3,3,test,6,2215500,0,10,10,10,0,0,0
DB3,3,test,6,2215600,0,10,10,0,0,0,0
DB3,3,test,6,2215700,0,10,0,0,0,0,0
DB3,3,test,6,2215800,0,10,0,0,0,0,0
DB3,3,test,6,2215900,0,11,0,0,0,0,0
DB3,3,test,6,2216000,0,0,0,0,0,0,0
DB3,3,test,6,2216100,0,10,0,0,0,0,0
DB3,3,test,6,2216200,0,10,0,0,0,0,0
DB3,3,test,6,2216300,0,11,0,0,0,0,0
DB3,3,test,6,2216400,0,11,0,0,0,0,0
DB3,3,test,6,2216500,0,11,0,0,0,0,0
DB3,3,test,6,2216600,0,11,0,0,0,0,0
DB3,3,test,6,2216700,0,11,0,0,0,0,0
DB3,3,test,6,2216800,0,0,0,0,0,0,0
DB3,3,test,6,2216900,0,0,0,0,0,0,0
DB3,3,test,6,2217000,0,0,0,0,0,0,0
DB3,3,test,6,2217100,0,11,0,0,0,0,0
DB3,3,test,6,2217200,0,0,0,0,0,0,0
DB3,3,test,6,2217300,0,11,0,0,0,0,0
DB3,3,test,6,2217400,0,0,0,0,0,0,0
DB3,3,test,6,2217500,0,0,0,0,0,0,0
DB3,3,test,6,2217600,0,0,0,0,0,0,0
DB3,3,test,6,2217700,0,0,0,0,0,0,0
DB3,3,test,6,2217800,0,0,0,0,0,0,0
DB3,3,test,6,2217900,0,11,0,0,0,0,0
DB3,3,test,6,2218000,0,10,0,0,0,0,0
DB3,3,test,6,2218100,0,0,0,0,0,0,0
DB3,3,test,6,2218200,0,11,0,0,0,0,0
DB3,3,test,6,2218300,0,0,0,0,0,0,0
DB3,3,test,6,2218400,0,0,0,0,0,0,0
DB3,3,test,6,2218500,0,11,0,0,0,0,0
DB3,3,test,6,2218600,0,10,0,0,0,0,0
DB3,3,test,6,2218700,0,10,10,1,0,10,0
DB3,3,test,6,2218800,0,10,10,1,0,10,0
DB3,3,test,6,2218900,0,10,10,1,0,0,0
DB3,3,test,6,2219000,0,10,10,1,0,0,0
DB3,3,test,6,2219100,0,10,10,1,0,10,0
DB3,3,test,6,2219200,0,10,4,1,0,10,0
DB3,3,test,6,2219300,0,10,4,1,0,4,0
DB3,3,test,6,2219400,0,10,4,1,0,10,0
DB3,3,test,6,2219500,0,10,10,1,0,10,0
DB3,3,test,6,2219600,0,10,10,1,0,10,0
DB3,3,test,6,2219700,0,10,10,1,0,10,0
DB3,3,test,6,2219800,0,10,11,1,0,0,0
DB3,3,test,6,2219900,0,10,0,1,0,0,0
DB3,3,test,6,2220000,0,10,0,1,0,0,0
DB3,3,test,6,2220100,0,10,0,6,0,0,0
DB3,3,test,6,2220200,0,0,0,0,0,0,0
DB3,3,test,6,2220300,0,11,0,0,0,0,0
DB3,3,test,6,2220400,0,10,0,1,0,0,0
DB3,3,test,6,2220500,0,10,10,1,0,10,0
DB3,3,test,6,2220600,0,10,10,1,0,0,0
DB3,3,test,6,2220700,0,10,10,10,0,0,0
DB3,3,test,6,2220800,0,10,10,0,0,10,0
DB3,3,test,4,2246200,0,0,0,0,0,0,0
DB3,3,test,4,2246300,0,11,0,0,0,0,0
DB3,3,test,4,2246400,0,0,0,0,0,0,0
DB3,3,test,4,2246500,0,0,0,0,0,0,0
DB3,3,test,4,2246600,0,11,0,0,0,0,0
DB3,3,test,4,2246700,0,0,0,0,0,0,0
DB3,3,test,4,2246800,0,11,0,0,0,0,0
DB3,3,test,4,2246900,0,11,0,10,0,0,0
DB3,3,test,4,2247000,0,0,0,0,0,0,0
DB3,3,test,4,2247100,0,0,0,0,0,0,0
DB3,3,test,4,2247200,0,0,0,0,0,0,0
DB3,3,test,4,2247300,0,0,0,0,0,0,0
DB3,3,test,4,2247400,0,0,0,0,0,0,0
DB3,3,test,4,2247500,0,0,0,0,0,0,0
DB3,3,test,4,2247600,0,0,0,0,0,0,0
DB3,3,test,4,2247700,0,0,0,0,0,0,0
DB3,3,test,4,2247800,0,0,0,0,0,0,0
DB3,3,test,4,2247900,0,0,0,0,0,0,0
DB3,3,test,4,2248000,0,0,0,0,0,0,0
DB3,3,test,4,2248100,0,0,0,0,0,0,0
DB3,3,test,4,2248200,0,0,0,0,0,0,0
DB3,3,test,4,2248300,0,0,0,0,0,0,0
DB3,3,test,4,2248400,0,0,0,0,0,0,0
DB3,3,test,4,2248500,0,0,0,0,0,0,0
DB3,3,test,4,2248600,0,0,0,0,0,0,0
DB3,3,test,4,2248700,0,0,0,0,0,0,0
DB3,3,test,4,2248800,0,0,0,0,0,0,0
DB3,3,test,4,2248900,0,0,0,0,0,0,0
DB3,3,test,4,2249000,0,0,0,0,0,0,0
DB3,3,test,4,2249100,0,0,0,0,0,0,0
DB3,3,test,4,2249200,0,0,0,0,0,0,0
DB3,3,test,4,2249300,0,0,0,0,0,0,0
DB3,3,test,4,2249400,0,0,0,0,0,0,0
DB3,3,test,4,2249500,0,0,0,0,0,0,0
DB3,3,test,4,2249600,0,0,0,0,0,0,0
DB3,3,test,4,2249700,0,0,0,0,0,0,0
DB3,3,test,4,2249800,0,0,0,0,0,0,0
DB3,3,test,4,2249900,0,0,0,0,0,0,0
DB3,3,test,4,2250000,0,0,0,0,0,0,0
DB3,3,test,4,2250100,0,0,0,0,0,0,0
DB3,3,test,4,2250200,0,0,0,0,0,0,0
DB3,3,test,4,2250300,0,0,0,0,0,0,0
DB3,3,test,4,2250400,0,0,0,0,0,0,0
DB3,3,test,4,2250500,0,0,0,0,0,0,0
DB3,3,test,4,2250600,0,0,0,0,0,0,0
DB3,3,test,4,2250700,0,0,0,0,0,0,0
DB3,3,test,4,2250800,0,0,0,0,0,0,0
DB3,3,test,4,2250900,0,0,0,0,0,0,0
DB3,3,test,4,2251000,0,0,0,0,0,0,0
DB3,3,test,4,2251100,0,0,0,0,0,0,0
DB3,3,test,4,2251200,0,0,0,0,0,0,0
DB3,3,test,4,2251300,0,0,0,0,0,0,0
DB3,3,test,4,2251400,0,0,0,0,0,0,0
DB3,3,test,4,2251500,0,0,0,0,0,0,0
DB3,3,test,4,2251600,0,0,0,0,0,0,0
DB3,3,test,4,2251700,0,0,0,0,0,0,0
DB3,3,test,4,2251800,0,0,0,0,0,0,0
DB3,3,test,4,2251900,0,0,0,0,0,0,0
DB3,3,test,4,2252000,0,0,0,0,0,0,0
DB3,3,test,4,2252100,0,0,0,0,0,0,0
DB3,3,test,4,2252200,0,0,0,0,0,0,0
DB3,3,test,4,2252300,0,0,0,0,0,0,0
DB3,3,test,4,2252400,0,0,0,0,0,0,0
DB3,3,test,4,2252500,0,0,0,0,0,0,0
DB3,3,test,4,2252600,0,0,0,0,0,0,0
DB3,3,test,4,2252700,0,0,0,0,0,0,0
DB3,3,test,4,2252800,0,0,0,0,0,0,0
DB3,3,test,4,2252900,0,10,0,0,0,0,0
DB3,3,test,5,2256300,0,0,0,0,0,0,0
DB3,3,test,5,2256400,0,0,0,0,0,0,0
DB3,3,test,5,2256500,0,0,0,0,0,0,0
DB3,3,test,5,2256600,0,0,0,0,0,0,0
DB3,3,test,5,2256700,0,0,0,0,0,0,0
DB3,3,test,5,2256800,0,0,0,0,0,0,0
DB3,3,test,5,2256900,0,0,0,0,0,0,0
DB3,3,test,5,2257000,0,0,0,0,0,0,0
DB3,3,test,5,2257100,0,0,0,0,0,0,0
DB3,3,test,5,2257200,0,0,0,0,0,0,0
DB3,3,test,5,2257300,0,0,0,0,0,0,0
DB3,3,test,5,2257400,0,0,0,0,0,0,0
DB3,3,test,5,2257500,0,0,0,0,0,0,0
DB3,3,test,5,2257600,0,0,0,0,0,0,0
DB3,3,test,5,2257700,0,0,0,0,0,0,0
DB3,3,test,5,2257800,0,0,0,0,0,0,0
DB3,3,test,5,2257900,0,0,0,0,0,0,0
DB3,3,test,5,2258000,0,0,0,0,0,0,0
DB3,3,test,5,2258100,0,0,0,0,0,0,0
DB3,3,test,5,2258200,0,0,0,0,0,0,0
DB3,3,test,5,2258300,0,0,0,0,0,0,0
DB3,3,test,5,2258400,0,0,0,0,0,0,0
DB3,3,test,5,2258500,0,0,0,0,0,0,0
DB3,3,test,5,2258600,0,0,0,0,0,0,0
DB3,3,test,5,2258700,0,0,0,0,0,0,0
DB3,3,test,5,2258800,0,0,0,0,0,0,0
DB3,3,test,5,2258900,0,0,0,0,0,0,0
DB3,3,test,5,2259000,0,0,0,0,0,0,0
DB3,3,test,5,2259100,0,0,0,0,0,0,0
DB3,3,test,5,2259200,0,11,0,0,0,0,0
DB3,3,test,5,2259300,0,0,0,0,0,0,0
DB3,3,test,5,2259400,0,0,0,0,0,0,0
DB3,3,test,5,2259500,0,0,0,0,0,0,0
DB3,3,test,5,2259600,0,0,0,0,0,0,0
DB3,3,test,5,2259700,0,0,0,0,0,0,0
DB3,3,test,5,2259800,0,0,0,0,0,0,0
DB3,3,test,5,2259900,0,0,0,0,0,0,0
DB3,3,test,5,2260000,0,0,0,0,0,0,0
DB3,3,test,5,2260100,0,0,0,0,0,0,0
DB3,3,test,5,2260200,0,0,0,0,0,0,0
DB3,3,test,5,2260300,0,0,0,0,0,0,0
DB3,3,test,6,2266600,0,0,0,0,0,0,0
DB3,3,test,6,2266700,0,0,0,0,0,0,0
DB3,3,test,6,2266800,0,0,0,0,0,0,0
DB3,3,test,6,2266900,0,0,0,0,0,0,0
DB3,3,test,6,2267000,0,0,0,0,0,0,0
DB3,3,test,6,2267100,0,0,0,0,0,0,0
DB3,3,test,6,2267200,0,0,0,0,0,0,0
DB3,3,test,6,2267300,0,0,0,0,0,0,0
DB3,3,test,6,2267400,0,0,0,0,0,0,0
DB3,3,test,6,2267500,0,0,0,0,0,0,0
DB3,3,test,6,2267600,0,0,0,0,0,0,0
DB3,3,test,6,2267700,0,0,0,0,0,0,0
DB3,3,test,6,2267800,0,0,0,0,0,0,0
DB3,3,test,6,2267900,0,0,0,0,0,0,0
DB3,3,test,6,2268000,0,0,0,0,0,0,0
DB3,3,test,6,2268100,0,0,0,0,0,0,0
DB3,3,test,6,2268200,0,0,0,0,0,0,0
DB3,3,test,6,2268300,0,0,0,0,0,0,0
DB3,3,test,6,2268400,0,0,0,0,0,0,0
DB3,3,test,4,2299000,0,0,0,0,0,0,0
DB3,3,test,4,2299100,0,0,0,0,0,0,0
DB3,3,test,4,2299200,0,0,0,0,0,0,0
DB3,3,test,4,2299300,0,0,0,0,0,0,0
DB3,3,test,4,2299400,0,0,0,0,0,0,0
DB3,3,test,4,2299500,0,0,0,0,0,0,0
DB3,3,test,4,2299600,0,0,0,0,0,0,0
DB3,3,test,4,2299700,0,0,0,0,0,0,0
DB3,3,test,4,2299800,0,0,0,0,0,0,0
DB3,3,test,4,2299900,0,0,0,0,0,0,0
DB3,3,test,4,2300000,0,0,0,0,0,0,0
DB3,3,test,4,2300100,0,0,0,0,0,0,0
DB3,3,test,4,2300200,0,0,0,0,0,0,0
DB3,3,test,4,2300300,0,0,0,0,0,0,0
DB3,3,test,4,2300400,0,0,0,0,0,0,0
DB3,3,test,4,2300500,0,0,0,0,0,0,0
DB3,3,test,4,2300600,0,0,0,0,0,0,0
DB3,3,test,4,2300700,0,0,0,0,0,0,0
DB3,3,test,4,2300800,0,0,0,0,0,0,0
DB3,3,test,5,2307100,0,0,0,0,0,0,0
DB3,3,test,5,2307200,0,0,0,0,0,0,0
DB3,3,test,5,2307300,0,0,0,0,0,0,0
DB3,3,test,5,2307400,0,0,0,0,0,0,0
DB3,3,test,5,2307500,0,0,0,0,0,0,0
DB3,3,test,5,2307600,0,0,0,0,0,0,0
DB3,3,test,5,2307700,0,0,0,0,0,0,0
DB3,3,test,5,2307800,0,0,0,0,0,0,0
DB3,3,test,5,2307900,0,0,0,0,0,0,0
DB3,3,test,5,2308000,0,0,0,0,0,0,0
DB3,3,test,5,2308100,0,0,0,0,0,0,0
DB3,3,test,5,2308200,0,0,0,0,0,0,0
DB3,3,test,5,2308300,0,0,0,0,0,0,0
DB3,3,test,5,2308400,0,0,0,0,0,0,0
DB3,3,test,5,2308500,0,0,0,0,0,0,0
DB3,3,test,5,2308600,0,0,0,0,0,0,0
DB3,3,test,5,2308700,0,0,0,0,0,0,0
DB3,3,test,5,2308800,0,0,0,0,0,0,0
DB3,3,test,5,2308900,0,0,0,0,0,0,0
DB3,3,test,6,2315200,0,0,0,0,0,0,0
DB3,3,test,6,2315300,0,0,0,0,0,0,0
DB3,3,test,6,2315400,0,0,0,0,0,0,0
DB3,3,test,6,2315500,0,0,0,0,0,0,0
DB3,3,test,6,2315600,0,0,0,0,0,0,0
DB3,3,test,6,2315700,0,0,0,0,0,0,0
DB3,3,test,6,2315800,0,0,0,0,0,0,0
DB3,3,test,6,2315900,0,0,0,0,0,0,0
DB3,3,test,6,2316000,0,0,0,0,0,0,0
DB3,3,test,6,2316100,0,0,0,0,0,0,0
DB3,3,test,6,2316200,0,0,0,0,0,0,0
DB3,3,test,6,2316300,0,0,0,0,0,0,0
DB3,3,test,6,2316400,0,0,0,0,0,0,0
DB3,3,test,6,2316500,0,0,0,0,0,0,0
DB3,3,test,6,2316600,0,0,0,0,0,0,0
DB3,3,test,6,2316700,0,0,0,0,0,0,0
DB3,3,test,6,2316800,0,0,0,0,0,0,0
DB3,3,test,6,2316900,0,0,0,0,0,0,0
DB3,3,test,6,2317000,0,0,0,0,0,0,0
DB3,3,test,6,2317100,0,0,0,0,0,0,0
DB3,3,test,6,2317200,0,0,0,0,0,0,0
DB3,3,test,4,2346200,0,0,0,0,0,0,0
DB3,3,test,4,2346300,0,0,0,0,0,0,0
DB3,3,test,4,2346400,0,0,0,0,0,0,0
DB3,3,test,4,2346500,0,0,0,0,0,0,0
DB3,3,test,4,2346600,0,0,0,0,0,0,0
DB3,3,test,4,2346700,0,0,0,0,0,0,0
DB3,3,test,4,2346800,0,0,0,0,0,0,0
DB3,3,test,4,2346900,0,0,0,0,0,0,0
DB3,3,test,4,2347000,0,0,0,0,0,0,0
DB3,3,test,4,2347100,0,0,0,0,0,0,0
DB3,3,test,4,2347200,0,0,0,0,0,0,0
DB3,3,test,4,2347300,0,0,0,0,0,0,0
DB3,3,test,4,2347400,0,0,0,0,0,0,0
DB3,3,test,4,2347500,0,0,0,0,0,0,0
DB3,3,test,4,2347600,0,0,0,0,0,0,0
DB3,3,test,4,2347700,0,0,0,0,0,0,0
DB3,3,test,4,2347800,0,0,0,0,0,0,0
DB3,3,test,4,2347900,0,0,0,0,0,0,0
DB3,3,test,4,2348000,0,0,0,0,0,0,0
DB3,3,test,4,2348100,0,0,0,0,0,0,0
DB3,3,test,4,2348200,0,0,0,0,0,0,0
DB3,3,test,4,2348300,0,0,0,0,0,0,0
DB3,3,test,4,2348400,0,0,0,0,0,0,0
DB3,3,test,4,2348500,0,0,0,0,0,0,0
DB3,3,test,4,2348600,0,0,0,0,0,0,0
DB3,3,test,4,2348700,0,0,0,0,0,0,0
DB3,3,test,4,2348800,0,0,0,0,0,0,0
DB3,3,test,4,2348900,0,0,0,0,0,0,0
DB3,3,test,4,2349000,0,0,0,0,0,0,0
DB3,3,test,4,2349100,0,0,0,0,0,0,0
DB3,3,test,4,2349200,0,0,0,0,0,0,0
DB3,3,test,4,2349300,0,0,0,0,0,0,0
DB3,3,test,4,2349400,0,0,0,0,0,0,0
DB3,3,test,4,2349500,0,0,0,0,0,0,0
DB3,3,test,4,2349600,0,0,0,0,0,0,0
DB3,3,test,4,2349700,0,0,0,0,0,0,0
DB3,3,test,4,2349800,0,0,0,0,0,0,0
DB3,3,test,4,2349900,0,0,0,0,0,0,0
DB3,3,test,4,2350000,0,0,0,0,0,0,0
DB3,3,test,4,2350100,0,0,0,0,0,0,0
DB3,3,test,4,2350200,0,0,0,0,0,0,0
DB3,3,test,4,2350300,0,0,0,0,0,0,0
DB3,3,test,5,2353400,0,0,0,0,0,0,0
DB3,3,test,5,2353500,0,0,0,0,0,0,0
DB3,3,test,5,2353600,0,0,0,0,0,0,0
DB3,3,test,5,2353700,0,0,0,0,0,0,0
DB3,3,test,5,2353800,0,0,0,0,0,0,0
DB3,3,test,5,2353900,0,0,0,0,0,0,0
DB3,3,test,5,2354000,0,0,0,0,0,0,0
DB3,3,test,5,2354100,0,0,0,0,0,0,0
DB3,3,test,5,2354200,0,0,0,0,0,0,0
DB3,3,test,5,2354300,0,0,0,0,0,0,0
DB3,3,test,5,2354400,0,0,0,0,0,0,0
DB3,3,test,5,2354500,0,0,0,0,0,0,0
DB3,3,test,5,2354600,0,0,0,0,0,0,0
DB3,3,test,5,2354700,0,0,0,0,0,0,0
DB3,3,test,5,2354800,0,0,0,0,0,0,0
DB3,3,test,5,2354900,0,0,0,0,0,0,0
DB3,3,test,5,2355000,0,0,0,0,0,0,0
DB3,3,test,5,2355100,0,0,0,0,0,0,0
DB3,3,test,5,2355200,0,0,0,0,0,0,0
DB3,3,test,5,2355300,0,0,0,0,0,0,0
DB3,3,test,5,2355400,0,0,0,0,0,0,0
DB3,3,test,5,2355500,0,0,0,0,0,0,0
DB3,3,test,5,2355600,0,0,0,0,0,0,0
DB3,3,test,5,2355700,0,0,0,0,0,0,0
DB3,3,test,5,2355800,0,0,0,0,0,0,0
DB3,3,test,5,2355900,0,0,0,0,0,0,0
DB3,3,test,5,2356000,0,0,0,0,0,0,0
DB3,3,test,5,2356100,0,0,0,0,0,0,0
DB3,3,test,5,2356200,0,0,0,0,0,0,0
DB3,3,test,5,2356300,0,0,0,0,0,0,0
DB3,3,test,5,2356400,0,0,0,0,0,0,0
DB3,3,test,5,2356500,0,0,0,0,0,0,0
DB3,3,test,5,2356600,0,0,0,0,0,0,0
DB3,3,test,5,2356700,0,0,0,0,0,0,0
DB3,3,test,5,2356800,0,0,0,0,0,0,0
DB3,3,test,5,2356900,0,0,0,0,0,0,0
DB3,3,test,5,2357000,0,0,0,0,0,0,0
DB3,3,test,5,2357100,0,0,0,0,0,0,0
DB3,3,test,5,2357200,0,0,0,0,0,0,0
DB3,3,test,5,2357300,0,0,0,0,0,0,0
DB3,3,test,5,2357400,0,0,0,0,0,0,0
DB3,3,test,5,2357500,0,0,0,0,0,0,0
DB3,3,test,5,2357600,0,0,0,0,0,0,0
DB3,3,test,5,2357700,0,0,0,0,0,0,0
DB3,3,test,5,2357800,0,0,0,0,0,0,0
DB3,3,test,5,2357900,0,0,0,0,0,0,0
DB3,3,test,5,2358000,0,0,0,0,0,0,0
DB3,3,test,5,2358100,0,0,0,0,0,0,0
DB3,3,test,5,2358200,0,0,0,0,0,0,0
DB3,3,test,5,2358300,0,0,0,0,0,0,0
DB3,3,test,5,2358400,0,0,0,0,0,0,0
DB3,3,test,5,2358500,0,0,0,0,0,0,0
DB3,3,test,5,2358600,0,0,0,0,0,0,0
DB3,3,test,5,2358700,0,10,4,0,0,0,0
DB3,3,test,5,2358800,0,10,0,0,0,0,0
DB3,3,test,5,2358900,0,0,0,0,0,0,0
DB3,3,test,5,2359000,0,0,0,0,0,0,0
DB3,3,test,5,2359100,0,0,0,0,0,0,0
DB3,3,test,5,2359200,0,0,0,0,0,0,0
DB3,3,test,5,2359300,0,0,0,0,0,0,0
DB3,3,test,5,2359400,0,0,0,0,0,0,0
DB3,3,test,5,2359500,0,0,0,0,0,0,0
DB3,3,test,5,2359600,0,0,0,0,0,0,0
DB3,3,test,5,2359700,0,0,0,0,0,0,0
DB3,3,test,6,2362600,0,0,0,0,0,0,0
DB3,3,test,6,2362700,0,0,0,0,0,0,0
DB3,3,test,6,2362800,0,0,0,0,0,0,0
DB3,3,test,6,2362900,0,0,0,0,0,0,0
DB3,3,test,6,2363000,0,0,0,0,0,0,0
DB3,3,test,6,2363100,0,0,0,0,0,0,0
DB3,3,test,6,2363200,0,0,0,0,0,0,0
DB3,3,test,6,2363300,0,0,0,0,0,0,0
DB3,3,test,6,2363400,0,0,0,0,0,0,0
DB3,3,test,6,2363500,0,0,0,0,0,0,0
DB3,3,test,6,2363600,0,0,0,0,0,0,0
DB3,3,test,6,2363700,0,0,0,0,0,0,0
DB3,3,test,6,2363800,0,0,0,0,0,0,0
DB3,3,test,6,2363900,0,0,0,0,0,0,0
DB3,3,test,6,2364000,0,0,0,0,0,0,0
DB3,3,test,6,2364100,0,0,0,0,0,0,0
DB3,3,test,6,2364200,0,0,0,0,0,0,0
DB3,3,test,6,2364300,0,0,0,0,0,0,0
DB3,3,test,6,2364400,0,0,0,0,0,0,0
DB3,3,test,6,2364500,0,0,0,0,0,0,0
DB3,3,test,6,2364600,0,0,0,0,0,0,0
DB3,3,test,6,2364700,0,0,0,0,0,0,0
DB3,3,test,6,2364800,0,0,0,0,0,0,0
DB3,3,test,6,2364900,0,0,0,0,0,0,0
DB3,3,test,6,2365000,0,0,0,0,0,0,0
DB3,3,test,6,2365100,0,0,0,0,0,0,0
DB3,3,test,6,2365200,0,0,0,0,0,0,0
DB3,3,test,6,2365300,0,0,0,0,0,0,0
DB3,3,test,6,2365400,0,0,0,0,0,0,0
DB3,3,test,6,2365500,0,0,0,0,0,0,0
DB3,3,test,6,2365600,0,0,0,0,0,0,0
DB3,3,test,6,2365700,0,0,0,0,0,0,0
DB3,3,test,6,2365800,0,0,0,0,0,0,0
DB3,3,test,6,2365900,0,0,0,0,0,0,0
DB3,3,test,6,2366000,0,0,0,0,0,0,0
DB3,3,test,4,2393600,0,0,0,0,0,0,0
DB3,3,test,4,2393700,0,0,0,0,0,0,0
DB3,3,test,4,2393800,0,0,0,0,0,0,0
DB3,3,test,4,2393900,0,0,0,0,0,0,0
DB3,3,test,4,2394000,0,0,0,0,0,0,0
DB3,3,test,4,2394100,0,0,0,0,0,0,0
DB3,3,test,4,2394200,0,0,0,0,0,0,0
DB3,3,test,4,2394300,0,0,0,0,0,0,0
DB3,3,test,4,2394400,0,0,0,0,0,0,0
DB3,3,test,4,2394500,0,0,0,0,0,0,0
DB3,3,test,4,2394600,0,0,0,0,0,0,0
DB3,3,test,4,2394700,0,0,0,0,0,0,0
DB3,3,test,4,2394800,0,0,0,0,0,0,0
DB3,3,test,4,2394900,0,0,0,0,0,0,0
DB3,3,test,4,2395000,0,0,0,0,0,0,0
DB3,3,test,4,2395100,0,0,0,0,0,0,0
DB3,3,test,4,2395200,0,0,0,0,0,0,0
DB3,3,test,4,2395300,0,0,0,0,0,0,0
DB3,3,test,4,2395400,0,0,0,0,0,0,0
DB3,3,test,4,2395500,0,0,0,0,0,0,0
DB3,3,test,4,2395600,0,0,0,0,0,0,0
DB3,3,test,4,2395700,0,0,0,0,0,0,0
DB3,3,test,4,2395800,0,0,0,0,0,0,0
DB3,3,test,4,2395900,0,0,0,0,0,0,0
DB3,3,test,4,2396000,0,0,0,0,0,0,0
DB3,3,test,4,2396100,0,0,0,0,0,0,0
DB3,3,test,4,2396200,0,0,0,0,0,0,0
DB3,3,test,4,2396300,0,0,0,0,0,0,0
DB3,3,test,4,2396400,0,0,0,0,0,0,0
DB3,3,test,4,2396500,0,0,0,0,0,0,0
DB3,3,test,4,2396600,0,0,0,0,0,0,0
DB3,3,test,4,2396700,0,0,0,0,0,0,0
DB3,3,test,4,2396800,0,0,0,0,0,0,0
DB3,3,test,4,2396900,0,0,0,0,0,0,0
DB3,3,test,4,2397000,0,0,0,0,0,0,0
DB3,3,test,4,2397100,0,0,0,0,0,0,0
DB3,3,test,4,2397200,0,0,0,0,0,0,0
DB3,3,test,4,2397300,0,0,0,0,0,0,0
DB3,3,test,4,2397400,0,0,0,0,0,0,0
DB3,3,test,4,2397500,0,0,0,0,0,0,0
DB3,3,test,4,2397600,0,0,0,0,0,0,0
DB3,3,test,4,2397700,0,0,0,0,0,0,0
DB3,3,test,4,2397800,0,0,0,0,0,0,0
DB3,3,test,4,2397900,0,0,0,0,0,0,0
DB3,3,test,4,2398000,0,0,0,0,0,0,0
DB3,3,test,4,2398100,0,0,0,0,0,0,0
DB3,3,test,4,2398200,0,0,0,0,0,0,0
DB3,3,test,4,2398300,0,0,0,0,0,0,0
DB3,3,test,4,2398400,0,0,0,0,0,0,0
DB3,3,test,4,2398500,0,0,0,0,0,0,0
DB3,3,test,4,2398600,0,0,0,0,0,0,0
DB3,3,test,4,2398700,0,0,0,0,0,0,0
DB3,3,test,4,2398800,0,0,0,0,0,0,0
DB3,3,test,4,2398900,0,0,0,0,0,0,0
DB3,3,test,5,2401300,0,10,10,0,0,0,0
DB3,3,test,5,2401400,0,10,0,0,0,0,0
DB3,3,test,5,2401500,0,0,0,0,0,0,0
DB3,3,test,5,2401600,0,0,0,0,0,0,0
DB3,3,test,5,2401700,0,0,0,0,0,0,0
DB3,3,test,5,2401800,0,0,0,0,0,0,0
DB3,3,test,5,2401900,0,0,0,0,0,0,0
DB3,3,test,5,2402000,0,0,0,0,0,0,0
DB3,3,test,5,2402100,0,0,0,0,0,0,0
DB3,3,test,5,2402200,0,0,0,0,0,0,0
DB3,3,test,5,2402300,0,0,0,0,0,0,0
DB3,3,test,5,2402400,0,0,0,0,0,0,0
DB3,3,test,5,2402500,0,0,0,0,0,0,0
DB3,3,test,5,2402600,0,0,0,0,0,0,0
DB3,3,test,5,2402700,0,0,0,0,0,0,0
DB3,3,test,5,2402800,0,0,0,0,0,0,0
DB3,3,test,5,2402900,0,0,0,0,0,0,0
DB3,3,test,5,2403000,0,0,0,0,0,0,0
DB3,3,test,5,2403100,0,0,0,0,0,0,0
DB3,3,test,5,2403200,0,0,0,0,0,0,0
DB3,3,test,5,2403300,0,0,0,0,0,0,0
DB3,3,test,5,2403400,0,0,0,0,0,0,0
DB3,3,test,5,2403500,0,0,0,0,0,0,0
DB3,3,test,5,2403600,0,0,0,0,0,0,0
DB3,3,test,5,2403700,0,0,0,0,0,0,0
DB3,3,test,5,2403800,0,0,0,0,0,0,0
DB3,3,test,5,2403900,0,0,0,0,0,0,0
DB3,3,test,5,2404000,0,0,0,0,0,0,0
DB3,3,test,5,2404100,0,0,0,0,0,0,0
DB3,3,test,5,2404200,0,0,0,0,0,0,0
DB3,3,test,5,2404300,0,0,0,0,0,0,0
DB3,3,test,5,2404400,0,0,0,0,0,0,0
DB3,3,test,5,2404500,0,0,0,0,0,0,0
DB3,3,test,5,2404600,0,0,0,0,0,0,0
DB3,3,test,5,2404700,0,0,0,0,0,0,0
DB3,3,test,5,2404800,0,0,0,0,0,0,0
DB3,3,test,5,2404900,0,0,0,0,0,0,0
DB3,3,test,5,2405000,0,0,0,0,0,0,0
DB3,3,test,5,2405100,0,0,0,0,0,0,0
DB3,3,test,5,2405200,0,0,0,0,0,0,0
DB3,3,test,5,2405300,0,0,0,0,0,0,0
DB3,3,test,5,2405400,0,0,0,0,0,0,0
DB3,3,test,5,2405500,0,0,0,0,0,0,0
DB3,3,test,5,2405600,0,0,0,0,0,0,0
DB3,3,test,5,2405700,0,0,0,0,0,0,0
DB3,3,test,5,2405800,0,0,0,0,0,0,0
DB3,3,test,5,2405900,0,0,0,0,0,0,0
DB3,3,test,5,2406000,0,0,0,0,0,0,0
DB3,3,test,5,2406100,0,0,0,0,0,0,0
DB3,3,test,5,2406200,0,0,0,0,0,0,0
DB3,3,test,5,2406300,0,0,0,0,0,0,0
DB3,3,test,5,2406400,0,0,0,0,0,0,0
DB3,3,test,5,2406500,0,0,0,0,0,0,0
DB3,3,test,5,2406600,0,0,0,0,0,0,0
DB3,3,test,5,2406700,0,0,0,0,0,0,0
DB3,3,test,5,2406800,0,0,0,0,0,0,0
DB3,3,test,5,2406900,0,0,0,0,0,0,0
DB3,3,test,5,2407000,0,10,10,0,0,0,0
DB3,3,test,6,2409200,0,10,0,10,0,0,0
DB3,3,test,6,2409300,0,11,0,0,0,0,0
DB3,3,test,6,2409400,0,0,0,0,0,0,0
DB3,3,test,6,2409500,0,10,0,10,0,0,0
DB3,3,test,6,2409600,0,10,0,9,0,0,0
DB3,3,test,6,2409700,0,0,0,0,0,0,0
DB3,3,test,6,2409800,0,0,0,0,0,0,0
DB3,3,test,6,2409900,0,0,0,0,0,0,0
DB3,3,test,6,2410000,0,0,0,0,0,0,0
DB3,3,test,6,2410100,0,0,0,0,0,0,0
DB3,3,test,6,2410200,0,0,0,0,0,0,0
DB3,3,test,6,2410300,0,0,0,0,0,0,0
DB3,3,test,6,2410400,0,0,0,0,0,0,0
DB3,3,test,6,2410500,0,0,0,0,0,0,0
DB3,3,test,6,2410600,0,0,0,0,0,0,0
DB3,3,test,6,2410700,0,0,0,0,0,0,0
DB3,3,test,6,2410800,0,0,0,0,0,0,0
DB3,3,test,6,2410900,0,0,0,0,0,0,0
DB3,3,test,6,2411000,0,0,0,0,0,0,0
DB3,3,test,6,2411100,0,0,0,0,0,0,0
DB3,3,test,6,2411200,0,0,0,0,0,0,0
DB3,3,test,6,2411300,0,0,0,0,0,0,0
DB3,3,test,6,2411400,0,0,0,0,0,0,0
DB3,3,test,6,2411500,0,0,0,0,0,0,0
DB3,3,test,6,2411600,0,0,0,0,0,0,0
DB3,3,test,6,2411700,0,0,0,0,0,0,0
DB3,3,test,6,2411800,0,0,0,0,0,0,0
DB3,3,test,6,2411900,0,0,0,0,0,0,0
DB3,3,test,6,2412000,0,0,0,0,0,0,0
DB3,3,test,6,2412100,0,0,0,0,0,0,0
DB3,3,test,6,2412200,0,0,0,0,0,0,0
DB3,3,test,6,2412300,0,0,0,0,0,0,0
DB3,3,test,6,2412400,0,0,0,0,0,0,0
DB3,3,test,6,2412500,0,0,0,0,0,0,0
DB3,3,test,6,2412600,0,0,0,0,0,0,0
DB3,3,test,6,2412700,0,0,0,0,0,0,0
DB3,3,test,6,2412800,0,0,0,0,0,0,0
DB3,3,test,6,2412900,0,0,0,0,0,0,0
DB3,3,test,6,2413000,0,0,0,0,0,0,0
DB3,3,test,6,2413100,0,0,0,0,0,0,0
DB3,3,test,6,2413200,0,0,0,0,0,0,0
DB3,3,test,6,2413300,0,0,0,0,0,0,0
DB3,3,test,6,2413400,0,0,0,0,0,0,0
DB3,3,test,6,2413500,0,0,0,0,0,0,0
DB3,3,test,6,2413600,0,0,0,0,0,0,0
DB3,3,test,6,2413700,0,0,0,0,0,0,0
DB3,3,test,6,2413800,0,0,0,0,0,0,0
DB3,3,test,6,2413900,0,0,0,0,0,0,0
DB3,3,test,6,2414000,0,0,0,0,0,0,0
DB3,3,test,6,2414100,0,0,0,0,0,0,0
DB3,3,test,6,2414200,0,0,0,0,0,0,0
DB3,3,test,6,2414300,0,0,0,0,0,0,0
DB3,3,test,6,2414400,0,0,0,0,0,0,0
DB3,3,test,6,2414500,0,0,0,0,0,0,0
DB3,3,test,6,2414600,0,0,0,0,0,0,0
DB3,3,test,6,2414700,0,0,0,0,0,0,0
DB3,3,test,6,2414800,0,0,0,0,0,0,0
DB3,3,test,6,2414900,0,0,0,0,0,0,0
DB3,3,test,4,2441700,0,11,0,0,0,0,0
DB3,3,test,4,2441800,0,0,0,0,0,0,0
DB3,3,test,4,2441900,0,0,0,0,0,0,0
DB3,3,test,4,2442000,0,10,0,0,0,0,0
DB3,3,test,4,2442100,0,0,0,0,0,0,0
DB3,3,test,4,2442200,0,0,0,0,0,0,0
DB3,3,test,4,2442300,0,0,0,0,0,0,0
DB3,3,test,4,2442400,0,0,0,0,0,0,0
DB3,3,test,4,2442500,0,0,0,0,0,0,0
DB3,3,test,4,2442600,0,0,0,0,0,0,0
DB3,3,test,4,2442700,0,0,0,0,0,0,0
DB3,3,test,4,2442800,0,0,0,0,0,0,0
DB3,3,test,4,2442900,0,0,0,0,0,0,0
DB3,3,test,4,2443000,0,0,0,0,0,0,0
DB3,3,test,4,2443100,0,0,0,0,0,0,0
DB3,3,test,4,2443200,0,0,0,0,0,0,0
DB3,3,test,4,2443300,0,0,0,0,0,0,0
DB3,3,test,4,2443400,0,0,0,0,0,0,0
DB3,3,test,4,2443500,0,0,0,0,0,0,0
DB3,3,test,4,2443600,0,0,0,0,0,0,0
DB3,3,test,4,2443700,0,0,0,0,0,0,0
DB3,3,test,4,2443800,0,0,0,0,0,0,0
DB3,3,test,4,2443900,0,0,0,0,0,0,0
DB3,3,test,4,2444000,0,0,0,0,0,0,0
DB3,3,test,4,2444100,0,0,0,0,0,0,0
DB3,3,test,4,2444200,0,0,0,0,0,0,0
DB3,3,test,4,2444300,0,0,0,0,0,0,0
DB3,3,test,4,2444400,0,0,0,0,0,0,0
DB3,3,test,4,2444500,0,0,0,0,0,0,0
DB3,3,test,4,2444600,0,0,0,0,0,0,0
DB3,3,test,4,2444700,0,0,0,0,0,0,0
DB3,3,test,4,2444800,0,0,0,0,0,0,0
DB3,3,test,4,2444900,0,0,0,0,0,0,0
DB3,3,test,4,2445000,0,0,0,0,0,0,0
DB3,3,test,4,2445100,0,0,0,0,0,0,0
DB3,3,test,4,2445200,0,0,0,0,0,0,0
DB3,3,test,4,2445300,0,0,0,0,0,0,0
DB3,3,test,4,2445400,0,0,0,0,0,0,0
DB3,3,test,4,2445500,0,0,0,0,0,0,0
DB3,3,test,4,2445600,0,0,0,0,0,0,0
DB3,3,test,4,2445700,0,0,0,0,0,0,0
DB3,3,test,4,2445800,0,0,0,0,0,0,0
DB3,3,test,4,2445900,0,0,0,0,0,0,0
DB3,3,test,4,2446000,0,0,0,0,0,0,0
DB3,3,test,4,2446100,0,0,0,0,0,0,0
DB3,3,test,4,2446200,0,0,0,0,0,0,0
DB3,3,test,4,2446300,0,0,0,0,0,0,0
DB3,3,test,4,2446400,0,0,0,0,0,0,0
DB3,3,test,4,2446500,0,0,0,0,0,0,0
DB3,3,test,4,2446600,0,0,0,0,0,0,0
DB3,3,test,4,2446700,0,0,0,0,0,0,0
DB3,3,test,4,2446800,0,0,0,0,0,0,0
DB3,3,test,4,2446900,0,0,0,0,0,0,0
DB3,3,test,4,2447000,0,0,0,0,0,0,0
DB3,3,test,4,2447100,0,0,0,0,0,0,0
DB3,3,test,4,2447200,0,0,0,0,0,0,0
DB3,3,test,4,2447300,0,0,0,0,0,0,0
DB3,3,test,5,2449900,0,0,0,0,0,0,0
DB3,3,test,5,2450000,0,0,0,0,0,0,0
DB3,3,test,5,2450100,0,0,0,0,0,0,0
DB3,3,test,5,2450200,0,0,0,0,0,0,0
DB3,3,test,5,2450300,0,0,0,0,0,0,0
DB3,3,test,5,2450400,0,0,0,0,0,0,0
DB3,3,test,5,2450500,0,0,0,0,0,0,0
DB3,3,test,5,2450600,0,0,0,0,0,0,0
DB3,3,test,5,2450700,0,0,0,0,0,0,0
DB3,3,test,5,2450800,0,0,0,0,0,0,0
DB3,3,test,5,2450900,0,0,0,0,0,0,0
DB3,3,test,5,2451000,0,0,0,0,0,0,0
DB3,3,test,5,2451100,0,0,0,0,0,0,0
DB3,3,test,5,2451200,0,0,0,0,0,0,0
DB3,3,test,5,2451300,0,0,0,0,0,0,0
DB3,3,test,5,2451400,0,0,0,0,0,0,0
DB3,3,test,5,2451500,0,0,0,0,0,0,0
DB3,3,test,5,2451600,0,0,0,0,0,0,0
DB3,3,test,5,2451700,0,0,0,0,0,0,0
DB3,3,test,5,2451800,0,0,0,0,0,0,0
DB3,3,test,5,2451900,0,0,0,0,0,0,0
DB3,3,test,5,2452000,0,0,0,0,0,0,0
DB3,3,test,5,2452100,0,0,0,0,0,0,0
DB3,3,test,5,2452200,0,0,0,0,0,0,0
DB3,3,test,5,2452300,0,0,0,0,0,0,0
DB3,3,test,5,2452400,0,0,0,0,0,0,0
DB3,3,test,5,2452500,0,0,0,0,0,0,0
DB3,3,test,5,2452600,0,0,0,0,0,0,0
DB3,3,test,5,2452700,0,0,0,0,0,0,0
DB3,3,test,5,2452800,0,0,0,0,0,0,0
DB3,3,test,5,2452900,0,0,0,0,0,0,0
DB3,3,test,5,2453000,0,0,0,0,0,0,0
DB3,3,test,5,2453100,0,0,0,0,0,0,0
DB3,3,test,5,2453200,0,0,0,0,0,0,0
DB3,3,test,5,2453300,0,0,0,0,0,0,0
DB3,3,test,5,2453400,0,0,0,0,0,0,0
DB3,3,test,5,2453500,0,0,0,0,0,0,0
DB3,3,test,5,2453600,0,0,0,0,0,0,0
DB3,3,test,5,2453700,0,0,0,0,0,0,0
DB3,3,test,5,2453800,0,0,0,0,0,0,0
DB3,3,test,5,2453900,0,0,0,0,0,0,0
DB3,3,test,5,2454000,0,0,0,0,0,0,0
DB3,3,test,5,2454100,0,0,0,0,0,0,0
DB3,3,test,5,2454200,0,0,0,0,0,0,0
DB3,3,test,5,2454300,0,0,0,0,0,0,0
DB3,3,test,5,2454400,0,0,0,0,0,0,0
DB3,3,test,5,2454500,0,0,0,0,0,0,0
DB3,3,test,5,2454600,0,0,0,0,0,0,0
DB3,3,test,5,2454700,0,0,0,0,0,0,0
DB3,3,test,5,2454800,0,0,0,0,0,0,0
DB3,3,test,5,2454900,0,0,0,0,0,0,0
DB3,3,test,5,2455000,0,0,0,0,0,0,0
DB3,3,test,5,2455100,0,0,0,0,0,0,0
DB3,3,test,5,2455200,0,0,0,0,0,0,0
DB3,3,test,5,2455300,0,0,0,0,0,0,0
DB3,3,test,6,2457700,0,10,10,0,0,0,0
DB3,3,test,6,2457800,0,10,10,10,0,0,0
DB3,3,test,6,2457900,0,10,10,10,0,0,0
DB3,3,test,6,2458000,0,0,0,10,0,0,0
DB3,3,test,6,2458100,0,0,0,0,0,0,0
DB3,3,test,6,2458200,0,0,0,0,0,0,0
DB3,3,test,6,2458300,0,0,0,0,0,0,0
DB3,3,test,6,2458400,0,0,0,0,0,0,0
DB3,3,test,6,2458500,0,0,0,0,0,0,0
DB3,3,test,6,2458600,0,0,0,0,0,0,0
DB3,3,test,6,2458700,0,0,0,0,0,0,0
DB3,3,test,6,2458800,0,0,0,0,0,0,0
DB3,3,test,6,2458900,0,0,0,0,0,0,0
DB3,3,test,6,2459000,0,0,0,0,0,0,0
DB3,3,test,6,2459100,0,0,0,0,0,0,0
DB3,3,test,6,2459200,0,0,0,0,0,0,0
DB3,3,test,6,2459300,0,0,0,0,0,0,0
DB3,3,test,6,2459400,0,0,0,0,0,0,0
DB3,3,test,6,2459500,0,0,0,0,0,0,0
DB3,3,test,6,2459600,0,0,0,0,0,0,0
DB3,3,test,6,2459700,0,0,0,0,0,0,0
DB3,3,test,6,2459800,0,0,0,0,0,0,0
DB3,3,test,6,2459900,0,0,0,0,0,0,0
DB3,3,test,6,2460000,0,0,0,0,0,0,0
DB3,3,test,6,2460100,0,0,0,0,0,0,0
DB3,3,test,6,2460200,0,0,0,0,0,0,0
DB3,3,test,6,2460300,0,0,0,0,0,0,0
DB3,3,test,6,2460400,0,0,0,0,0,0,0
DB3,3,test,6,2460500,0,0,0,0,0,0,0
DB3,3,test,6,2460600,0,0,0,0,0,0,0
DB3,3,test,6,2460700,0,0,0,0,0,0,0
DB3,3,test,6,2460800,0,0,0,0,0,0,0
DB3,3,test,6,2460900,0,0,0,0,0,0,0
DB3,3,test,6,2461000,0,0,0,0,0,0,0
DB3,3,test,6,2461100,0,0,0,0,0,0,0
DB3,3,test,6,2461200,0,0,0,0,0,0,0
DB3,3,test,6,2461300,0,0,0,0,0,0,0
DB3,3,test,6,2461400,0,0,0,0,0,0,0
DB3,3,test,6,2461500,0,0,0,0,0,0,0
DB3,3,test,6,2461600,0,0,0,0,0,0,0
DB3,3,test,6,2461700,0,0,0,0,0,0,0
DB3,3,test,6,2461800,0,0,0,0,0,0,0
DB3,3,test,6,2461900,0,0,0,0,0,0,0
DB3,3,test,6,2462000,0,0,0,0,0,0,0
DB3,3,test,6,2462100,0,0,0,0,0,0,0
DB3,3,test,6,2462200,0,0,0,0,0,0,0
DB3,3,test,6,2462300,0,0,0,0,0,0,0
DB3,3,test,6,2462400,0,0,0,0,0,0,0
DB3,3,test,6,2462500,0,0,0,0,0,0,0
DB3,3,test,6,2462600,0,0,0,0,0,0,0
DB3,3,test,6,2462700,0,0,0,0,0,0,0
DB3,3,test,6,2462800,0,0,0,0,0,0,0
DB3,3,test,6,2462900,0,0,0,0,0,0,0
DB3,3,test,6,2463000,0,0,0,0,0,0,0
DB3,3,test,6,2463100,0,0,0,0,0,0,0
DB3,3,test,6,2463200,0,0,0,0,0,0,0
DB3,3,test,6,2463300,0,0,0,0,0,0,0
DB3,3,test,6,2463400,0,0,0,0,0,0,0
DB3,3,test,6,2463500,0,0,0,0,0,0,0
DB3,3,test,6,2463600,0,0,0,0,0,0,0
DB3,3,test,4,2492300,0,11,11,0,0,11,0
DB3,3,test,4,2492400,0,4,11,0,0,11,0
DB3,3,test,4,2492500,0,11,11,0,0,11,0
DB3,3,test,4,2492600,0,11,11,0,0,11,0
DB3,3,test,4,2492700,0,4,11,0,0,11,0
DB3,3,test,4,2492800,0,4,11,0,0,11,0
DB3,3,test,4,2492900,0,5,11,5,0,11,0
DB3,3,test,4,2493000,0,9,11,5,0,11,0
DB3,3,test,4,2493100,0,8,11,0,0,0,0
DB3,3,test,4,2493200,0,9,11,0,0,0,0
DB3,3,test,4,2493300,0,9,11,7,0,11,0
DB3,3,test,4,2493400,0,11,11,0,0,11,0
DB3,3,test,4,2493500,0,11,11,0,7,11,0
DB3,3,test,4,2493600,0,11,11,7,0,11,0
DB3,3,test,4,2493700,0,11,11,7,0,11,0
DB3,3,test,4,2493800,0,11,11,0,0,11,0
DB3,3,test,4,2493900,0,11,11,0,0,11,0
DB3,3,test,4,2494000,0,4,11,0,0,0,0
DB3,3,test,4,2494100,0,11,11,0,0,0,0
DB3,3,test,4,2494200,0,11,0,0,0,0,0
DB3,3,test,4,2494300,0,11,11,0,0,0,0
DB3,3,test,4,2494400,0,11,11,0,0,11,0
DB3,3,test,4,2494500,0,5,4,0,0,0,0
DB3,3,test,4,2494600,0,11,11,0,0,0,0
DB3,3,test,4,2494700,0,11,11,7,0,0,0
DB3,3,test,4,2494800,0,10,0,7,7,0,0
DB3,3,test,4,2494900,0,10,0,0,0,0,0
DB3,3,test,4,2495000,0,10,7,0,0,0,0
DB3,3,test,4,2495100,0,4,0,5,0,0,0
DB3,3,test,4,2495200,0,10,11,7,7,0,0
DB3,3,test,4,2495300,0,10,11,7,7,0,0
DB3,3,test,4,2495400,0,10,11,7,7,0,0
DB3,3,test,4,2495500,0,10,8,7,7,0,0
DB3,3,test,4,2495600,0,10,8,7,7,0,0
DB3,3,test,4,2495700,0,11,11,7,7,0,0
DB3,3,test,4,2495800,0,11,11,7,7,9,0
DB3,3,test,4,2495900,0,11,11,7,7,0,0
DB3,3,test,4,2496000,0,10,11,7,7,0,0
DB3,3,test,4,2496100,0,11,11,7,7,9,0
DB3,3,test,4,2496200,0,11,11,7,7,9,0
DB3,3,test,4,2496300,0,10,11,7,7,0,0
DB3,3,test,4,2496400,0,10,11,7,0,0,0
DB3,3,test,4,2496500,0,10,11,7,7,0,0
DB3,3,test,4,2496600,0,10,11,7,7,0,0
DB3,3,test,4,2496700,0,10,7,7,7,0,0
DB3,3,test,4,2496800,0,11,11,7,7,0,0
DB3,3,test,4,2496900,0,10,11,7,7,0,0
DB3,3,test,4,2497000,0,10,11,7,7,0,0
DB3,3,test,4,2497100,0,11,11,7,7,9,0
DB3,3,test,4,2497200,0,11,11,7,7,0,0
DB3,3,test,4,2497300,0,10,11,7,7,0,0
DB3,3,test,4,2497400,0,11,10,7,7,0,0
DB3,3,test,4,2497500,0,4,10,0,7,0,0
DB3,3,test,4,2497600,0,4,10,0,7,0,0
DB3,3,test,4,2497700,0,4,0,0,8,0,0
DB3,3,test,4,2497800,0,5,0,0,8,0,0
DB3,3,test,4,2497900,0,8,0,0,8,0,0
DB3,3,test,4,2498000,0,5,8,7,7,0,0
DB3,3,test,4,2498100,0,10,8,7,7,0,0
DB3,3,test,4,2498200,0,10,11,7,7,0,0
DB3,3,test,4,2498300,0,11,11,7,7,0,0
DB3,3,test,5,2501400,0,4,2,7,0,11,0
DB3,3,test,5,2501500,0,4,11,5,0,11,0
DB3,3,test,5,2501600,0,4,11,0,0,11,0
DB3,3,test,5,2501700,0,4,11,5,0,11,0
DB3,3,test,5,2501800,0,4,11,5,5,11,0
DB3,3,test,5,2501900,0,4,11,5,5,11,0
DB3,3,test,5,2502000,0,4,11,5,5,11,0
DB3,3,test,5,2502100,0,4,11,7,7,11,0
DB3,3,test,5,2502200,0,4,11,5,5,0,0
DB3,3,test,5,2502300,0,4,11,5,5,0,0
DB3,3,test,5,2502400,0,4,11,5,5,11,0
DB3,3,test,5,2502500,0,4,11,5,5,11,0
DB3,3,test,5,2502600,0,4,11,5,5,0,0
DB3,3,test,5,2502700,0,4,0,8,8,0,0
DB3,3,test,5,2502800,0,4,0,5,5,0,0
DB3,3,test,5,2502900,0,4,0,5,5,0,0
DB3,3,test,5,2503000,0,8,0,5,5,0,0
DB3,3,test,5,2503100,0,8,0,0,8,0,0
DB3,3,test,5,2503200,0,4,0,0,8,0,0
DB3,3,test,5,2503300,0,4,11,7,7,0,0
DB3,3,test,5,2503400,0,4,11,7,7,11,0
DB3,3,test,5,2503500,0,8,0,5,5,0,0
DB3,3,test,5,2503600,0,8,7,5,0,7,0
DB3,3,test,5,2503700,0,4,7,5,0,0,0
DB3,3,test,5,2503800,0,4,2,5,0,0,0
DB3,3,test,5,2503900,0,8,2,0,0,0,0
DB3,3,test,5,2504000,0,8,7,0,0,0,0
DB3,3,test,5,2504100,0,8,0,0,0,0,0
DB3,3,test,5,2504200,0,8,0,0,0,0,0
DB3,3,test,5,2504300,0,8,0,0,4,0,0
DB3,3,test,5,2504400,0,8,4,4,4,7,0
DB3,3,test,5,2504500,0,10,8,0,10,0,0
DB3,3,test,5,2504600,0,10,0,0,10,0,0
DB3,3,test,5,2504700,0,8,0,0,10,0,0
DB3,3,test,5,2504800,0,10,0,0,10,0,0
DB3,3,test,5,2504900,0,10,8,0,10,0,0
DB3,3,test,5,2505000,0,11,2,0,0,0,0
DB3,3,test,5,2505100,0,11,0,0,0,0,0
DB3,3,test,5,2505200,0,11,0,0,0,0,0
DB3,3,test,5,2505300,0,11,0,0,0,0,0
DB3,3,test,5,2505400,0,11,0,0,0,0,0
DB3,3,test,5,2505500,0,11,0,0,0,0,0
DB3,3,test,5,2505600,0,11,0,1,0,0,0
DB3,3,test,5,2505700,0,11,0,1,0,0,0
DB3,3,test,5,2505800,0,11,0,0,0,0,0
DB3,3,test,5,2505900,0,8,0,0,4,0,0
DB3,3,test,5,2506000,0,8,0,4,4,0,0
DB3,3,test,5,2506100,0,8,0,4,4,0,0
DB3,3,test,5,2506200,0,8,0,4,4,0,0
DB3,3,test,5,2506300,0,8,0,0,4,0,0
DB3,3,test,5,2506400,0,8,0,5,5,0,0
DB3,3,test,5,2506500,0,4,0,5,5,0,0
DB3,3,test,5,2506600,0,4,0,0,5,0,0
DB3,3,test,5,2506700,0,4,0,0,5,0,0
DB3,3,test,5,2506800,0,4,10,0,10,0,0
DB3,3,test,5,2506900,0,4,10,0,8,0,0
DB3,3,test,5,2507000,0,8,0,0,8,0,0
DB3,3,test,5,2507100,0,8,0,0,10,0,0
DB3,3,test,5,2507200,0,8,8,0,10,0,0
DB3,3,test,5,2507300,0,8,0,4,4,0,0
DB3,3,test,6,2509500,0,8,2,0,10,7,0
DB3,3,test,6,2509600,0,8,2,4,4,2,0
DB3,3,test,6,2509700,0,8,2,4,4,7,0
DB3,3,test,6,2509800,0,8,2,4,4,7,0
DB3,3,test,6,2509900,0,8,2,4,4,7,0
DB3,3,test,6,2510000,0,8,2,4,4,7,0
DB3,3,test,6,2510100,0,8,2,4,4,7,0
DB3,3,test,6,2510200,0,8,2,4,4,7,0
DB3,3,test,6,2510300,0,8,2,4,4,7,0
DB3,3,test,6,2510400,0,8,2,5,5,7,0
DB3,3,test,6,2510500,0,8,10,5,5,7,0
DB3,3,test,6,2510600,0,8,2,5,5,7,0
DB3,3,test,6,2510700,0,8,2,1,1,2,0
DB3,3,test,6,2510800,0,8,2,1,1,2,11
DB3,3,test,6,2510900,0,8,2,5,5,6,11
DB3,3,test,6,2511000,0,11,11,5,5,11,11
DB3,3,test,6,2511100,0,4,11,5,5,11,0
DB3,3,test,6,2511200,0,4,2,5,5,2,0
DB3,3,test,6,2511300,0,2,2,5,5,2,0
DB3,3,test,4,2539700,0,8,1,0,0,7,0
DB3,3,test,4,2539800,0,8,3,0,0,7,0
DB3,3,test,4,2539900,0,8,1,0,0,7,0
DB3,3,test,4,2540000,0,8,3,0,0,7,0
DB3,3,test,4,2540100,0,8,3,0,0,7,0
DB3,3,test,4,2540200,0,8,3,7,0,7,0
DB3,3,test,4,2540300,0,8,7,0,0,7,0
DB3,3,test,4,2540400,0,8,3,0,0,7,0
DB3,3,test,4,2540500,0,8,3,0,0,7,0
DB3,3,test,4,2540600,0,5,0,0,0,0,0
DB3,3,test,4,2540700,0,4,0,0,0,0,0
DB3,3,test,4,2540800,0,4,0,0,0,0,0
DB3,3,test,4,2540900,0,5,0,0,0,0,0
DB3,3,test,4,2541000,0,4,10,0,0,0,0
DB3,3,test,4,2541100,0,4,10,0,0,0,0
DB3,3,test,4,2541200,0,5,0,0,0,0,0
DB3,3,test,4,2541300,0,8,7,7,0,7,0
DB3,3,test,4,2541400,0,3,3,7,0,7,0
DB3,3,test,4,2541500,0,4,7,7,0,7,0
DB3,3,test,4,2541600,0,7,3,0,0,1,0
DB3,3,test,4,2541700,0,7,3,0,0,1,0
DB3,3,test,4,2541800,0,5,3,0,0,0,0
DB3,3,test,4,2541900,0,8,3,7,0,0,0
DB3,3,test,4,2542000,0,8,3,7,0,0,0
DB3,3,test,4,2542100,0,8,3,7,0,7,0
DB3,3,test,4,2542200,0,10,7,0,0,7,0
DB3,3,test,4,2542300,0,10,8,0,0,0,0
DB3,3,test,4,2542400,0,10,8,0,0,0,0
DB3,3,test,4,2542500,0,10,8,7,0,0,0
DB3,3,test,4,2542600,0,10,8,7,0,0,0
DB3,3,test,4,2542700,0,10,8,0,0,0,0
DB3,3,test,4,2542800,0,10,8,7,0,0,0
DB3,3,test,4,2542900,0,10,11,7,0,9,0
DB3,3,test,4,2543000,0,11,11,7,0,9,0
DB3,3,test,4,2543100,0,11,11,7,0,9,0
DB3,3,test,4,2543200,0,10,8,7,0,9,0
DB3,3,test,4,2543300,0,10,0,0,0,0,0
DB3,3,test,4,2543400,0,10,10,0,0,0,0
DB3,3,test,4,2543500,0,10,10,7,0,0,0
DB3,3,test,4,2543600,0,5,10,0,0,0,0
DB3,3,test,4,2543700,0,5,7,0,0,0,0
DB3,3,test,5,2548600,0,4,2,0,10,0,0
DB3,3,test,5,2548700,0,4,2,0,0,0,0
DB3,3,test,5,2548800,0,8,7,0,0,0,0
DB3,3,test,5,2548900,0,8,3,7,0,7,0
DB3,3,test,5,2549000,0,2,3,7,0,7,0
DB3,3,test,5,2549100,0,5,3,7,0,7,0
DB3,3,test,5,2549200,0,4,0,0,0,0,0
DB3,3,test,5,2549300,0,4,7,0,0,0,0
DB3,3,test,5,2549400,0,4,7,0,0,7,0
DB3,3,test,5,2549500,0,2,2,7,0,7,0
DB3,3,test,5,2549600,0,2,1,7,0,7,0
DB3,3,test,5,2549700,0,2,3,7,0,7,0
DB3,3,test,5,2549800,0,5,3,0,0,7,0
DB3,3,test,5,2549900,0,4,3,0,0,7,0
DB3,3,test,5,2550000,0,5,3,0,0,7,0
DB3,3,test,5,2550100,0,5,1,0,0,1,0
DB3,3,test,5,2550200,0,7,1,0,0,3,0
DB3,3,test,5,2550300,0,7,11,0,0,9,0
DB3,3,test,5,2550400,0,7,3,0,0,4,0
DB3,3,test,5,2550500,0,4,3,7,0,7,0
DB3,3,test,5,2550600,0,1,3,7,0,7,0
DB3,3,test,5,2550700,0,5,4,0,0,4,0
DB3,3,test,5,2550800,0,1,4,0,0,4,0
DB3,3,test,5,2550900,0,5,3,0,0,7,0
DB3,3,test,5,2551000,0,4,10,0,0,7,0
DB3,3,test,5,2551100,0,4,10,0,0,0,0
DB3,3,test,5,2551200,0,4,7,0,0,0,0
DB3,3,test,5,2551300,0,5,7,0,0,0,0
DB3,3,test,5,2551400,0,5,7,0,0,4,0
DB3,3,test,5,2551500,0,5,7,0,0,4,0
DB3,3,test,5,2551600,0,5,7,0,0,4,0
DB3,3,test,5,2551700,0,5,7,0,0,0,0
DB3,3,test,5,2551800,0,5,7,0,0,4,0
DB3,3,test,6,2556100,0,10,8,0,10,9,11
DB3,3,test,6,2556200,0,10,3,0,10,4,11
DB3,3,test,6,2556300,0,5,7,0,0,4,0
DB3,3,test,6,2556400,0,5,7,0,0,7,0
DB3,3,test,6,2556500,0,8,3,7,0,7,0
DB3,3,test,6,2556600,0,8,3,0,0,1,0
DB3,3,test,6,2556700,0,5,3,7,0,7,0
DB3,3,test,6,2556800,0,8,7,7,0,7,0
DB3,3,test,6,2556900,0,7,1,0,0,7,0
DB3,3,test,6,2557000,0,7,1,0,0,5,0
DB3,3,test,6,2557100,0,7,1,0,0,4,0
DB3,3,test,6,2557200,0,6,2,7,0,0,0
DB3,3,test,6,2557300,0,8,2,7,0,0,0
DB3,3,test,6,2557400,0,8,2,7,0,0,0
DB3,3,test,6,2557500,0,8,2,7,7,0,0
DB3,3,test,6,2557600,0,8,2,7,0,0,0
DB3,3,test,6,2557700,0,8,2,7,0,0,0
DB3,3,test,6,2557800,0,4,2,7,7,0,0
DB3,3,test,6,2557900,0,4,7,0,0,0,0
DB3,3,test,6,2558000,0,10,11,0,0,9,0
DB3,3,test,6,2558100,0,10,8,0,0,9,0
DB3,3,test,6,2558200,0,8,1,0,0,7,0
DB3,3,test,6,2558300,0,2,3,7,0,7,0
DB3,3,test,6,2558400,0,10,8,0,0,6,0
DB3,3,test,6,2558500,0,10,11,0,0,0,0
DB3,3,test,6,2558600,0,10,11,0,0,0,0
DB3,3,test,6,2558700,0,10,11,0,0,0,0
DB3,3,test,6,2558800,0,11,11,0,0,9,0
DB3,3,test,6,2558900,0,11,11,0,0,0,0
DB3,3,test,6,2559000,0,11,11,0,0,0,0
DB3,3,test,6,2559100,0,11,11,0,0,0,0
DB3,3,test,6,2559200,0,11,11,0,0,0,0
DB3,3,test,6,2559300,0,11,11,0,0,0,0
DB3,3,test,6,2559400,0,10,11,0,0,0,0
DB3,3,test,6,2559500,0,10,11,0,0,0,0
DB3,3,test,6,2559600,0,10,11,0,0,0,0
DB3,3,test,6,2559700,0,10,11,0,0,0,0
DB3,3,test,6,2559800,0,10,11,0,0,0,0
DB3,3,test,6,2559900,0,11,11,0,0,0,0
DB3,3,test,6,2560000,0,11,11,0,0,0,0
DB3,3,test,6,2560100,0,11,11,0,0,0,0
